Loyalty Number,months_with_flights,total_flights,total_distance,total_pts_acc,total_pts_red
100018,18,46,81190,81190.0,1513
100102,17,51,68918,68918.0,1195
100140,17,47,72856,72856.0,593
100214,9,22,38236,38236.0,861
100272,13,37,54997,54997.0,1007
100301,16,41,62849,62849.0,1381
100364,12,33,45955,45955.0,559
100380,15,33,55270,55270.0,1142
100428,14,35,58281,58281.0,1658
100504,6,19,27837,27837.0,0
100550,16,42,51687,51687.0,1114
100585,14,41,68112,68112.0,2397
100590,3,28,30948,46422.0,512
100642,15,36,53386,53386.0,502
100644,12,29,45939,45939.0,2277
100646,13,30,41715,41715.0,559
100727,16,48,75593,75593.0,1570
100737,15,47,66830,66830.0,2357
100753,16,51,64171,64171.0,750
100816,14,31,47653,47653.0,0
100853,13,39,47403,47403.0,579
100883,12,34,53659,53659.0,0
100890,13,27,39394,39394.0,1612
101018,16,41,71919,71919.0,1186
101148,11,30,47570,47570.0,714
101356,0,0,0,0.0,0
101363,11,31,50697,50697.0,1760
101487,20,56,72589,72589.0,2912
101515,12,29,50433,50433.0,2043
101540,12,30,49094,49094.0,931
101544,15,40,61432,61432.0,1722
101547,7,17,32918,32918.0,576
101581,14,36,49542,49542.0,1104
101594,16,43,58229,58229.0,1319
101644,1,2,2974,2974.0,0
101663,15,41,60109,60109.0,961
101664,14,29,40987,40987.0,0
101709,16,38,59596,59596.0,456
101768,1,1,1733,1733.0,0
101876,5,12,18264,18264.0,1187
101895,13,27,47305,47305.0,0
101902,31,77,131909,131909.0,1302
101945,16,39,63004,63004.0,1219
102168,8,25,40495,40495.0,0
102184,16,45,69058,69058.0,0
102207,10,25,37889,37889.0,0
102299,16,48,59570,59570.0,0
102308,0,0,0,0.0,0
102311,16,51,83581,83581.0,1396
102376,6,73,79580,119370.0,556
102464,8,14,17067,17067.0,761
102615,1,2,4556,4556.0,0
102726,8,21,25020,25020.0,1426
102730,9,27,41890,41890.0,0
102740,2,5,8927,8927.0,0
102788,8,84,135657,203485.5,0
102851,16,39,53975,53975.0,1247
102877,14,45,75358,75358.0,908
102982,10,29,34835,34835.0,0
103043,16,43,66356,66356.0,449
103151,15,31,52486,52486.0,912
103217,11,36,56399,56399.0,0
103304,17,37,62563,62563.0,947
103340,13,44,62122,62122.0,0
103352,0,0,0,0.0,0
103359,18,53,82249,82249.0,564
103362,1,3,4485,4485.0,0
103383,0,0,0,0.0,0
103436,17,49,86455,86455.0,902
103490,16,45,74308,74308.0,0
103502,8,18,30244,30244.0,344
103536,19,59,80954,80954.0,539
103699,8,24,36719,36719.0,0
103731,13,33,53860,53860.0,489
103758,5,18,27295,27295.0,0
103823,16,42,57809,57809.0,1014
103860,17,40,65428,65428.0,1794
103862,14,37,69191,69191.0,2686
103916,13,36,54436,54436.0,892
103969,14,33,46744,46744.0,1131
103970,17,45,56234,56234.0,0
103975,4,15,18061,18061.0,1102
103985,3,4,6269,6269.0,0
104103,12,32,40470,40470.0,742
104267,5,38,61606,92409.0,0
104353,16,42,73980,73980.0,526
104431,14,43,77644,77644.0,1771
104541,16,34,40283,40283.0,1472
104586,13,40,65640,65640.0,473
104673,16,48,64770,64770.0,546
104732,12,37,54081,54081.0,403
104739,0,0,0,0.0,0
104849,16,35,53641,53641.0,363
104960,9,32,48555,48555.0,589
105063,4,27,40695,61042.5,0
105073,7,52,43874,65811.0,0
105074,17,46,66078,66078.0,1567
105145,0,0,0,0.0,0
105193,1,3,6621,6621.0,0
105214,14,35,52473,52473.0,1847
105251,3,10,20733,20733.0,0
105335,13,36,62882,62882.0,2193
105352,0,0,0,0.0,0
105552,11,30,58554,58554.0,819
105688,17,45,71537,71537.0,1004
105700,0,0,0,0.0,0
105712,11,31,46412,46412.0,1168
105789,15,38,68173,68173.0,687
105835,6,35,41790,62685.0,0
105841,8,73,105928,158892.0,522
105921,14,49,70250,70250.0,1753
105932,13,30,55256,55256.0,765
105992,14,42,61310,61310.0,1647
106001,33,76,119565,119565.0,2698
106037,17,51,68781,68781.0,0
106038,14,32,44279,44279.0,1377
106046,7,48,98729,148093.5,943
106048,1,3,2103,2103.0,0
106218,16,38,53572,53572.0,1209
106397,11,25,35660,35660.0,450
106444,5,14,19680,19680.0,1590
106477,11,23,29743,29743.0,0
106509,3,10,13811,13811.0,0
106589,0,0,0,0.0,0
106592,15,47,76347,76347.0,1003
106616,3,6,9406,9406.0,0
106623,2,4,2092,2092.0,0
106637,14,32,48721,48721.0,1770
106689,9,23,34355,34355.0,1690
106754,12,31,33368,33368.0,1167
106757,12,35,53926,53926.0,0
106776,13,43,68400,68400.0,1109
106838,16,39,71555,71555.0,0
106839,16,45,64569,64569.0,662
106936,15,45,71149,71149.0,948
106946,19,50,78216,78216.0,2449
106964,2,4,5889,5889.0,512
106978,18,46,70762,70762.0,386
106979,15,38,66576,66576.0,1530
107037,12,31,37882,37882.0,669
107067,16,35,46235,46235.0,1531
107119,18,47,73636,73636.0,995
107141,12,33,44019,44019.0,1950
107203,14,47,65065,65065.0,1110
107212,15,39,58002,58002.0,2586
107296,11,21,30104,30104.0,625
107385,8,22,27287,27287.0,1331
107420,7,18,24132,24132.0,680
107461,9,18,21476,21476.0,551
107466,12,24,36441,36441.0,491
107487,9,18,33663,33663.0,379
107519,7,61,95293,142939.5,501
107571,11,31,38467,38467.0,1175
107649,17,45,74576,74576.0,1296
107719,14,30,36129,36129.0,1573
107730,13,37,64714,64714.0,1132
107835,2,5,7565,7565.0,424
107902,11,32,53948,53948.0,528
107993,14,32,45033,45033.0,0
108264,22,68,103366,103366.0,2676
108346,5,10,17116,17116.0,0
108367,6,14,19611,19611.0,0
108381,15,40,50725,50725.0,1618
108430,19,47,87628,87628.0,342
108440,14,35,42687,42687.0,864
108462,15,37,62792,62792.0,1945
108481,0,0,0,0.0,0
108528,16,51,78024,78024.0,595
108625,18,46,69314,69314.0,932
108666,13,26,40864,40864.0,2005
108857,4,10,7254,7254.0,986
108896,4,9,11764,11764.0,0
108907,15,37,56340,56340.0,1570
109022,11,27,35598,35598.0,453
109023,12,35,64655,64655.0,1648
109029,1,2,3944,3944.0,0
109203,14,41,62207,62207.0,429
109399,12,33,58851,58851.0,0
109478,14,44,85316,85316.0,574
109495,16,44,75183,75183.0,454
109517,12,34,45001,45001.0,986
109552,11,22,26865,26865.0,0
109612,7,17,30477,30477.0,667
109660,16,42,69953,69953.0,1284
109767,19,44,66909,66909.0,1752
109840,12,27,44876,44876.0,529
109896,14,42,62398,62398.0,780
109903,14,38,47019,47019.0,1115
109956,6,16,27586,27586.0,0
110001,13,32,47676,47676.0,1034
110030,4,12,12015,12015.0,0
110065,9,97,140924,211386.0,0
110073,0,0,0,0.0,0
110099,13,36,59296,59296.0,1486
110142,6,73,106897,160345.5,334
110170,4,7,11198,11198.0,523
110211,8,26,38248,38248.0,0
110262,7,45,76551,114826.5,808
110296,14,34,53546,53546.0,488
110394,18,46,66002,66002.0,1113
110422,6,14,12513,12513.0,0
110476,18,47,66715,66715.0,1851
110603,0,0,0,0.0,0
110678,15,37,56217,56217.0,748
110691,13,30,49309,49309.0,503
110752,17,41,62023,62023.0,409
111022,11,28,44035,44035.0,1095
111034,15,49,80677,80677.0,1503
111171,16,45,57660,57660.0,837
111176,15,37,59430,59430.0,1718
111255,17,48,65856,65856.0,0
111286,16,32,49103,49103.0,332
111329,15,36,44314,44314.0,2311
111387,0,0,0,0.0,0
111485,19,51,73149,73149.0,2388
111507,12,29,40465,40465.0,1689
111573,13,42,73431,73431.0,605
111584,11,25,32533,32533.0,1262
111646,8,24,45971,45971.0,1100
111788,19,65,95902,95902.0,1356
111899,5,16,24779,24779.0,998
111912,15,47,77676,77676.0,628
112026,18,56,99150,99150.0,989
112142,15,39,56357,56357.0,979
112226,13,38,70245,70245.0,1351
112393,14,48,80936,80936.0,2163
112522,9,50,69086,103629.0,0
112632,16,47,76426,76426.0,676
112661,4,10,9526,9526.0,597
112678,12,29,50550,50550.0,1621
112709,14,36,58414,58414.0,0
112732,15,37,65331,65331.0,1154
112733,15,46,55364,55364.0,0
112797,0,0,0,0.0,0
112842,12,32,60931,60931.0,1223
112856,15,42,68536,68536.0,2105
112863,17,40,56146,56146.0,1646
112894,0,0,0,0.0,0
113040,12,29,55322,55322.0,0
113184,4,13,17942,17942.0,0
113220,14,36,53362,53362.0,1732
113293,4,9,11095,11095.0,0
113316,5,15,26262,26262.0,562
113363,8,22,43708,43708.0,0
113442,2,5,9571,9571.0,0
113476,19,48,76252,76252.0,574
113529,3,6,13405,13405.0,0
113558,14,32,40426,40426.0,1662
113578,2,3,1799,1799.0,0
113656,0,0,0,0.0,0
113679,17,52,66901,66901.0,341
113694,17,53,88235,88235.0,2774
113755,7,18,19113,19113.0,460
113779,15,37,45219,45219.0,521
113804,10,25,32637,32637.0,1341
113831,18,57,72210,72210.0,470
113839,10,30,49824,49824.0,857
113861,10,26,34699,34699.0,727
113864,7,16,17202,17202.0,521
113874,6,42,78775,118162.5,0
113877,13,45,81297,81297.0,787
113904,15,44,48694,48694.0,958
113919,15,35,61012,61012.0,1189
114018,14,33,48336,48336.0,480
114021,14,46,69349,69349.0,671
114131,6,49,84772,127158.0,440
114214,6,16,20894,20894.0,0
114219,15,35,49604,49604.0,914
114242,12,38,53004,53004.0,953
114307,15,33,46919,46919.0,733
114399,2,4,4809,4809.0,0
114414,23,57,98309,98309.0,353
114493,11,32,52349,52349.0,677
114553,18,41,61201,61201.0,885
114638,17,51,63893,63893.0,495
114700,5,16,18282,18282.0,0
114743,8,15,22328,22328.0,527
114835,13,30,42008,42008.0,0
114857,14,38,52595,52595.0,533
114903,13,36,53090,53090.0,457
114924,6,13,22222,22222.0,0
114927,11,31,40489,40489.0,1232
114983,10,27,44033,44033.0,0
115198,0,0,0,0.0,0
115322,17,48,76273,76273.0,1320
115354,16,52,79226,79226.0,1546
115405,13,35,67404,67404.0,1636
115427,18,46,61723,61723.0,1028
115505,3,26,59434,89151.0,0
115529,12,34,47356,47356.0,401
115633,17,43,63347,63347.0,368
115705,17,40,59658,59658.0,983
115749,4,9,12514,12514.0,0
115805,15,46,63394,63394.0,1668
115852,15,38,62941,62941.0,0
116016,16,43,66457,66457.0,1116
116045,19,49,79559,79559.0,373
116164,5,9,15501,15501.0,1516
116207,5,14,25324,25324.0,0
116238,4,15,23059,23059.0,861
116288,11,33,47604,47604.0,1051
116332,17,48,72114,72114.0,895
116372,13,35,45847,45847.0,663
116562,3,11,15412,15412.0,531
116703,12,25,38896,38896.0,1530
116732,10,22,39329,39329.0,670
116735,16,42,54211,54211.0,1371
116895,4,38,44670,67005.0,497
116897,3,10,18542,18542.0,1238
116932,12,39,57913,57913.0,1713
116948,9,14,18662,18662.0,1469
116999,14,40,62784,62784.0,0
117033,14,35,42469,42469.0,953
117053,13,36,67867,67867.0,1019
117169,16,40,57471,57471.0,471
117219,17,46,80346,80346.0,1575
117240,8,19,28749,28749.0,0
117333,18,62,81641,81641.0,1708
117342,15,42,49782,49782.0,929
117351,0,0,0,0.0,0
117358,1,3,4368,4368.0,0
117408,16,44,73206,73206.0,0
117456,17,51,77607,77607.0,944
117460,14,34,48495,48495.0,1412
117482,8,78,84355,126532.5,511
117618,14,29,39486,39486.0,1192
117725,0,0,0,0.0,0
117782,17,46,76507,76507.0,1268
117832,0,0,0,0.0,0
117910,12,33,44863,44863.0,0
117915,7,77,134908,202362.0,0
117932,12,25,42732,42732.0,572
117939,4,8,9058,9058.0,0
117975,1,1,1030,1030.0,0
118076,15,38,60263,60263.0,1704
118298,0,0,0,0.0,0
118320,15,40,60927,60927.0,1437
118332,14,33,54604,54604.0,782
118355,10,21,25446,25446.0,515
118365,13,30,48598,48598.0,934
118376,2,8,10291,10291.0,487
118379,9,27,38304,38304.0,0
118418,7,79,103492,155238.0,355
118511,2,4,5384,5384.0,0
118514,2,8,16759,16759.0,0
118612,9,21,30075,30075.0,0
118628,14,47,82624,82624.0,412
118632,18,48,84784,84784.0,463
118675,16,40,59391,59391.0,0
118688,0,0,0,0.0,0
118729,6,9,11777,11777.0,0
118864,15,38,52921,52921.0,0
119009,13,33,52761,52761.0,0
119015,5,14,24228,24228.0,0
119135,15,44,62976,62976.0,1664
119198,6,41,42847,64270.5,0
119200,13,31,44595,44595.0,1004
119408,1,4,4900,4900.0,0
119460,14,28,37174,37174.0,696
119488,11,33,38383,38383.0,0
119519,14,32,56036,56036.0,1444
119633,14,32,44471,44471.0,753
119634,8,60,103649,155473.5,0
119638,4,53,67196,100794.0,0
119690,0,0,0,0.0,0
119731,14,42,70209,70209.0,2071
119837,14,37,60609,60609.0,1813
119845,14,40,41995,41995.0,336
119917,0,0,0,0.0,0
119997,17,49,71163,71163.0,1221
120046,8,18,26202,26202.0,1339
120126,11,26,45865,45865.0,1010
120140,15,39,60028,60028.0,1044
120164,16,48,64048,64048.0,1095
120192,14,39,55642,55642.0,1266
120206,0,0,0,0.0,0
120393,11,38,57003,57003.0,1545
120434,9,23,29858,29858.0,1135
120554,14,30,51751,51751.0,1733
120583,17,41,63078,63078.0,1302
120594,18,50,75531,75531.0,1609
120613,11,29,45828,45828.0,1552
120635,0,0,0,0.0,0
120799,11,22,28399,28399.0,914
120868,14,36,57393,57393.0,930
121068,12,39,50529,50529.0,2050
121095,16,40,58553,58553.0,514
121139,13,35,51947,51947.0,1262
121183,17,55,79828,79828.0,0
121236,4,7,10757,10757.0,1027
121351,3,11,14671,22006.5,0
121410,20,60,93487,93487.0,1915
121469,0,0,0,0.0,0
121605,17,54,83847,83847.0,414
121710,16,44,59199,59199.0,1238
121737,9,26,42546,42546.0,735
121751,4,9,11918,11918.0,392
121856,9,18,23850,23850.0,0
121919,12,24,36131,36131.0,1007
121930,1,3,3672,3672.0,0
121935,11,25,31699,31699.0,411
121999,0,0,0,0.0,0
122009,8,17,27883,27883.0,775
122020,19,50,72853,72853.0,3969
122049,13,39,60575,60575.0,757
122094,11,26,30818,30818.0,1251
122166,11,36,55983,55983.0,875
122173,0,0,0,0.0,0
122206,0,0,0,0.0,0
122283,10,28,50647,50647.0,1558
122357,12,28,44436,44436.0,0
122456,15,38,64912,64912.0,777
122517,1,4,6476,6476.0,0
122519,6,41,91692,137538.0,733
122545,12,27,37557,37557.0,921
122561,4,13,20844,20844.0,0
122577,12,33,48523,48523.0,585
122685,13,33,53257,53257.0,795
122797,6,58,91964,137946.0,0
122858,5,9,12097,12097.0,350
122890,14,41,63795,63795.0,457
122946,11,28,36462,36462.0,0
122958,20,59,89490,89490.0,1631
123060,17,51,92298,92298.0,423
123083,17,48,68460,68460.0,770
123094,8,24,33723,33723.0,337
123115,12,29,27967,27967.0,2398
123151,0,0,0,0.0,0
123164,13,38,50607,50607.0,467
123344,14,32,46876,46876.0,2578
123393,12,32,50142,50142.0,0
123420,18,43,55878,55878.0,1172
123525,16,45,69081,69081.0,466
123538,0,0,0,0.0,0
123586,12,30,41264,41264.0,1199
123667,12,24,29612,29612.0,982
123668,17,56,82828,82828.0,1597
123697,13,39,46301,46301.0,0
123702,12,34,41533,41533.0,910
123727,6,21,35043,35043.0,531
123773,16,39,53098,53098.0,363
123780,0,0,0,0.0,0
123784,0,0,0,0.0,0
123830,2,3,6805,6805.0,910
123908,10,22,39080,39080.0,668
123928,0,0,0,0.0,0
123944,9,23,38429,38429.0,320
124038,13,40,66946,66946.0,370
124056,13,31,46566,46566.0,526
124085,7,25,25270,25270.0,482
124088,11,38,64876,64876.0,0
124119,11,24,35422,35422.0,571
124195,6,21,37848,37848.0,0
124207,2,6,11027,11027.0,0
124351,0,0,0,0.0,0
124355,11,35,50877,50877.0,1219
124377,1,1,1509,1509.0,0
124536,0,0,0,0.0,0
124678,16,51,74440,74440.0,304
124761,14,43,70893,70893.0,0
124931,0,0,0,0.0,0
124987,0,0,0,0.0,0
125059,2,5,10614,10614.0,0
125068,6,67,94402,141603.0,433
125300,14,38,57555,57555.0,906
125393,15,41,47264,47264.0,1516
125493,2,7,4739,4739.0,0
125606,0,0,0,0.0,0
125919,14,31,43554,43554.0,525
125969,17,47,86854,86854.0,569
125996,11,31,40231,40231.0,858
126097,17,48,56069,56069.0,2882
126100,0,0,0,0.0,0
126148,0,0,0,0.0,0
126181,0,0,0,0.0,0
126216,19,41,55958,55958.0,524
126219,15,37,44095,44095.0,727
126239,13,27,41984,41984.0,1035
126262,17,46,64955,64955.0,0
126308,0,0,0,0.0,0
126424,11,29,34157,34157.0,0
126466,14,38,51080,51080.0,2083
126490,19,36,51217,51217.0,1910
126526,0,0,0,0.0,0
126581,18,57,93150,93150.0,1564
126665,15,35,55402,55402.0,2046
127039,18,49,66643,66643.0,1019
127052,0,0,0,0.0,0
127127,15,45,61076,61076.0,0
127128,9,27,40583,40583.0,1545
127137,20,46,69880,69880.0,2694
127185,11,37,59999,59999.0,0
127241,3,11,17369,17369.0,0
127279,15,37,47772,47772.0,370
127289,12,30,41431,41431.0,2601
127311,12,31,47100,47100.0,570
127350,17,42,59965,59965.0,0
127400,12,29,37546,37546.0,528
127410,13,42,51430,51430.0,0
127496,1,4,7124,7124.0,0
127590,15,35,55908,55908.0,528
127645,17,42,67827,67827.0,1489
127663,13,42,78635,78635.0,937
127725,13,30,45967,45967.0,330
127785,17,44,64497,64497.0,0
127827,11,25,37477,37477.0,1286
127882,11,28,49153,49153.0,993
127946,13,39,61098,61098.0,1060
127966,14,31,52634,52634.0,0
128007,15,48,66231,66231.0,1987
128032,9,11,15008,15008.0,1277
128039,15,43,61825,61825.0,635
128041,15,36,56745,56745.0,1062
128156,20,61,88033,88033.0,1486
128210,13,37,47016,47016.0,0
128245,1,3,1935,1935.0,0
128280,9,29,46640,46640.0,613
128325,10,33,49065,49065.0,1020
128405,0,0,0,0.0,0
128459,17,46,60406,60406.0,1466
128467,17,44,63704,63704.0,4042
128475,11,26,31986,31986.0,1212
128534,13,33,47122,47122.0,1182
128572,4,7,8624,8624.0,424
128587,9,21,28921,28921.0,1028
128611,17,46,56870,56870.0,953
128615,0,0,0,0.0,0
128633,10,26,43091,43091.0,1994
128749,2,6,6772,6772.0,463
128753,0,0,0,0.0,0
128754,6,14,20493,20493.0,0
128789,16,39,64256,64256.0,525
128950,18,38,62350,62350.0,1034
128975,14,40,43994,43994.0,426
129030,16,51,75189,75189.0,1525
129071,0,0,0,0.0,0
129171,5,11,16535,16535.0,601
129328,0,0,0,0.0,0
129343,15,31,42674,42674.0,379
129372,19,49,69003,69003.0,2905
129409,5,53,84372,126558.0,0
129429,16,54,78613,78613.0,793
129434,17,38,55913,55913.0,374
129510,10,28,37856,37856.0,0
129515,12,24,35163,35163.0,0
129533,0,0,0,0.0,0
129555,17,41,54404,54404.0,2289
129743,0,0,0,0.0,0
129817,10,28,33031,33031.0,0
129827,13,29,36828,36828.0,720
129914,14,35,42033,42033.0,1758
129976,15,35,59668,59668.0,3397
130032,5,17,26686,40029.0,0
130077,12,24,26277,26277.0,417
130086,16,42,63960,63960.0,593
130179,2,5,3223,3223.0,0
130208,16,50,69551,69551.0,0
130217,1,1,527,527.0,0
130326,10,30,35021,35021.0,653
130331,15,35,51985,51985.0,888
130368,16,39,60011,60011.0,350
130419,14,39,55920,55920.0,1121
130439,5,12,15144,15144.0,0
130446,5,38,63704,95556.0,392
130497,8,53,99910,149865.0,0
130548,17,52,68951,68951.0,1032
130593,17,37,62794,62794.0,1296
130823,12,31,46444,46444.0,554
130953,14,45,61311,61311.0,1670
131001,15,42,60126,60126.0,1748
131036,11,24,37238,37238.0,0
131047,20,61,102905,102905.0,996
131098,14,33,44175,44175.0,1064
131228,12,32,45378,45378.0,1154
131253,11,33,55840,55840.0,432
131257,12,35,63795,63795.0,463
131321,15,42,67469,67469.0,1228
131342,15,37,58166,58166.0,1112
131463,19,52,76409,76409.0,0
131558,12,38,64237,64237.0,2067
131560,13,33,64288,64288.0,1738
131637,0,0,0,0.0,0
131673,13,41,63575,63575.0,1742
131680,12,30,49651,49651.0,476
131717,0,0,0,0.0,0
131721,13,40,47769,47769.0,1022
131761,14,34,40046,40046.0,2262
131772,14,35,52129,52129.0,512
131815,15,45,67612,67612.0,3982
131893,14,43,74516,74516.0,452
131956,4,11,16572,16572.0,0
131990,14,29,39210,39210.0,612
131997,13,31,54337,54337.0,0
132045,9,32,46018,46018.0,0
132209,15,46,58493,58493.0,0
132296,11,25,32234,32234.0,1517
132319,16,35,46661,46661.0,849
132320,10,28,48847,48847.0,0
132337,13,30,42528,42528.0,0
132552,6,20,23804,23804.0,991
132563,0,0,0,0.0,0
132592,15,39,55935,55935.0,391
132705,20,45,68124,68124.0,1424
132756,11,28,37518,37518.0,704
132774,15,39,60688,60688.0,1095
132884,14,32,44051,44051.0,2561
132914,14,34,34282,34282.0,1270
132928,2,3,2497,2497.0,0
132935,16,46,65880,65880.0,748
133035,13,26,40536,40536.0,0
133065,12,27,40012,40012.0,1275
133066,16,37,60173,60173.0,0
133128,7,53,83893,125839.5,372
133324,9,93,155877,233815.5,892
133429,17,48,84099,84099.0,1139
133463,0,0,0,0.0,0
133518,17,38,46286,46286.0,893
133608,13,34,42821,42821.0,544
133698,15,37,48193,48193.0,692
133730,13,35,47173,47173.0,1441
133732,13,34,46681,46681.0,0
133821,15,38,48500,48500.0,1579
133859,12,31,34941,34941.0,447
133956,7,66,93189,139783.5,0
134000,2,4,9048,9048.0,0
134012,1,5,3085,3085.0,0
134085,15,42,79636,79636.0,2114
134148,10,24,31885,31885.0,591
134180,12,21,33747,33747.0,2206
134202,11,27,35817,35817.0,2110
134241,12,46,76500,76500.0,1006
134273,15,42,57454,57454.0,994
134279,4,12,16236,16236.0,565
134397,11,29,43260,43260.0,607
134470,15,32,41928,41928.0,0
134717,5,23,35884,53826.0,705
134738,15,40,49287,49287.0,1281
134760,14,46,68281,68281.0,0
134827,0,0,0,0.0,0
134847,2,4,7626,7626.0,0
134857,13,29,47268,47268.0,459
135016,15,35,44561,44561.0,1924
135076,11,37,50221,50221.0,710
135134,8,56,52282,78423.0,860
135250,14,34,48296,48296.0,734
135257,6,33,59305,88957.5,0
135279,9,20,26816,26816.0,816
135312,15,39,65660,65660.0,920
135381,16,36,55884,55884.0,1190
135382,18,47,86827,86827.0,3042
135392,19,51,81754,81754.0,511
135421,26,66,93197,93197.0,959
135554,9,28,47795,47795.0,0
135574,10,23,38001,38001.0,0
135578,17,48,86874,86874.0,1981
135635,0,0,0,0.0,0
135808,16,43,66156,66156.0,349
135841,16,47,56723,56723.0,998
135872,1,2,4006,4006.0,0
135878,8,26,35462,35462.0,570
135977,14,29,46542,46542.0,940
136020,16,43,66302,66302.0,553
136022,15,50,79235,79235.0,1681
136049,3,10,15634,15634.0,1473
136065,0,0,0,0.0,0
136089,13,29,39230,39230.0,1001
136106,18,46,58579,58579.0,1476
136121,14,39,62251,62251.0,2117
136169,16,51,72972,72972.0,492
136230,2,3,6265,6265.0,0
136232,16,36,62116,62116.0,1303
136334,14,43,59785,59785.0,0
136345,0,0,0,0.0,0
136430,15,33,53284,53284.0,1718
136464,0,0,0,0.0,0
136470,14,33,52303,52303.0,853
136473,6,48,70599,105898.5,556
136516,17,53,88132,88132.0,922
136547,11,39,62228,62228.0,0
136608,10,22,29791,29791.0,1802
136637,16,45,64732,64732.0,991
136715,12,31,54213,54213.0,1351
136772,4,11,10134,10134.0,658
136879,7,19,23807,23807.0,638
136906,19,50,59148,59148.0,428
137020,3,7,9017,9017.0,0
137040,11,31,55933,55933.0,0
137106,14,25,25178,25178.0,849
137161,7,58,85986,128979.0,0
137185,14,25,39718,39718.0,985
137209,2,7,14366,14366.0,0
137227,12,31,56564,56564.0,1102
137251,2,3,5286,5286.0,547
137383,0,0,0,0.0,0
137529,4,6,8122,8122.0,540
137646,14,34,44388,44388.0,1052
137744,4,18,24258,24258.0,0
137751,12,29,41748,41748.0,1085
137845,19,50,73942,73942.0,1012
137850,16,42,61313,61313.0,497
137852,8,52,59549,89323.5,485
137858,7,21,44913,44913.0,0
137944,13,27,35041,35041.0,1087
137952,14,32,37182,37182.0,0
137968,6,23,32294,32294.0,1082
137973,8,22,37635,37635.0,1110
137985,16,30,42638,42638.0,1000
137999,16,41,55062,55062.0,594
138025,5,13,16987,16987.0,0
138065,4,7,13762,13762.0,0
138121,15,45,66216,66216.0,834
138204,12,29,42542,42542.0,0
138369,13,35,52440,52440.0,651
138421,10,28,39958,39958.0,0
138449,0,0,0,0.0,0
138475,15,36,54485,54485.0,675
138565,13,36,59917,59917.0,0
138653,2,5,10164,10164.0,0
138737,16,44,69587,69587.0,772
138746,10,29,39739,39739.0,995
138759,1,3,7224,7224.0,0
138768,18,59,92229,92229.0,1975
138777,0,0,0,0.0,0
138810,5,18,18634,18634.0,0
138853,6,16,23561,23561.0,500
138873,5,15,21146,21146.0,0
138894,14,50,77997,77997.0,797
138896,18,39,55600,55600.0,708
138908,17,42,72323,72323.0,0
138981,15,38,59128,59128.0,473
138993,10,37,60455,60455.0,521
139022,7,17,30100,30100.0,504
139023,7,54,70570,105855.0,419
139087,16,48,78409,78409.0,2074
139135,13,28,38971,38971.0,1050
139270,0,0,0,0.0,0
139356,0,0,0,0.0,0
139479,6,16,17623,17623.0,0
139511,11,30,45829,45829.0,0
139518,14,43,65672,65672.0,387
139532,14,28,39057,39057.0,1184
139600,2,6,7362,7362.0,694
139682,0,0,0,0.0,0
139699,1,4,8448,8448.0,0
139863,11,30,56645,56645.0,857
139932,16,40,62357,62357.0,589
139974,1,4,6688,6688.0,0
140005,10,29,47212,47212.0,0
140042,0,0,0,0.0,0
140077,7,65,103616,155424.0,468
140079,13,31,43841,43841.0,1958
140130,8,23,34482,34482.0,882
140191,9,19,31799,31799.0,539
140208,16,47,71592,71592.0,0
140223,0,0,0,0.0,0
140290,19,43,69632,69632.0,739
140375,0,0,0,0.0,0
140381,16,51,88034,88034.0,302
140391,10,21,27414,27414.0,0
140392,15,32,45974,45974.0,1185
140419,12,29,33840,33840.0,2054
140483,11,34,48476,48476.0,896
140534,12,28,44466,44466.0,692
140598,13,34,52644,52644.0,964
140674,11,22,30375,30375.0,469
140735,0,0,0,0.0,0
140750,14,35,44922,44922.0,1605
140768,12,29,46601,46601.0,1890
140769,0,0,0,0.0,0
140823,14,45,61158,61158.0,0
140891,15,45,75970,75970.0,0
140977,12,33,55162,55162.0,1305
141023,19,38,60044,60044.0,926
141043,3,4,3958,3958.0,453
141047,11,35,53303,53303.0,901
141139,16,51,84585,84585.0,0
141181,10,21,32035,32035.0,2360
141233,14,38,61627,61627.0,1518
141266,12,30,40754,40754.0,626
141456,6,7,13554,13554.0,1074
141497,4,22,37776,56664.0,0
141614,14,45,64088,64088.0,3070
141655,13,40,51060,51060.0,568
141703,18,51,71380,71380.0,872
141742,8,20,35120,35120.0,466
141844,14,34,63214,63214.0,0
141877,16,44,75621,75621.0,837
141945,14,38,64610,64610.0,585
142122,0,0,0,0.0,0
142190,16,39,57179,57179.0,374
142224,13,35,69555,69555.0,0
142290,6,55,70323,105484.5,0
142354,18,52,82324,82324.0,1037
142371,13,35,52176,52176.0,1289
142434,1,2,4044,4044.0,0
142511,10,25,42766,42766.0,1103
142545,16,46,58476,58476.0,447
142609,5,44,65480,98220.0,0
142621,7,51,60181,90271.5,1179
142649,0,0,0,0.0,0
142686,15,36,53111,53111.0,466
142715,15,37,53305,53305.0,1703
142717,14,39,68135,68135.0,0
142726,6,56,109264,163896.0,346
142749,14,34,45480,45480.0,617
142763,0,0,0,0.0,0
142800,0,0,0,0.0,0
142812,15,36,60457,60457.0,748
142855,10,21,32091,32091.0,1467
142906,14,41,70140,70140.0,1434
142925,4,10,15972,15972.0,0
142950,18,37,51803,51803.0,1090
143087,16,29,41101,41101.0,1161
143151,15,45,68482,68482.0,2437
143266,1,1,2427,2427.0,0
143389,18,46,68007,68007.0,1883
143422,18,51,76962,76962.0,1775
143730,14,33,42550,42550.0,2272
143784,16,45,60209,60209.0,1172
143981,17,52,71858,71858.0,3018
144261,0,0,0,0.0,0
144301,0,0,0,0.0,0
144328,10,32,34712,34712.0,1792
144355,14,40,50606,50606.0,1077
144402,14,42,63421,63421.0,329
144514,13,31,50773,50773.0,1599
144523,18,51,88271,88271.0,2082
144565,13,35,45387,45387.0,1979
144593,14,37,54870,54870.0,1428
144615,15,36,61839,61839.0,931
144633,14,50,82467,82467.0,719
144641,8,24,39426,39426.0,379
144695,0,0,0,0.0,0
144702,0,0,0,0.0,0
144756,12,28,47201,47201.0,304
144830,13,42,54897,54897.0,1392
144879,12,36,56108,56108.0,0
144936,6,16,24547,24547.0,393
144977,16,50,70490,70490.0,501
145017,2,6,12145,12145.0,320
145177,20,46,66889,66889.0,1737
145192,0,0,0,0.0,0
145193,1,4,3452,3452.0,0
145220,12,27,33080,33080.0,2230
145292,0,0,0,0.0,0
145322,16,47,71958,71958.0,0
145323,15,44,56632,56632.0,629
145449,2,10,16924,25386.0,0
145480,14,37,55412,55412.0,472
145542,0,0,0,0.0,0
145552,11,26,39599,39599.0,330
145688,9,26,27784,27784.0,657
145988,13,40,56230,56230.0,542
146028,16,35,42081,42081.0,576
146037,14,39,62020,62020.0,920
146067,11,26,31087,31087.0,0
146086,13,40,50711,50711.0,932
146090,2,8,5420,8130.0,434
146099,7,75,94767,142150.5,502
146215,16,47,70478,70478.0,956
146354,8,18,26016,26016.0,579
146400,7,14,18971,18971.0,367
146527,16,44,72146,72146.0,490
146560,6,16,25384,25384.0,0
146572,0,0,0,0.0,0
146702,5,35,67065,100597.5,577
146760,11,27,35577,35577.0,804
146839,12,34,36717,36717.0,0
147064,13,35,55204,55204.0,3228
147241,15,44,64346,64346.0,1896
147272,14,37,56339,56339.0,530
147408,1,3,7026,7026.0,0
147602,18,49,76756,76756.0,903
147700,11,32,49869,49869.0,941
147754,18,49,65337,65337.0,405
147891,13,31,42094,42094.0,1882
147898,12,36,58630,58630.0,1443
147986,4,15,14827,14827.0,879
148111,0,0,0,0.0,0
148201,16,50,78131,78131.0,1032
148208,6,31,45868,68802.0,359
148216,8,18,28557,28557.0,0
148234,13,34,43820,43820.0,413
148258,12,36,61168,61168.0,1705
148289,5,25,25537,38305.5,560
148299,13,35,43968,43968.0,1295
148322,8,18,30229,30229.0,424
148368,17,54,76049,76049.0,1243
148381,16,46,79583,79583.0,623
148382,8,18,24739,24739.0,0
148453,2,7,12700,12700.0,486
148486,9,30,54709,54709.0,2010
148487,14,48,69143,69143.0,582
148570,6,36,37571,56356.5,0
148612,14,36,49992,49992.0,1409
148677,0,0,0,0.0,0
148690,13,42,58786,58786.0,470
148749,4,19,30374,45561.0,0
148753,18,36,52156,52156.0,1966
148766,0,0,0,0.0,0
148767,20,56,97095,97095.0,1138
148810,0,0,0,0.0,0
148865,8,22,34061,34061.0,443
148942,17,43,72743,72743.0,2790
148982,3,28,52124,78186.0,0
149174,2,6,11252,11252.0,0
149225,14,36,62870,62870.0,1536
149318,8,72,119837,179755.5,1520
149348,15,32,47974,47974.0,541
149426,11,31,53638,53638.0,1128
149430,4,16,28066,28066.0,1827
149462,16,47,66381,66381.0,0
149542,0,0,0,0.0,0
149549,7,45,82936,124404.0,1160
149655,8,23,29929,29929.0,0
149782,17,51,83296,83296.0,1054
149841,5,10,19341,19341.0,1501
149846,15,47,67150,67150.0,1643
149884,14,35,46118,46118.0,0
149912,5,14,24672,24672.0,0
149981,0,0,0,0.0,0
149993,14,33,48595,48595.0,859
150004,14,32,50309,50309.0,1249
150074,13,35,52027,52027.0,537
150134,15,39,44726,44726.0,1552
150141,2,4,5450,5450.0,0
150233,5,12,19451,19451.0,1050
150253,13,42,58184,58184.0,348
150291,9,31,50976,50976.0,0
150301,13,36,56932,56932.0,437
150383,4,46,47590,71385.0,489
150596,0,0,0,0.0,0
150656,12,27,36904,36904.0,786
150671,0,0,0,0.0,0
150751,3,8,13758,13758.0,797
150754,12,30,46732,46732.0,519
150767,14,43,68224,68224.0,1006
150883,16,50,73171,73171.0,1474
150909,14,38,50183,50183.0,0
151010,4,13,12766,12766.0,0
151030,8,40,55920,83880.0,0
151036,5,19,25702,25702.0,0
151183,16,45,65855,65855.0,1164
151327,15,39,67412,67412.0,1178
151399,15,36,62798,62798.0,0
151554,12,36,54869,54869.0,1802
151571,7,21,38107,38107.0,1317
151627,12,37,61564,61564.0,953
151655,16,46,64195,64195.0,2113
151967,7,14,23432,23432.0,1862
152007,4,10,16175,16175.0,0
152014,19,49,84587,84587.0,1476
152016,7,75,115540,173310.0,0
152139,15,43,71299,71299.0,599
152148,11,25,34435,34435.0,1014
152276,17,43,51925,51925.0,0
152305,15,43,65168,65168.0,505
152307,3,39,51674,77511.0,0
152338,14,43,60294,60294.0,1036
152355,13,25,38687,38687.0,1236
152406,13,40,65628,65628.0,1648
152423,15,35,62312,62312.0,604
152499,7,16,28533,28533.0,338
152681,13,40,59354,59354.0,963
152685,0,0,0,0.0,0
152740,9,26,38706,38706.0,383
152778,12,29,40777,40777.0,920
152936,0,0,0,0.0,0
153003,13,41,60972,60972.0,1578
153072,10,30,47243,47243.0,0
153075,0,0,0,0.0,0
153146,16,51,76952,76952.0,501
153193,14,41,64263,64263.0,2982
153261,15,48,67213,67213.0,1469
153395,17,48,69186,69186.0,850
153439,2,7,13854,13854.0,374
153462,9,28,39702,39702.0,1185
153582,6,61,97595,146392.5,0
153586,18,48,68292,68292.0,546
153600,14,36,57863,57863.0,0
153626,13,33,61683,61683.0,0
153645,1,1,707,707.0,0
153656,6,16,26183,26183.0,0
153760,2,6,9668,9668.0,511
153884,14,34,55936,55936.0,575
153953,8,25,34418,34418.0,2188
153968,0,0,0,0.0,0
153987,6,14,20039,20039.0,0
153998,6,31,51908,77862.0,547
154136,4,18,29004,29004.0,0
154172,17,43,61065,61065.0,3057
154173,3,8,16859,16859.0,0
154175,16,38,68972,68972.0,0
154194,2,10,16892,16892.0,0
154230,16,53,71647,71647.0,1539
154480,12,33,52955,52955.0,1192
154606,6,24,44870,67305.0,1343
154643,8,51,61052,91578.0,596
154644,16,43,72993,72993.0,2468
154652,13,38,51822,51822.0,1163
154680,13,34,49425,49425.0,482
154726,2,6,11238,11238.0,0
154736,14,35,49042,49042.0,643
154782,5,12,16149,16149.0,1008
154855,8,22,21690,21690.0,520
154864,13,29,44996,44996.0,1274
154868,7,64,91696,137544.0,0
154889,5,11,11716,11716.0,0
154958,0,0,0,0.0,0
154981,16,44,74784,74784.0,1323
155020,4,40,56632,84948.0,676
155118,15,35,50616,50616.0,1718
155253,5,15,22163,22163.0,1309
155348,0,0,0,0.0,0
155354,17,50,67019,67019.0,1257
155374,14,32,56628,56628.0,1214
155488,16,38,60657,60657.0,2113
155623,0,0,0,0.0,0
155654,8,47,70947,106420.5,0
155763,12,34,36800,36800.0,571
155791,14,22,33012,33012.0,799
155795,11,76,107257,160885.5,409
155820,14,45,58444,58444.0,736
155964,7,50,69075,103612.5,0
155965,10,27,45513,45513.0,396
156031,0,0,0,0.0,0
156071,0,0,0,0.0,0
156138,13,30,48489,48489.0,0
156305,10,28,46303,46303.0,460
156313,13,40,60591,60591.0,0
156355,8,24,38623,38623.0,1134
156457,11,26,36963,36963.0,329
156666,1,2,2578,2578.0,0
156673,16,37,64603,64603.0,1168
156684,13,35,51839,51839.0,502
156730,4,12,18592,18592.0,752
156750,15,40,54335,54335.0,1233
156868,16,47,84296,84296.0,1247
156870,4,13,15907,15907.0,0
156879,2,20,26700,40050.0,0
156945,8,26,36751,36751.0,0
156948,19,53,69930,69930.0,1424
156959,17,45,65655,65655.0,1670
156980,6,16,24729,24729.0,0
157005,18,48,66723,66723.0,911
157092,16,43,60297,60297.0,754
157200,13,35,50054,50054.0,612
157212,18,47,59641,59641.0,1672
157300,6,53,78711,118066.5,0
157566,1,1,1333,1333.0,1057
157672,9,16,18986,18986.0,1363
157674,17,42,72029,72029.0,930
157704,15,46,62030,62030.0,1209
157712,16,46,66004,66004.0,1645
157729,5,59,84903,127354.5,0
157731,15,33,42596,42596.0,943
157751,18,42,57995,57995.0,372
157766,13,33,49848,49848.0,987
157771,4,10,12591,12591.0,451
157816,12,41,58400,58400.0,1423
157879,8,12,19887,19887.0,0
157902,1,2,4188,4188.0,558
157911,13,35,48482,48482.0,2227
157971,0,0,0,0.0,0
158113,20,43,65810,65810.0,902
158314,8,16,18831,18831.0,1081
158400,12,29,51292,51292.0,1105
158401,4,13,22017,22017.0,470
158508,16,43,74478,74478.0,487
158560,13,33,47353,47353.0,1743
158680,12,34,54386,54386.0,1753
158901,17,41,57122,57122.0,397
158969,14,40,57170,57170.0,0
158995,1,2,1590,1590.0,0
159227,15,38,69399,69399.0,680
159233,9,14,25922,25922.0,343
159272,16,37,50206,50206.0,630
159275,15,47,67178,67178.0,2460
159344,20,49,74422,74422.0,1764
159351,15,35,55404,55404.0,1052
159359,6,14,16884,16884.0,0
159397,11,28,50264,50264.0,0
159486,7,19,32654,32654.0,0
159500,9,85,106462,159693.0,743
159525,17,43,62722,62722.0,2176
159531,15,41,56082,56082.0,968
159533,1,3,6921,6921.0,0
159608,17,44,77281,77281.0,1384
159680,15,48,77264,77264.0,998
159688,16,43,65856,65856.0,483
159745,16,41,55313,55313.0,0
159751,13,42,72158,72158.0,0
159800,3,7,12639,12639.0,0
159856,14,39,60832,60832.0,1341
159942,4,10,12944,12944.0,364
159960,13,28,51607,51607.0,1432
160135,12,30,33125,33125.0,1292
160143,12,28,38339,38339.0,1130
160154,13,38,52903,52903.0,444
160181,14,33,49173,49173.0,519
160203,17,43,62343,62343.0,2076
160250,16,45,65923,65923.0,741
160266,2,6,8330,8330.0,0
160320,15,38,55096,55096.0,1678
160471,4,12,24893,24893.0,0
160640,10,27,37453,37453.0,492
160686,15,46,88220,88220.0,1293
160707,16,41,68373,68373.0,1525
160740,14,34,51885,51885.0,370
160773,17,48,84077,84077.0,0
160779,0,0,0,0.0,0
160905,16,44,60492,60492.0,800
160927,15,39,51363,51363.0,697
160993,9,26,31492,31492.0,1218
161045,8,25,40029,40029.0,505
161103,11,35,49121,49121.0,1358
161180,17,51,75374,75374.0,957
161241,14,32,48491,48491.0,0
161276,12,35,57136,57136.0,1267
161338,13,35,45495,45495.0,598
161373,4,11,14081,14081.0,458
161414,7,15,30189,30189.0,648
161415,12,31,42641,42641.0,1502
161437,15,42,67067,67067.0,567
161525,0,0,0,0.0,0
161546,0,0,0,0.0,0
161557,0,0,0,0.0,0
161574,12,35,47976,47976.0,1839
161650,6,12,18597,18597.0,610
161728,3,10,19453,19453.0,0
161766,11,35,51060,51060.0,834
161769,17,51,80718,80718.0,2774
161774,0,0,0,0.0,0
161780,4,33,40095,60142.5,0
161956,7,19,30947,30947.0,0
162013,15,30,50165,50165.0,488
162155,0,0,0,0.0,0
162166,16,42,68222,68222.0,0
162167,10,25,40129,40129.0,509
162180,12,30,51739,51739.0,871
162420,15,44,56946,56946.0,769
162456,14,46,74849,74849.0,933
162472,6,12,21843,21843.0,538
162485,6,16,23994,23994.0,0
162489,13,34,46867,46867.0,431
162496,15,39,50944,50944.0,633
162568,0,0,0,0.0,0
162658,15,40,60172,60172.0,2391
163002,14,35,45939,45939.0,2312
163058,19,53,74489,74489.0,785
163083,14,29,37490,37490.0,2281
163137,0,0,0,0.0,0
163260,13,32,46181,46181.0,526
163301,4,11,17474,17474.0,0
163388,18,50,80472,80472.0,2320
163405,2,4,4448,4448.0,0
163445,5,11,16918,16918.0,0
163481,0,0,0,0.0,0
163598,15,40,63570,63570.0,1040
163608,13,40,55254,55254.0,794
163615,13,27,44304,44304.0,1329
163639,13,44,64471,64471.0,2210
163645,16,40,68350,68350.0,983
163723,0,0,0,0.0,0
163757,16,47,65347,65347.0,0
163776,15,41,65663,65663.0,684
163970,14,41,59477,59477.0,842
164013,17,45,69555,69555.0,472
164017,8,21,26913,26913.0,2461
164034,11,28,42818,42818.0,0
164064,0,0,0,0.0,0
164094,12,32,54507,54507.0,1028
164192,9,22,39962,39962.0,0
164211,0,0,0,0.0,0
164224,5,24,36148,54222.0,390
164226,14,35,71129,71129.0,598
164298,7,21,24314,24314.0,0
164313,18,47,70708,70708.0,0
164363,10,21,28589,28589.0,559
164374,14,46,68133,68133.0,2101
164388,12,27,39468,39468.0,823
164429,14,38,53549,53549.0,2221
164500,3,10,12748,12748.0,0
164512,14,34,54781,54781.0,453
164559,4,41,73671,110506.5,0
164657,17,38,55074,55074.0,468
164743,15,40,45447,45447.0,401
164794,6,19,29283,29283.0,0
164947,18,42,51031,51031.0,1936
164973,15,45,78487,78487.0,1053
164983,11,30,40229,40229.0,0
165019,14,40,59352,59352.0,1200
165022,4,11,18431,18431.0,0
165056,13,33,50848,50848.0,1266
165138,12,33,64284,64284.0,392
165188,13,29,41901,41901.0,1625
165224,2,5,9828,9828.0,0
165260,16,37,62532,62532.0,3021
165265,15,42,68403,68403.0,0
165339,7,55,120171,180256.5,0
165443,11,29,39324,39324.0,448
165484,16,43,50678,50678.0,317
165550,17,48,75194,75194.0,883
165554,10,29,42090,42090.0,0
165596,17,45,64044,64044.0,2020
165742,14,31,43376,43376.0,584
165759,12,42,57235,57235.0,0
165827,11,31,51564,51564.0,1025
165893,12,33,53305,53305.0,574
165900,14,38,47475,47475.0,1322
166011,7,22,27595,27595.0,0
166037,16,40,51251,51251.0,0
166110,0,0,0,0.0,0
166175,5,49,59917,89875.5,1161
166239,15,46,71186,71186.0,1866
166273,6,52,60180,90270.0,930
166333,13,33,59032,59032.0,406
166475,11,32,48092,48092.0,1358
166535,16,40,58362,58362.0,307
166537,19,40,55107,55107.0,0
166577,16,48,82677,82677.0,2482
166677,7,26,30066,30066.0,430
166693,13,46,61114,61114.0,0
166705,14,43,68678,68678.0,2192
166712,16,39,64052,64052.0,486
166825,5,12,14183,14183.0,552
166829,10,26,44288,44288.0,0
166846,17,49,86555,86555.0,1034
166865,17,36,52049,52049.0,890
166911,16,38,53064,53064.0,1565
166938,12,34,59604,59604.0,1166
166953,11,24,32184,32184.0,0
166955,13,31,48536,48536.0,433
166966,8,54,90688,136032.0,0
167001,5,10,13227,13227.0,446
167016,9,20,34358,34358.0,472
167026,14,29,52375,52375.0,542
167062,10,27,46081,46081.0,0
167177,8,19,29977,29977.0,1129
167219,0,0,0,0.0,0
167257,15,40,61031,61031.0,1119
167335,17,41,52952,52952.0,798
167363,11,32,46272,46272.0,339
167465,10,29,41200,41200.0,927
167491,0,0,0,0.0,0
167515,16,40,57104,57104.0,1676
167569,0,0,0,0.0,0
167575,7,20,30544,30544.0,0
167578,12,35,50813,50813.0,1714
167587,17,48,70362,70362.0,1069
167660,13,34,52339,52339.0,1278
167670,0,0,0,0.0,0
167795,16,48,71685,71685.0,1212
167879,3,4,5112,5112.0,599
167933,17,41,59891,59891.0,0
168026,12,29,46354,46354.0,327
168123,4,10,11227,11227.0,0
168160,10,57,88162,132243.0,418
168290,16,45,71676,71676.0,1602
168302,2,6,4889,4889.0,0
168316,18,54,78481,78481.0,319
168349,14,28,43445,43445.0,977
168385,13,32,39578,39578.0,520
168418,10,25,39150,39150.0,313
168641,0,0,0,0.0,0
168727,1,3,4968,4968.0,0
168843,15,37,49824,49824.0,1100
168887,6,48,74980,112470.0,562
169054,12,29,53757,53757.0,1076
169129,16,47,71953,71953.0,376
169131,2,5,6285,6285.0,0
169137,12,33,40779,40779.0,2557
169247,14,39,62369,62369.0,933
169253,4,9,12903,12903.0,454
169270,0,0,0,0.0,0
169302,8,31,62421,62421.0,803
169393,16,36,53153,53153.0,2112
169418,6,15,25216,25216.0,0
169525,17,49,71026,71026.0,774
169529,4,32,47168,70752.0,0
169603,5,15,30621,30621.0,0
169661,13,37,57348,57348.0,936
169665,15,34,53227,53227.0,1094
169697,15,38,58091,58091.0,1176
169699,5,13,21674,21674.0,720
169857,13,35,51156,51156.0,0
169865,0,0,0,0.0,0
169932,17,42,63842,63842.0,1158
169948,18,51,83665,83665.0,560
169950,0,0,0,0.0,0
170027,16,47,65396,65396.0,611
170079,17,58,98237,98237.0,889
170091,1,1,1823,1823.0,0
170152,2,8,12640,12640.0,717
170211,16,46,79542,79542.0,596
170232,1,3,5118,5118.0,0
170311,14,28,40114,40114.0,764
170321,12,31,49485,49485.0,1135
170368,6,31,32823,49234.5,987
170404,15,41,52467,52467.0,1348
170443,7,34,64706,97059.0,469
170531,16,53,81006,81006.0,0
170534,0,0,0,0.0,0
170544,12,27,48797,48797.0,1067
170566,12,22,37075,37075.0,435
170585,15,34,51002,51002.0,405
170655,0,0,0,0.0,0
170656,15,36,42696,42696.0,1239
170710,11,28,38550,38550.0,2230
170791,15,54,79382,79382.0,647
170799,12,32,48671,48671.0,594
170801,4,14,15163,15163.0,1314
170903,2,5,10054,10054.0,0
170965,14,40,61168,61168.0,3376
170982,0,0,0,0.0,0
171027,0,0,0,0.0,0
171042,0,0,0,0.0,0
171047,13,35,50598,50598.0,2592
171137,8,26,47329,47329.0,0
171192,5,40,49088,73632.0,0
171257,12,30,45326,45326.0,1391
171264,18,46,74031,74031.0,1051
171350,14,33,41188,41188.0,487
171419,13,39,68560,68560.0,0
171582,5,16,24313,24313.0,0
171638,11,29,41005,41005.0,427
171691,6,50,88362,132543.0,556
171788,7,48,52105,78157.5,782
171883,14,31,43647,43647.0,1792
171902,5,12,14530,14530.0,0
171906,14,28,31441,31441.0,1365
171908,5,39,53539,80308.5,0
171937,17,50,79129,79129.0,0
172059,12,37,56447,56447.0,1033
172135,10,31,43457,43457.0,587
172162,3,7,14059,14059.0,308
172200,5,71,136909,205363.5,561
172233,8,19,27361,27361.0,1272
172259,7,22,23489,23489.0,0
172284,1,3,1671,1671.0,0
172345,7,19,29116,29116.0,0
172348,13,30,47531,47531.0,0
172444,13,36,50006,50006.0,420
172491,4,11,11565,11565.0,0
172532,3,9,17064,17064.0,0
172593,16,42,58129,58129.0,2022
172610,5,36,58869,88303.5,0
172724,1,1,789,789.0,0
172731,0,0,0,0.0,0
172755,6,40,43352,65028.0,765
172757,18,50,82966,82966.0,3229
172971,5,49,76413,114619.5,0
172983,11,41,61751,61751.0,0
172987,12,35,44928,44928.0,2078
173092,13,39,57700,57700.0,398
173178,0,0,0,0.0,0
173212,13,39,43126,43126.0,2193
173227,5,15,28176,28176.0,447
173235,6,17,24510,24510.0,0
173252,12,29,46645,46645.0,999
173343,8,79,140653,210979.5,543
173356,12,32,52453,52453.0,1025
173398,12,36,61733,61733.0,365
173416,15,39,60449,60449.0,1195
173446,10,31,47727,47727.0,398
173485,15,45,75006,75006.0,911
173506,6,48,91650,137475.0,494
173531,11,28,38548,38548.0,579
173548,17,52,82178,82178.0,1123
173666,9,22,24813,24813.0,311
173673,12,20,35814,35814.0,1961
173798,14,30,47998,47998.0,853
173834,3,8,12016,12016.0,855
173873,20,65,98045,98045.0,2906
173884,3,12,10230,10230.0,0
173938,14,46,60478,60478.0,1352
174044,13,30,46516,46516.0,748
174343,19,54,83477,83477.0,420
174439,17,43,49922,49922.0,0
174666,1,4,4184,4184.0,0
174669,0,0,0,0.0,539
174702,5,15,27686,27686.0,0
174729,17,39,52020,52020.0,0
174743,12,33,58189,58189.0,1297
174803,9,20,30791,30791.0,0
174896,0,0,0,0.0,0
174923,11,36,54464,54464.0,523
174925,0,0,0,0.0,0
174996,16,42,66517,66517.0,0
175017,15,32,48912,48912.0,926
175104,16,44,71951,71951.0,432
175169,11,34,55189,55189.0,0
175191,0,0,0,0.0,0
175249,15,46,68079,68079.0,2477
175285,16,44,61897,61897.0,492
175320,12,34,60390,60390.0,338
175342,13,40,61617,61617.0,0
175360,13,36,45909,45909.0,1523
175387,6,19,26845,26845.0,537
175488,16,40,62211,62211.0,1054
175528,15,41,53665,53665.0,1188
175584,15,45,61010,61010.0,0
175711,11,31,34933,34933.0,557
175804,10,27,40119,40119.0,1240
175814,17,49,78541,78541.0,0
175832,0,0,0,0.0,0
175902,4,36,56116,84174.0,990
175954,14,39,45711,45711.0,365
175967,5,47,49869,74803.5,0
176115,16,45,73235,73235.0,1042
176142,5,70,91312,136968.0,0
176166,15,43,64696,64696.0,1334
176278,12,29,37733,37733.0,1137
176284,10,26,42619,42619.0,1478
176359,13,38,64051,64051.0,1338
176379,5,38,59736,89604.0,472
176480,15,33,61823,61823.0,1180
176521,8,59,64088,96132.0,1730
176599,15,44,69518,69518.0,1370
176611,7,26,36035,36035.0,608
176688,14,32,38573,38573.0,486
176848,1,5,11090,11090.0,0
176885,0,0,0,0.0,0
177029,7,15,27238,27238.0,0
177146,17,44,77766,77766.0,1474
177199,0,0,0,0.0,0
177345,3,13,22300,22300.0,811
177457,18,42,62335,62335.0,0
177483,18,44,63316,63316.0,1102
177518,17,52,66416,66416.0,1368
177583,6,53,85633,128449.5,409
177598,18,49,67650,67650.0,1845
177677,0,0,0,0.0,0
177700,12,44,65885,65885.0,0
177713,7,64,97308,145962.0,1200
177814,2,5,7829,7829.0,0
177962,13,42,51641,51641.0,0
177993,14,45,63549,63549.0,1575
178036,12,36,52164,52164.0,539
178077,17,51,63084,63084.0,945
178081,1,2,3408,3408.0,552
178157,3,10,10845,10845.0,0
178160,15,36,62324,62324.0,3063
178331,15,42,79662,79662.0,476
178335,8,23,37706,37706.0,649
178403,5,28,49935,74902.5,584
178409,7,65,90919,136378.5,0
178459,0,0,0,0.0,0
178461,7,23,34488,34488.0,0
178540,14,44,72062,72062.0,2312
178565,3,5,6634,6634.0,546
178643,13,26,39840,39840.0,1131
178720,13,36,55390,55390.0,779
178864,14,32,52491,52491.0,445
179042,17,50,75620,75620.0,525
179053,4,45,66714,100071.0,0
179075,16,41,62744,62744.0,0
179153,13,40,65852,65852.0,2251
179489,2,6,9886,9886.0,662
179585,17,44,60036,60036.0,1634
179590,9,19,28983,28983.0,1112
179603,21,57,76913,76913.0,1514
179707,1,4,9612,9612.0,0
179719,11,32,41329,41329.0,419
179773,6,17,32378,32378.0,1469
179870,11,33,48480,48480.0,0
179944,14,40,60864,60864.0,727
179956,9,24,36494,36494.0,0
180009,16,39,56218,56218.0,1585
180024,4,9,10726,10726.0,0
180137,4,12,20557,20557.0,0
180140,16,48,57503,57503.0,1538
180207,12,33,45602,45602.0,642
180216,16,46,72985,72985.0,1027
180219,12,33,37440,37440.0,0
180231,3,9,17498,17498.0,0
180321,6,24,30554,30554.0,449
180380,18,57,73940,73940.0,1221
180411,15,42,73752,73752.0,1033
180484,0,0,0,0.0,0
180488,18,55,73861,73861.0,1518
180832,6,18,19271,19271.0,557
180922,13,28,34939,34939.0,1146
180925,15,33,43226,43226.0,771
180977,14,34,46941,46941.0,2862
181033,5,11,15378,15378.0,0
181082,18,55,84022,84022.0,1297
181139,13,43,67808,67808.0,1005
181140,6,36,47996,71994.0,873
181184,18,47,72640,72640.0,537
181377,10,34,54471,54471.0,1686
181423,16,47,66184,66184.0,410
181434,0,0,0,0.0,0
181498,0,0,0,0.0,0
181607,2,8,10085,10085.0,0
181726,15,37,61426,61426.0,1881
181728,15,26,37728,37728.0,1030
181770,0,0,0,0.0,0
181825,16,51,78928,78928.0,987
181830,17,42,65710,65710.0,1043
181852,16,40,51011,51011.0,795
182058,19,48,60958,60958.0,740
182124,15,44,74153,74153.0,325
182130,10,28,37819,37819.0,0
182148,12,23,28363,28363.0,1073
182159,8,21,32329,32329.0,0
182184,15,33,47832,47832.0,485
182205,4,11,18382,18382.0,536
182235,10,28,43432,43432.0,1340
182272,15,37,51437,51437.0,1242
182320,10,31,55683,55683.0,390
182459,13,35,54769,54769.0,492
182490,13,30,38758,38758.0,1421
182519,12,34,43492,43492.0,568
182531,10,22,30712,30712.0,0
182534,20,39,51598,51598.0,1692
182543,13,39,51630,51630.0,1557
182587,9,27,51165,51165.0,1045
182749,14,44,74938,74938.0,2068
182782,17,35,41757,41757.0,0
182785,13,37,59406,59406.0,521
183020,15,37,67055,67055.0,2540
183023,2,7,4622,4622.0,0
183025,15,36,58169,58169.0,1031
183052,14,36,45823,45823.0,1126
183096,16,39,55563,55563.0,2277
183129,14,30,47871,47871.0,2502
183208,14,33,56279,56279.0,3322
183224,16,43,68716,68716.0,407
183235,15,49,77950,77950.0,1566
183305,14,38,47173,47173.0,906
183339,0,0,0,0.0,0
183374,12,32,45542,45542.0,693
183388,6,17,28804,28804.0,445
183456,5,21,21212,21212.0,1226
183523,14,38,55038,55038.0,428
183626,12,27,42579,42579.0,646
183692,6,32,49522,74283.0,0
183716,15,34,49036,49036.0,532
183748,13,39,57790,57790.0,1946
183754,14,31,37050,37050.0,1013
183755,14,38,60726,60726.0,721
183885,0,0,0,0.0,0
183948,15,46,71684,71684.0,1128
184009,15,39,54185,54185.0,497
184035,11,25,39792,39792.0,0
184045,5,29,40867,61300.5,1212
184090,6,13,22485,22485.0,1197
184151,14,41,66708,66708.0,1167
184206,22,54,76099,76099.0,2673
184207,0,0,0,0.0,0
184306,13,39,62918,62918.0,2667
184456,18,35,43988,43988.0,355
184466,13,36,50716,50716.0,2228
184478,9,21,35968,35968.0,300
184490,0,0,0,0.0,0
184496,15,46,56870,56870.0,1041
184635,12,34,42278,42278.0,1318
184678,10,25,37932,37932.0,0
184735,17,47,58058,58058.0,0
184754,13,31,45623,45623.0,1299
184755,6,74,121710,182565.0,438
184895,14,42,58080,58080.0,537
184924,14,32,39246,39246.0,0
184959,13,31,42308,42308.0,1354
184976,21,59,83479,83479.0,3051
185013,13,32,46469,46469.0,1761
185101,12,35,44019,44019.0,0
185129,16,44,66503,66503.0,792
185153,14,38,54167,54167.0,0
185285,8,23,37067,37067.0,1149
185288,0,0,0,0.0,0
185496,12,29,46412,46412.0,437
185509,17,45,72810,72810.0,2481
185531,3,8,14448,14448.0,0
185561,13,32,57075,57075.0,0
185573,10,29,47808,47808.0,0
185774,15,48,59309,59309.0,479
185808,15,34,49948,49948.0,1009
185815,0,0,0,0.0,0
185830,14,34,51960,51960.0,1294
185835,15,38,57617,57617.0,742
185857,17,44,62791,62791.0,2111
185919,17,53,68075,68075.0,458
186015,13,41,60413,60413.0,1543
186020,16,37,46639,46639.0,1047
186146,2,6,12684,12684.0,0
186199,14,41,70997,70997.0,736
186246,10,25,35916,35916.0,619
186295,13,40,60439,60439.0,408
186469,2,4,7969,7969.0,0
186539,13,34,45392,45392.0,1013
186593,12,34,44197,44197.0,0
186668,12,28,41963,41963.0,1224
186729,3,7,9076,9076.0,0
186754,15,42,76332,76332.0,2161
186807,4,13,24098,24098.0,309
186810,13,33,47092,47092.0,2475
186901,10,24,27832,27832.0,0
186942,10,19,27778,27778.0,390
187010,7,55,47269,70903.5,0
187025,13,25,40234,40234.0,1121
187041,16,37,59105,59105.0,1008
187077,11,19,26576,26576.0,1842
187141,6,42,63360,95040.0,1307
187161,1,2,1906,1906.0,0
187175,14,47,77397,77397.0,0
187291,9,25,41953,41953.0,630
187318,11,26,41444,41444.0,1541
187390,9,27,38417,38417.0,826
187435,13,28,41047,41047.0,385
187459,9,23,39749,39749.0,0
187618,3,5,8515,8515.0,0
187710,15,33,41031,41031.0,868
187758,5,26,47600,71400.0,0
187835,0,0,0,0.0,0
187838,12,28,43953,43953.0,1439
187876,2,4,5888,5888.0,492
187887,14,26,37345,37345.0,0
187902,7,12,18989,18989.0,0
187958,0,0,0,0.0,0
188006,16,40,56455,56455.0,521
188033,11,28,31519,31519.0,1514
188071,15,32,52854,52854.0,2253
188120,12,36,43560,43560.0,1659
188136,16,39,61394,61394.0,631
188147,16,48,83743,83743.0,965
188218,0,0,0,0.0,0
188307,10,35,51192,51192.0,1437
188318,13,39,60343,60343.0,0
188328,5,42,58584,87876.0,1257
188340,16,51,60772,60772.0,1382
188470,4,15,19034,19034.0,0
188542,13,41,56951,56951.0,1394
188559,17,42,59977,59977.0,1912
188655,10,25,34341,34341.0,466
188668,10,27,44890,44890.0,449
188828,18,47,74330,74330.0,2061
188893,15,41,72849,72849.0,733
189139,15,42,66704,66704.0,1900
189146,5,17,29216,29216.0,1300
189158,11,30,54196,54196.0,892
189197,15,49,72626,72626.0,1170
189294,5,41,65856,98784.0,0
189329,12,35,44804,44804.0,772
189611,17,54,72823,72823.0,448
189613,4,8,12387,12387.0,0
189666,3,9,14922,14922.0,329
189707,9,19,26709,26709.0,1346
189775,17,52,62411,62411.0,1065
189817,15,41,59957,59957.0,900
189822,13,37,63003,63003.0,880
189836,17,49,65217,65217.0,1601
189854,1,3,4830,4830.0,477
189914,16,42,68458,68458.0,732
190052,15,40,62095,62095.0,416
190149,13,37,54738,54738.0,859
190227,15,41,48809,48809.0,0
190236,11,37,60328,60328.0,1097
190256,16,43,48525,48525.0,978
190405,4,12,21630,21630.0,0
190429,6,50,65832,98748.0,0
190465,11,26,35789,35789.0,608
190524,15,36,49639,49639.0,694
190529,18,47,69378,69378.0,943
190561,12,24,40351,40351.0,1155
190570,5,17,27344,27344.0,0
190716,10,32,54404,54404.0,0
190720,17,45,61287,61287.0,1004
190791,9,22,30000,30000.0,1290
190827,7,17,28335,28335.0,0
191044,0,0,0,0.0,0
191057,9,26,32940,32940.0,435
191065,20,55,81552,81552.0,1029
191150,5,40,43452,65178.0,489
191189,0,0,0,0.0,0
191508,5,12,16527,16527.0,988
191537,14,33,44611,44611.0,1339
191558,7,19,33204,33204.0,2681
191626,6,16,23364,23364.0,476
191638,15,41,65959,65959.0,489
191656,6,20,27997,27997.0,529
191780,0,0,0,0.0,0
191814,13,41,76198,76198.0,426
191869,17,38,45388,45388.0,3177
191917,13,45,53494,53494.0,2024
192009,12,38,61774,61774.0,0
192013,13,34,56032,56032.0,2170
192096,1,3,2535,2535.0,0
192098,8,70,115528,173292.0,0
192115,9,27,41812,41812.0,905
192136,13,33,53896,53896.0,2196
192141,17,38,65228,65228.0,1475
192177,17,49,75972,75972.0,602
192250,13,31,41148,41148.0,1419
192355,13,37,57605,57605.0,901
192405,18,52,72587,72587.0,706
192543,16,46,56750,56750.0,3325
192554,14,35,48144,48144.0,1344
192556,1,2,2486,2486.0,0
192600,10,27,40145,40145.0,1001
192651,12,42,66725,66725.0,1126
192685,17,35,53947,53947.0,1622
192691,13,44,61939,61939.0,1933
192772,0,0,0,0.0,0
192816,6,61,84187,126280.5,0
192898,13,31,51822,51822.0,1513
192994,19,56,88282,88282.0,1307
193020,7,38,63206,94809.0,0
193037,6,23,43677,43677.0,996
193147,14,46,60529,60529.0,1247
193150,16,43,67517,67517.0,995
193212,14,37,47754,47754.0,1239
193519,7,56,78784,118176.0,0
193564,16,41,46434,46434.0,1149
193662,30,86,138596,138596.0,1222
193665,11,36,58384,58384.0,400
193722,14,42,62339,62339.0,645
193747,16,45,51963,51963.0,1476
193775,12,35,67465,67465.0,1046
193781,17,46,71826,71826.0,1511
193824,15,39,54830,54830.0,1552
193827,13,30,44572,44572.0,417
193917,13,31,54781,54781.0,1529
193928,14,42,66614,66614.0,1763
193946,1,3,6096,6096.0,0
193953,12,31,38721,38721.0,1280
194009,11,25,40979,40979.0,0
194065,0,0,0,0.0,0
194200,13,25,37817,37817.0,2372
194254,13,32,49981,49981.0,539
194297,16,46,64929,64929.0,414
194394,14,37,50781,50781.0,398
194480,4,11,13912,13912.0,0
194482,12,29,48995,48995.0,2625
194493,16,46,67407,67407.0,655
194571,13,31,43992,43992.0,991
194640,14,43,58434,58434.0,368
194657,5,18,25701,25701.0,0
194694,12,31,48834,48834.0,1108
194709,13,34,44312,44312.0,501
194722,16,34,43459,43459.0,688
194737,8,26,44317,44317.0,0
194758,12,29,43955,43955.0,835
194762,0,0,0,0.0,0
194786,17,51,70852,70852.0,1150
194813,8,21,28691,28691.0,519
194855,12,38,60217,60217.0,1025
194859,4,36,65560,98340.0,354
194886,14,46,65680,65680.0,997
194959,14,38,67155,67155.0,0
195069,1,2,4254,4254.0,0
195131,0,0,0,0.0,0
195137,14,41,51861,51861.0,693
195150,7,72,101756,152634.0,389
195368,15,43,69317,69317.0,338
195419,11,32,50248,50248.0,0
195594,17,55,95128,95128.0,460
195684,5,14,23759,23759.0,1297
195806,14,41,65469,65469.0,1157
195848,16,40,50009,50009.0,0
195895,8,62,82403,123604.5,585
195960,20,49,77381,77381.0,501
195977,13,29,47317,47317.0,357
195994,10,93,116217,174325.5,791
196016,18,51,82200,82200.0,922
196096,2,5,9670,9670.0,0
196202,12,35,62360,62360.0,1245
196240,13,36,58572,58572.0,530
196367,13,44,70037,70037.0,1344
196442,18,37,63652,63652.0,786
196467,12,35,54128,54128.0,1365
196469,16,34,48306,48306.0,645
196514,14,31,47658,47658.0,1132
196582,13,41,69068,69068.0,709
196583,16,44,52385,52385.0,522
196757,0,0,0,0.0,0
196777,11,31,55839,55839.0,0
196779,14,35,44677,44677.0,1357
196798,12,49,73654,73654.0,636
196812,12,31,48938,48938.0,0
196845,15,40,62524,62524.0,1743
196892,10,34,42632,42632.0,0
196905,13,39,59675,59675.0,1213
196992,13,36,61715,61715.0,1077
197062,4,11,20215,20215.0,326
197063,0,0,0,0.0,0
197067,14,39,55985,55985.0,375
197086,13,33,51441,51441.0,547
197096,13,33,57357,57357.0,1505
197113,16,43,69180,69180.0,0
197138,18,50,94912,94912.0,985
197192,19,44,64691,64691.0,2566
197239,0,0,0,0.0,0
197320,16,38,49421,49421.0,3569
197491,0,0,0,0.0,0
197509,13,36,46189,46189.0,509
197514,14,35,45737,45737.0,0
197529,0,0,0,0.0,0
197578,13,30,37855,37855.0,1708
197608,16,46,57356,57356.0,1155
197642,13,36,63891,63891.0,946
197855,2,6,7861,7861.0,0
197890,14,47,61973,61973.0,909
197973,6,16,19360,19360.0,543
198010,16,48,61513,61513.0,2121
198075,16,42,67947,67947.0,0
198123,15,29,45390,45390.0,666
198147,11,25,36639,36639.0,0
198167,17,43,68945,68945.0,1481
198354,0,0,0,0.0,0
198407,0,0,0,0.0,0
198424,14,35,55510,55510.0,1107
198456,0,0,0,0.0,0
198485,18,41,58743,58743.0,1165
198499,27,73,97747,97747.0,3636
198570,3,6,10020,10020.0,536
198625,13,37,59089,59089.0,461
198645,12,29,42257,42257.0,850
198713,11,39,64469,64469.0,449
198785,1,1,721,721.0,0
198813,11,29,45937,45937.0,0
198836,12,31,41163,41163.0,497
198900,12,28,40437,40437.0,499
198961,10,21,19180,19180.0,701
199021,4,15,25166,25166.0,0
199073,14,41,64160,64160.0,438
199342,13,40,67270,67270.0,1085
199358,3,6,11730,11730.0,0
199374,7,52,82012,123018.0,422
199405,16,44,59446,59446.0,1404
199478,13,37,51961,51961.0,1429
199493,0,0,0,0.0,0
199494,0,0,0,0.0,0
199507,14,36,55432,55432.0,1700
199509,13,34,43539,43539.0,1968
199513,14,37,53522,53522.0,1394
199603,13,33,58159,58159.0,2019
199652,15,41,57511,57511.0,0
199792,5,12,25029,25029.0,0
199809,12,30,45287,45287.0,811
199810,15,39,63579,63579.0,0
199959,5,59,70147,105220.5,0
200012,13,23,37550,37550.0,367
200065,16,54,67593,67593.0,858
200067,17,38,58654,58654.0,504
200077,9,25,44215,44215.0,493
200168,12,36,64028,64028.0,875
200309,15,37,47542,47542.0,1875
200321,16,42,67081,67081.0,1057
200326,8,19,27825,27825.0,1132
200519,34,88,129951,129951.0,2617
200552,15,37,63542,63542.0,323
200663,4,10,16884,16884.0,0
200681,16,46,65290,65290.0,533
200708,14,41,66068,66068.0,365
200744,14,32,51827,51827.0,837
200764,2,5,8552,8552.0,0
200802,10,27,38063,38063.0,1797
200863,16,41,59985,59985.0,849
200877,14,46,68258,68258.0,727
200960,14,46,69743,69743.0,1630
200991,17,41,49483,49483.0,1512
201055,0,0,0,0.0,484
201115,10,76,113123,169684.5,1275
201220,18,49,74581,74581.0,1705
201256,11,23,31121,31121.0,1179
201273,8,89,150231,225346.5,1092
201276,9,25,45105,45105.0,0
201292,17,46,65695,65695.0,1028
201339,16,42,74512,74512.0,1680
201343,10,26,39607,39607.0,0
201355,16,39,71772,71772.0,860
201365,15,34,56151,56151.0,808
201436,2,3,3370,3370.0,0
201475,5,42,68608,102912.0,0
201550,0,0,0,0.0,0
201561,7,13,19397,19397.0,597
201564,11,34,61931,61931.0,618
201574,0,0,0,0.0,0
201683,15,42,55310,55310.0,539
201709,15,42,62913,62913.0,0
201816,17,47,68686,68686.0,1232
201891,13,39,53547,53547.0,0
201898,5,11,16633,16633.0,0
202035,1,3,4044,4044.0,0
202052,12,28,38134,38134.0,0
202055,15,37,66616,66616.0,2388
202108,0,0,0,0.0,0
202156,13,32,47072,47072.0,413
202182,17,47,63715,63715.0,2831
202218,6,13,23122,23122.0,1098
202227,0,0,0,0.0,0
202248,14,50,69282,69282.0,1288
202271,0,0,0,0.0,0
202293,15,53,75863,75863.0,334
202299,16,34,50186,50186.0,550
202329,6,26,35709,53563.5,550
202358,14,33,59689,59689.0,589
202585,13,25,38539,38539.0,2016
202696,15,45,63960,63960.0,445
202716,10,29,46730,46730.0,744
202761,0,0,0,0.0,0
202784,14,40,41099,41099.0,1264
202807,14,46,69026,69026.0,836
202831,18,48,67667,67667.0,1187
202859,11,27,48219,48219.0,420
202864,16,40,64242,64242.0,653
203033,15,51,92663,92663.0,562
203084,13,37,49596,49596.0,0
203133,13,38,58031,58031.0,307
203143,5,13,18902,18902.0,883
203184,13,29,33323,33323.0,632
203245,0,0,0,0.0,0
203258,0,0,0,0.0,0
203293,13,33,55179,55179.0,0
203306,6,42,76618,114927.0,969
203409,11,25,28468,28468.0,0
203517,0,0,0,0.0,0
203550,12,30,43641,43641.0,1965
203577,13,32,42645,42645.0,0
203607,9,23,40992,40992.0,1220
203625,11,29,34932,34932.0,1343
203696,16,49,63630,63630.0,414
203698,14,41,50551,50551.0,432
203745,15,40,64004,64004.0,1089
203772,20,47,81302,81302.0,0
203773,4,12,16085,16085.0,364
203809,0,0,0,0.0,0
203815,5,11,16478,16478.0,0
203864,11,31,52583,52583.0,1414
203947,4,10,13051,13051.0,0
203950,7,18,27674,27674.0,828
203973,9,24,26307,26307.0,644
204000,10,31,47967,47967.0,0
204042,14,36,49817,49817.0,0
204111,2,3,6164,6164.0,1062
204220,15,46,67610,67610.0,1160
204237,6,13,16637,16637.0,531
204311,2,5,4430,4430.0,0
204343,14,38,51821,51821.0,1108
204375,10,17,21741,21741.0,0
204424,15,32,48036,48036.0,1714
204484,15,41,61768,61768.0,455
204507,0,0,0,0.0,0
204535,0,0,0,0.0,0
204686,14,32,44620,44620.0,675
204693,12,29,47995,47995.0,1327
204763,17,34,56515,56515.0,786
204840,0,0,0,0.0,0
204848,0,0,0,0.0,0
204926,3,7,10870,10870.0,648
204935,14,42,66303,66303.0,409
204994,17,47,67324,67324.0,905
205087,11,33,54324,54324.0,1138
205111,11,30,33136,33136.0,392
205156,16,47,68483,68483.0,568
205170,16,35,58568,58568.0,1119
205195,0,0,0,0.0,0
205197,13,39,62130,62130.0,539
205256,14,37,58422,58422.0,1148
205367,12,28,38742,38742.0,341
205371,17,39,59766,59766.0,1193
205413,7,45,82462,123693.0,548
205430,15,40,65341,65341.0,587
205445,13,37,55081,55081.0,423
205465,5,13,17841,17841.0,1093
205505,16,44,64164,64164.0,1171
205658,15,32,57357,57357.0,642
205671,16,46,66732,66732.0,0
205697,11,36,47741,47741.0,987
205698,13,42,63643,63643.0,2355
205785,14,35,51158,51158.0,1233
205826,1,5,11770,11770.0,0
206050,6,14,19955,19955.0,0
206108,14,39,61268,61268.0,525
206119,13,31,40175,40175.0,899
206207,15,47,75082,75082.0,506
206284,6,72,115530,173295.0,530
206328,14,32,59244,59244.0,417
206332,0,0,0,0.0,0
206366,15,49,73100,73100.0,817
206466,5,22,34028,51042.0,0
206576,0,0,0,0.0,0
206591,16,50,74997,74997.0,1257
206680,17,38,50703,50703.0,901
206772,13,35,55019,55019.0,0
206773,16,45,73907,73907.0,473
206871,15,56,75857,75857.0,3199
206890,15,36,52085,52085.0,0
206914,13,44,64158,64158.0,975
206925,14,42,54503,54503.0,960
206947,11,25,40637,40637.0,0
206992,13,39,52198,52198.0,1234
207001,17,49,81704,81704.0,789
207047,3,7,9730,9730.0,406
207110,12,30,54484,54484.0,924
207195,12,30,41480,41480.0,1809
207220,15,42,62501,62501.0,581
207372,8,27,40811,40811.0,0
207453,16,40,54582,54582.0,1504
207484,0,0,0,0.0,0
207492,16,42,70183,70183.0,390
207500,18,51,79647,79647.0,1064
207543,13,35,61349,61349.0,1743
207576,18,44,64687,64687.0,1191
207821,11,21,37991,37991.0,377
207860,6,18,20230,20230.0,445
207865,14,35,41121,41121.0,1063
208234,15,42,59724,59724.0,338
208241,3,11,15478,15478.0,477
208256,13,37,58969,58969.0,0
208323,13,27,31800,31800.0,1829
208329,16,49,71578,71578.0,1806
208368,8,27,32321,48481.5,0
208375,5,14,26006,26006.0,1154
208485,24,70,113074,113074.0,0
208517,6,33,42860,64290.0,728
208553,12,38,50483,50483.0,0
208584,13,30,57168,57168.0,1074
208585,0,0,0,0.0,0
208586,9,21,36773,36773.0,0
208630,0,0,0,0.0,0
208634,15,39,58486,58486.0,354
208649,13,32,41589,41589.0,331
208668,1,1,513,513.0,542
208787,15,43,71049,71049.0,637
208940,19,44,79386,79386.0,913
208961,8,87,150188,225282.0,900
208967,18,53,73662,73662.0,1551
209021,10,32,42852,42852.0,0
209022,14,33,51953,51953.0,0
209058,10,23,32198,32198.0,1529
209102,15,38,59426,59426.0,407
209107,0,0,0,0.0,0
209134,6,15,24327,24327.0,648
209172,14,35,55895,55895.0,1464
209249,9,29,38354,38354.0,2014
209357,18,46,81419,81419.0,996
209405,12,34,50364,50364.0,809
209675,14,28,43912,43912.0,1265
209729,17,45,71969,71969.0,729
209787,15,36,68202,68202.0,419
209831,13,27,39642,39642.0,530
209846,0,0,0,0.0,0
209850,4,10,9051,9051.0,0
209886,18,54,96291,96291.0,373
209994,15,42,65135,65135.0,575
210100,3,5,10953,10953.0,0
210148,2,5,5723,5723.0,0
210205,13,33,54085,54085.0,0
210226,13,36,59622,59622.0,0
210236,12,31,45881,45881.0,1045
210247,6,13,19133,19133.0,0
210291,10,31,48481,48481.0,1799
210298,15,45,58097,58097.0,1681
210339,15,36,52403,52403.0,1750
210385,4,29,46552,69828.0,395
210416,16,47,63329,63329.0,0
210442,5,26,34300,51450.0,0
210485,0,0,0,0.0,0
210498,17,42,55962,55962.0,829
210630,16,46,69702,69702.0,1735
210647,16,43,69140,69140.0,859
210725,15,38,58667,58667.0,0
210734,16,39,53540,53540.0,1681
210746,0,0,0,0.0,0
210752,13,29,41886,41886.0,379
210755,16,49,77011,77011.0,387
210761,8,16,24918,24918.0,429
210770,14,32,53633,53633.0,0
210815,10,22,33839,33839.0,439
210835,16,43,57943,57943.0,1145
210870,5,21,36546,36546.0,807
210910,15,40,53950,53950.0,0
211030,10,24,37050,37050.0,972
211043,19,50,86456,86456.0,0
211058,14,45,64382,64382.0,701
211083,15,40,59425,59425.0,929
211217,10,30,42117,42117.0,0
211475,10,16,27679,27679.0,0
211524,10,29,40931,40931.0,1432
211549,15,46,80751,80751.0,570
211575,9,27,40428,40428.0,413
211589,12,38,61780,61780.0,978
211625,16,46,59314,59314.0,1092
211714,20,49,59866,59866.0,3025
211715,1,3,3216,3216.0,0
211755,13,33,50753,50753.0,4336
211802,9,33,47813,47813.0,504
211842,13,39,72128,72128.0,987
211891,12,41,56171,56171.0,0
211966,12,32,42771,42771.0,470
211984,9,19,26506,26506.0,560
212128,6,44,69528,104292.0,0
212130,16,49,70248,70248.0,1116
212189,15,40,45537,45537.0,484
212209,15,36,61192,61192.0,1037
212230,17,50,69035,69035.0,913
212301,6,18,26099,26099.0,618
212304,13,27,43544,43544.0,561
212350,12,39,56585,56585.0,0
212477,10,22,36835,36835.0,779
212484,8,19,30618,30618.0,476
212493,0,0,0,0.0,0
212544,10,25,30161,30161.0,1323
212553,1,3,4860,4860.0,0
212579,2,3,6365,6365.0,597
212602,5,42,84250,126375.0,0
212604,13,39,59781,59781.0,1174
212695,1,1,2385,2385.0,541
212707,16,40,52008,52008.0,1270
212735,14,36,56730,56730.0,1452
212762,11,27,38993,38993.0,1727
212848,5,8,15541,15541.0,0
212849,14,31,51624,51624.0,781
212862,13,31,41076,41076.0,1886
212977,3,5,6118,6118.0,1130
213013,14,43,66774,66774.0,1749
213086,8,20,30740,30740.0,687
213112,9,29,39069,39069.0,807
213113,14,35,45476,45476.0,0
213177,16,51,74513,74513.0,1151
213246,8,24,44663,44663.0,0
213297,15,36,53799,53799.0,452
213303,15,44,71657,71657.0,1300
213432,13,30,43254,43254.0,492
213480,10,25,48835,48835.0,0
213545,4,11,15102,15102.0,0
213723,15,38,54376,54376.0,0
213813,14,39,57337,57337.0,621
213841,13,30,50766,50766.0,2667
213934,15,36,52919,52919.0,825
213979,14,38,56521,56521.0,1335
214020,15,38,45561,45561.0,523
214030,17,45,61765,61765.0,3039
214095,7,59,122191,183286.5,1333
214123,1,3,3687,3687.0,0
214322,8,22,36698,36698.0,628
214354,14,39,55051,55051.0,2254
214504,13,38,74204,74204.0,578
214605,14,36,56694,56694.0,1809
214639,16,46,59326,59326.0,1263
214661,12,29,43260,43260.0,1168
214878,11,21,35738,35738.0,1108
214995,11,35,37013,37013.0,907
215051,9,27,40559,40559.0,0
215089,17,43,67069,67069.0,1967
215257,13,37,59878,59878.0,1279
215260,11,27,45406,45406.0,1606
215294,0,0,0,0.0,0
215314,0,0,0,0.0,0
215508,26,80,124753,124753.0,2934
215567,14,34,48963,48963.0,830
215626,16,40,75555,75555.0,440
215639,6,9,14576,14576.0,0
215651,12,39,49831,49831.0,746
215719,5,8,8944,8944.0,0
215751,0,0,0,0.0,0
215840,12,31,39572,39572.0,1765
215869,13,31,45019,45019.0,0
215952,11,27,32124,32124.0,328
215955,8,23,32802,32802.0,637
216040,16,40,62037,62037.0,954
216072,2,9,18212,18212.0,0
216095,4,14,16579,24868.5,1228
216109,14,36,57980,57980.0,592
216139,19,47,63670,63670.0,1805
216269,19,48,78139,78139.0,1511
216359,1,3,2790,2790.0,0
216445,0,0,0,0.0,0
216467,13,32,47261,47261.0,920
216487,17,45,56569,56569.0,545
216500,0,0,0,0.0,0
216517,15,44,65178,65178.0,674
216573,15,40,44250,44250.0,0
216596,7,46,57711,86566.5,602
216652,4,51,89910,134865.0,323
216658,16,49,77478,77478.0,1208
216661,8,42,55779,83668.5,560
216666,0,0,0,0.0,0
216683,16,47,66720,66720.0,1714
216719,14,37,58476,58476.0,903
216725,15,38,54909,54909.0,465
216762,12,32,48202,48202.0,798
216937,0,0,0,0.0,0
216946,16,43,54715,54715.0,1992
217051,14,33,48833,48833.0,2032
217054,12,38,51467,51467.0,2505
217124,14,29,57365,57365.0,1306
217204,15,36,61567,61567.0,760
217235,0,0,0,0.0,0
217284,0,0,0,0.0,0
217364,6,63,90179,135268.5,0
217401,5,9,11377,11377.0,0
217497,0,0,0,0.0,0
217616,3,8,16606,16606.0,0
217695,14,41,74109,74109.0,1595
217754,12,32,52110,52110.0,0
217761,8,21,24646,24646.0,0
217772,7,16,24302,24302.0,490
217792,17,37,55489,55489.0,444
217802,9,19,28253,28253.0,570
217862,14,44,73609,73609.0,523
217967,4,12,22785,22785.0,0
218122,17,45,72772,72772.0,522
218127,5,13,25033,25033.0,0
218241,16,49,73427,73427.0,397
218277,18,61,102110,102110.0,1150
218278,9,77,131501,197251.5,0
218311,16,40,59846,59846.0,0
218362,13,26,43437,43437.0,0
218373,0,0,0,0.0,0
218383,10,33,58813,58813.0,456
218425,16,48,69910,69910.0,1605
218529,12,24,31680,31680.0,0
218538,9,21,35815,35815.0,391
218545,13,37,58236,58236.0,1316
218601,14,36,51117,51117.0,634
218757,7,17,25627,25627.0,632
218917,11,30,37588,37588.0,1492
219043,9,23,36645,36645.0,1975
219139,10,25,30754,30754.0,1115
219160,0,0,0,0.0,0
219270,4,12,25519,25519.0,0
219276,13,42,60131,60131.0,628
219413,14,41,61809,61809.0,1996
219431,7,55,75714,113571.0,1417
219555,10,26,36461,36461.0,0
219646,0,0,0,0.0,0
219714,14,42,66195,66195.0,1325
219747,12,34,49193,49193.0,1597
219779,12,31,45653,45653.0,630
219806,0,0,0,0.0,0
219984,4,24,27298,40947.0,0
220131,7,80,136266,204399.0,0
220139,0,0,0,0.0,0
220244,16,38,49233,49233.0,2561
220315,4,17,23926,23926.0,0
220358,13,29,51565,51565.0,1117
220538,6,17,28234,28234.0,415
220564,14,40,51874,51874.0,605
220601,0,0,0,0.0,0
220616,19,58,83753,83753.0,1763
220794,11,39,60376,60376.0,1417
220802,13,25,36512,36512.0,1497
220806,15,41,52012,52012.0,1010
220808,7,69,132850,199275.0,692
220822,17,49,77038,77038.0,1201
220892,11,32,42201,42201.0,961
221014,1,3,6000,6000.0,0
221075,11,28,45468,45468.0,0
221204,14,39,62985,62985.0,375
221205,15,44,70395,70395.0,393
221254,11,33,50773,50773.0,2119
221287,13,29,41107,41107.0,388
221328,14,32,48967,48967.0,495
221345,12,32,34589,34589.0,0
221361,0,0,0,0.0,0
221388,16,36,53419,53419.0,441
221446,11,37,68716,68716.0,0
221469,15,42,50165,50165.0,975
221595,3,3,3954,3954.0,0
221627,0,0,0,0.0,0
221643,15,41,44906,44906.0,1316
221709,0,0,0,0.0,0
221721,14,31,40944,40944.0,956
221775,13,39,49938,49938.0,0
221813,5,39,70626,105939.0,0
221862,18,52,78438,78438.0,1651
221993,10,22,32201,32201.0,396
222050,4,56,35696,53544.0,851
222065,16,45,62819,62819.0,423
222102,18,59,83589,83589.0,946
222278,9,22,38881,38881.0,1527
222280,4,37,74701,112051.5,349
222425,0,0,0,0.0,0
222453,15,41,72945,72945.0,599
222490,14,29,46890,46890.0,1456
222644,0,0,0,0.0,0
222702,3,9,15516,15516.0,0
222743,12,32,45459,45459.0,516
222748,17,46,73263,73263.0,368
222874,15,32,54227,54227.0,2440
222929,17,38,64773,64773.0,550
222960,15,37,46264,46264.0,0
223018,1,3,4152,4152.0,0
223081,0,0,0,0.0,0
223238,0,0,0,0.0,0
223313,10,18,29623,29623.0,0
223354,13,38,53305,53305.0,557
223380,1,2,4670,4670.0,0
223534,17,51,66143,66143.0,420
223587,12,28,45681,45681.0,554
223632,16,46,58670,58670.0,1061
223638,0,0,0,0.0,0
223643,4,10,9259,9259.0,1075
223684,1,2,4014,4014.0,0
223946,14,43,56951,56951.0,434
223958,13,31,56663,56663.0,0
224000,14,37,53154,53154.0,1016
224130,20,51,74581,74581.0,786
224132,0,0,0,0.0,0
224178,0,0,0,0.0,0
224298,10,26,39478,39478.0,1069
224384,16,43,52699,52699.0,1847
224402,13,33,51766,51766.0,0
224530,0,0,0,0.0,0
224607,1,3,6006,6006.0,0
224661,19,70,113928,113928.0,535
224664,19,48,74083,74083.0,958
224666,4,17,22118,22118.0,0
224676,0,0,0,0.0,0
224691,10,30,47456,47456.0,0
224740,17,62,71854,71854.0,3227
224842,4,13,17536,17536.0,0
224854,14,32,44945,44945.0,323
224924,14,38,62536,62536.0,0
224952,17,48,74695,74695.0,732
225067,13,32,39952,39952.0,780
225077,14,35,50362,50362.0,974
225087,18,53,69380,69380.0,0
225088,11,32,48849,48849.0,0
225205,2,10,14625,14625.0,799
225262,18,53,85108,85108.0,0
225279,8,70,119991,179986.5,372
225318,16,40,61273,61273.0,486
225327,15,32,47942,47942.0,0
225363,13,37,49546,49546.0,1297
225482,13,31,53389,53389.0,486
225486,16,44,66846,66846.0,988
225529,0,0,0,0.0,0
225576,7,30,48758,73137.0,0
225656,2,3,4351,4351.0,0
225743,0,0,0,0.0,0
225746,14,45,57488,57488.0,379
225748,0,0,0,0.0,0
225891,14,41,58927,58927.0,1963
225920,12,28,37506,37506.0,552
225930,7,28,50359,75538.5,615
225972,7,16,30240,30240.0,826
226176,0,0,0,0.0,0
226191,11,43,63083,63083.0,1265
226194,13,39,59188,59188.0,553
226360,17,41,56344,56344.0,1370
226387,4,14,22256,22256.0,0
226422,17,54,82356,82356.0,591
226511,12,28,43861,43861.0,1317
226643,9,21,29008,29008.0,434
226710,13,33,50698,50698.0,1463
226804,1,1,1363,1363.0,552
226842,16,50,80115,80115.0,1424
226847,0,0,0,0.0,0
226866,9,23,37146,37146.0,463
226924,5,47,70730,106095.0,0
227008,14,38,55131,55131.0,2219
227015,14,32,47297,47297.0,449
227234,9,19,24307,24307.0,1191
227239,13,33,48061,48061.0,1460
227274,2,6,10160,10160.0,0
227293,14,38,59386,59386.0,1394
227303,3,11,15711,15711.0,1144
227398,3,7,12464,12464.0,0
227429,19,61,86951,86951.0,803
227433,0,0,0,0.0,0
227547,17,49,64767,64767.0,2746
227796,15,43,75339,75339.0,1976
227804,11,23,36846,36846.0,2064
227808,7,59,82924,124386.0,585
227906,12,28,53626,53626.0,774
228030,4,12,14248,14248.0,0
228151,10,30,49417,49417.0,1159
228273,17,50,57748,57748.0,2883
228469,0,0,0,0.0,0
228557,5,14,14920,14920.0,0
228580,15,34,42744,42744.0,2307
228673,15,42,46085,46085.0,344
228748,17,49,64949,64949.0,0
228772,4,7,8310,8310.0,0
228820,6,18,28965,28965.0,0
228896,11,24,32161,32161.0,546
228984,13,31,48466,48466.0,1509
228995,12,39,56737,56737.0,2321
229075,0,0,0,0.0,0
229094,14,29,52996,52996.0,744
229166,20,54,84176,84176.0,3213
229204,4,8,11772,11772.0,686
229210,13,37,47295,47295.0,1568
229265,9,29,45554,45554.0,900
229308,0,0,0,0.0,0
229391,1,4,4000,4000.0,0
229436,9,29,33100,33100.0,642
229530,15,50,77667,77667.0,1092
229612,13,39,56862,56862.0,2490
229621,14,39,49845,49845.0,446
229636,0,0,0,0.0,0
229677,16,43,70404,70404.0,1492
229692,7,23,25625,25625.0,0
229842,18,58,84062,84062.0,1194
229861,0,0,0,0.0,0
230027,14,45,66449,66449.0,2722
230070,3,5,6398,6398.0,0
230101,13,36,43356,43356.0,458
230124,1,3,3753,3753.0,0
230240,14,48,63396,63396.0,1503
230311,11,38,66250,66250.0,1226
230337,8,19,28662,28662.0,454
230429,17,50,88371,88371.0,312
230560,4,24,52960,79440.0,0
230687,8,13,19467,19467.0,1176
230693,14,37,59303,59303.0,2308
230763,17,52,59584,59584.0,2068
230840,13,27,36669,36669.0,581
230908,16,49,66022,66022.0,822
230942,14,43,60902,60902.0,958
231013,13,42,75634,75634.0,903
231047,10,23,32545,32545.0,0
231080,2,6,8937,8937.0,394
231084,14,39,58998,58998.0,444
231090,17,36,51841,51841.0,1840
231273,14,40,57800,57800.0,1355
231319,0,0,0,0.0,0
231462,13,31,40801,40801.0,1073
231508,15,41,71228,71228.0,765
231530,14,28,43680,43680.0,445
231592,12,32,48469,48469.0,399
231614,14,41,60144,60144.0,835
231641,19,46,61282,61282.0,648
231755,16,41,59667,59667.0,1643
231843,15,39,52366,52366.0,1569
231992,4,44,69024,103536.0,0
232022,13,30,48202,48202.0,990
232137,17,38,44528,44528.0,547
232203,9,14,22280,22280.0,0
232290,13,32,37915,37915.0,0
232317,0,0,0,0.0,0
232395,19,57,77145,77145.0,301
232426,0,0,0,0.0,0
232450,11,29,41743,41743.0,1609
232533,2,7,9372,9372.0,0
232555,15,39,53849,53849.0,1156
232579,5,13,19044,19044.0,0
232609,14,30,45876,45876.0,1207
232685,16,39,59916,59916.0,0
232703,18,52,83758,83758.0,0
232755,4,38,53818,80727.0,0
232871,17,53,78586,78586.0,351
232884,2,5,5678,5678.0,0
232907,2,5,7370,7370.0,704
232924,11,31,41233,41233.0,1513
233017,12,25,40459,40459.0,895
233051,0,0,0,0.0,0
233084,19,57,87153,87153.0,2918
233437,6,19,34588,34588.0,0
233646,11,26,36821,36821.0,0
233738,15,39,54492,54492.0,1684
233768,14,37,49456,49456.0,548
233774,4,14,26648,26648.0,1131
233819,10,29,53540,53540.0,1080
233831,0,0,0,0.0,0
233877,0,0,0,0.0,0
233958,17,43,56932,56932.0,381
233969,11,28,41543,41543.0,2616
233991,11,22,32261,32261.0,877
234047,14,39,63062,63062.0,389
234256,18,52,71974,71974.0,438
234435,15,33,43226,43226.0,0
234454,3,7,7867,7867.0,0
234515,16,46,77097,77097.0,343
234562,15,38,49049,49049.0,530
234588,16,56,83316,83316.0,1242
234630,15,47,62729,62729.0,874
234807,14,33,59504,59504.0,2153
234836,7,14,13999,13999.0,751
234866,12,30,46360,46360.0,2056
234878,17,50,87691,87691.0,621
234895,9,22,29197,29197.0,0
234922,9,23,40187,40187.0,0
234973,14,41,58866,58866.0,977
235030,0,0,0,0.0,0
235063,11,29,39431,39431.0,499
235092,16,44,73522,73522.0,596
235102,18,47,76151,76151.0,462
235220,0,0,0,0.0,0
235229,8,78,123090,184635.0,664
235391,13,37,56270,56270.0,871
235398,17,48,67457,67457.0,0
235428,17,43,53083,53083.0,1298
235454,7,16,21943,21943.0,293
235459,14,36,57419,57419.0,2000
235506,8,21,31394,31394.0,644
235585,4,8,15229,15229.0,0
235629,3,14,29126,29126.0,0
235683,10,24,36858,36858.0,498
235709,11,29,37106,37106.0,1229
235716,11,27,35566,35566.0,588
235857,13,28,31899,31899.0,800
235872,14,44,56477,56477.0,1221
235882,12,24,33568,33568.0,645
235885,13,32,62086,62086.0,765
235930,13,41,63827,63827.0,1004
236001,17,42,70094,70094.0,2575
236003,16,39,58453,58453.0,784
236026,17,48,62334,62334.0,0
236037,0,0,0,0.0,0
236093,12,38,66739,66739.0,1096
236129,12,23,34136,34136.0,537
236165,11,27,38788,38788.0,1252
236300,0,0,0,0.0,0
236395,17,46,66223,66223.0,0
236593,16,40,69611,69611.0,1256
236701,1,12,28944,43416.0,0
236710,16,42,69459,69459.0,832
236767,14,32,48304,48304.0,402
236794,0,0,0,0.0,0
236874,12,38,64586,64586.0,1025
237018,16,41,70338,70338.0,471
237094,29,85,139596,139596.0,552
237105,10,28,40822,40822.0,0
237106,9,20,35646,35646.0,1236
237107,0,0,0,0.0,0
237274,14,35,53982,53982.0,1021
237293,15,40,54008,54008.0,946
237303,14,36,48377,48377.0,1097
237312,6,36,47666,71499.0,530
237319,5,8,10429,10429.0,0
237402,17,47,84876,84876.0,1328
237434,16,35,44051,44051.0,1196
237492,9,30,41401,41401.0,908
237586,6,24,37680,37680.0,800
237651,14,39,59912,59912.0,1368
237729,16,40,60777,60777.0,1905
237751,2,5,9257,9257.0,0
237770,19,49,74796,74796.0,1391
237858,6,48,75304,112956.0,0
237888,12,32,45154,45154.0,701
237984,16,43,68790,68790.0,908
238063,0,0,0,0.0,0
238070,0,0,0,0.0,0
238119,15,50,78117,78117.0,611
238156,16,43,57055,57055.0,1293
238193,12,31,46590,46590.0,1110
238233,10,24,34793,34793.0,0
238342,4,34,31894,47841.0,0
238367,7,16,23897,23897.0,1257
238434,17,37,57856,57856.0,1149
238442,15,40,57126,57126.0,1923
238556,18,45,68158,68158.0,455
238607,16,37,64903,64903.0,1478
238640,11,19,33417,33417.0,0
238647,14,37,62105,62105.0,477
238649,15,33,53933,53933.0,0
238752,15,40,47912,47912.0,674
238753,17,45,73371,73371.0,968
238796,11,25,36073,36073.0,391
238814,15,39,53855,53855.0,955
238939,5,10,13545,13545.0,0
239027,19,43,60094,60094.0,3105
239182,13,32,46436,46436.0,898
239184,21,68,102428,102428.0,0
239221,0,0,0,0.0,0
239276,12,30,36332,36332.0,1089
239457,6,53,87768,131652.0,0
239476,12,37,47578,47578.0,1335
239490,13,35,53464,53464.0,0
239525,6,40,53314,79971.0,0
239605,16,40,60109,60109.0,1403
239606,12,32,54543,54543.0,440
239749,4,53,88992,133488.0,0
239892,19,56,81144,81144.0,2400
239955,8,83,119214,178821.0,0
239956,16,44,67017,67017.0,1039
239970,16,41,56308,56308.0,365
240044,16,53,92038,92038.0,1804
240132,18,38,58892,58892.0,1346
240135,6,24,35996,35996.0,567
240141,6,11,12835,12835.0,431
240143,6,13,21681,21681.0,0
240209,13,34,41693,41693.0,0
240299,0,0,0,0.0,0
240330,12,32,45753,45753.0,1027
240362,13,26,49435,49435.0,1523
240365,2,5,8379,8379.0,0
240442,13,30,42618,42618.0,413
240476,17,49,64208,64208.0,505
240500,2,5,4481,4481.0,0
240760,13,35,47136,47136.0,0
240761,11,28,57226,57226.0,496
240774,1,4,5640,5640.0,0
240829,15,39,65498,65498.0,0
240861,0,0,0,0.0,0
240886,14,30,46327,46327.0,1861
240942,16,45,76263,76263.0,0
240963,6,43,64867,97300.5,2200
241038,15,48,61986,61986.0,2540
241069,0,0,0,0.0,0
241144,21,49,77973,77973.0,995
241165,0,0,0,0.0,0
241167,12,38,71008,71008.0,565
241374,12,36,52077,52077.0,1596
241391,14,32,48360,48360.0,409
241421,14,28,40993,40993.0,0
241436,16,34,58633,58633.0,456
241455,3,7,9491,9491.0,0
241468,4,13,15147,15147.0,585
241495,10,29,36364,36364.0,395
241600,16,47,74019,74019.0,1413
241641,8,24,28502,28502.0,881
241675,16,52,69618,69618.0,463
241677,15,40,71736,71736.0,0
241714,14,38,63379,63379.0,734
241849,10,28,42954,42954.0,980
241854,0,0,0,0.0,0
241967,17,51,96506,96506.0,348
241990,0,0,0,0.0,0
242028,15,47,77014,77014.0,1624
242203,0,0,0,0.0,0
242288,15,39,65577,65577.0,0
242304,14,41,51083,51083.0,0
242348,14,32,46210,46210.0,367
242377,0,0,0,0.0,0
242387,4,48,89368,134052.0,811
242637,0,0,0,0.0,0
242719,0,0,0,0.0,0
242779,18,52,66526,66526.0,1517
242789,14,45,58784,58784.0,1135
242812,17,43,70824,70824.0,1601
242839,0,0,0,0.0,0
242917,16,40,71814,71814.0,468
242980,0,0,0,0.0,0
243001,0,0,0,0.0,0
243005,12,33,53801,53801.0,1266
243018,11,35,54041,54041.0,0
243061,11,30,49428,49428.0,545
243153,0,0,0,0.0,0
243191,15,36,49489,49489.0,424
243272,0,0,0,0.0,0
243273,0,0,0,0.0,0
243294,7,20,31382,31382.0,0
243444,14,40,64312,64312.0,1098
243455,13,37,56598,56598.0,1060
243557,11,32,49393,49393.0,0
243642,16,37,54760,54760.0,1552
243696,19,55,76875,76875.0,522
243713,7,69,118487,177730.5,0
243726,0,0,0,0.0,0
243734,9,19,33845,33845.0,454
243741,27,79,122523,122523.0,1568
243751,12,28,33691,33691.0,474
243965,3,9,12727,12727.0,382
244032,12,36,56058,56058.0,1445
244039,17,48,76029,76029.0,1774
244099,7,80,133225,199837.5,495
244132,18,43,75012,75012.0,1541
244245,16,43,67096,67096.0,1386
244271,14,38,48910,48910.0,538
244296,13,40,70463,70463.0,751
244308,17,43,55016,55016.0,336
244367,18,53,74213,74213.0,2281
244387,16,47,58847,58847.0,410
244398,16,40,62235,62235.0,1689
244414,14,33,55165,55165.0,887
244419,5,74,115009,172513.5,0
244475,16,48,71504,71504.0,481
244527,0,0,0,0.0,0
244538,15,43,74174,74174.0,1029
244595,1,3,5643,5643.0,0
244611,17,43,59311,59311.0,1151
244652,11,32,51565,51565.0,305
244676,9,29,45452,45452.0,827
244721,3,10,19329,19329.0,1181
244734,0,0,0,0.0,0
244762,12,22,32357,32357.0,1673
244844,2,7,8652,8652.0,615
244865,9,31,51764,51764.0,1204
244925,13,31,45673,45673.0,0
245066,7,54,84792,127188.0,0
245227,4,16,28873,28873.0,0
245289,16,56,82022,82022.0,1823
245307,2,7,6287,6287.0,395
245356,12,33,40174,40174.0,1554
245419,18,51,70449,70449.0,1020
245440,1,3,3930,3930.0,0
245465,15,45,68549,68549.0,1609
245575,9,15,17774,17774.0,1455
245604,15,45,65175,65175.0,2139
245671,0,0,0,0.0,0
245800,14,41,63033,63033.0,1076
245929,11,30,53044,53044.0,0
246059,8,29,39347,39347.0,544
246117,3,9,12983,12983.0,0
246187,15,37,51683,51683.0,1795
246273,17,43,54536,54536.0,537
246323,9,26,43815,43815.0,936
246399,0,0,0,0.0,0
246405,14,44,78044,78044.0,1759
246421,7,87,140602,210903.0,1016
246517,11,24,36085,36085.0,698
246571,15,44,69742,69742.0,912
246581,0,0,0,0.0,0
246591,11,27,38952,38952.0,0
246690,7,41,71156,106734.0,0
246722,7,13,15424,15424.0,511
246734,11,29,47418,47418.0,686
246736,14,36,49762,49762.0,1476
246737,16,43,59544,59544.0,440
246775,8,20,27912,27912.0,0
246800,11,26,42135,42135.0,0
246911,2,5,10999,10999.0,0
246935,17,42,68646,68646.0,1735
247050,10,31,47072,47072.0,1591
247103,0,0,0,0.0,0
247180,18,53,70723,70723.0,0
247220,15,36,52412,52412.0,1921
247247,6,13,18349,18349.0,0
247391,4,6,12328,12328.0,0
247433,10,26,38767,38767.0,0
247471,15,39,73380,73380.0,1283
247514,15,39,53393,53393.0,451
247551,17,53,91977,91977.0,1195
247607,12,30,55127,55127.0,696
247645,13,37,58809,58809.0,0
247680,12,25,38420,38420.0,1407
247692,2,2,2399,2399.0,0
247714,12,40,62947,62947.0,510
247721,14,36,59668,59668.0,969
247833,3,5,5190,5190.0,607
248011,13,33,51146,51146.0,676
248138,14,35,54410,54410.0,2032
248196,3,10,16345,16345.0,353
248265,13,39,57760,57760.0,375
248356,17,48,64174,64174.0,1056
248433,13,39,67066,67066.0,312
248445,3,6,8762,8762.0,0
248461,14,44,70111,70111.0,0
248487,16,46,69854,69854.0,1067
248497,0,0,0,0.0,0
248593,17,43,79040,79040.0,509
248620,15,38,58253,58253.0,1357
248664,0,0,0,0.0,0
248752,2,7,7841,7841.0,0
248885,14,43,68201,68201.0,761
248886,0,0,0,0.0,0
248950,4,9,16740,16740.0,0
248952,14,26,43227,43227.0,820
249019,19,49,72758,72758.0,1097
249224,16,47,86446,86446.0,999
249270,7,55,75889,113833.5,0
249352,14,39,49985,49985.0,1540
249381,20,52,85401,85401.0,2171
249408,5,34,67884,101826.0,447
249466,12,41,61241,61241.0,2437
249555,13,41,65874,65874.0,0
249559,14,32,41548,41548.0,1250
249639,1,2,4944,4944.0,0
249693,15,52,90315,90315.0,572
249723,17,44,50937,50937.0,926
249795,10,27,36218,36218.0,803
249811,9,18,21595,21595.0,540
249813,21,58,70086,70086.0,1960
249833,4,12,20215,20215.0,596
249841,12,30,41465,41465.0,762
249982,16,48,78776,78776.0,1386
250089,0,0,0,0.0,0
250194,0,0,0,0.0,0
250280,16,32,47923,47923.0,1302
250311,14,48,71808,71808.0,1579
250315,19,49,77173,77173.0,1301
250363,5,50,66292,99438.0,0
250380,11,26,45760,45760.0,0
250391,4,11,14814,14814.0,0
250422,15,34,40813,40813.0,1176
250540,1,4,8260,8260.0,0
250586,16,40,53137,53137.0,1624
250609,3,6,9713,9713.0,582
250619,14,35,61564,61564.0,404
250696,13,29,43945,43945.0,1135
250711,9,22,28128,28128.0,0
250854,11,33,48493,48493.0,1427
250921,16,48,78458,78458.0,1908
251012,11,24,34853,34853.0,1367
251020,0,0,0,0.0,0
251023,17,43,52303,52303.0,2309
251081,1,2,4852,4852.0,0
251095,15,46,57513,57513.0,1291
251116,1,1,1367,1367.0,0
251195,14,33,45821,45821.0,2628
251211,6,19,31285,31285.0,720
251223,10,24,35762,35762.0,2069
251324,13,47,67889,67889.0,491
251432,13,36,66747,66747.0,529
251436,14,42,62050,62050.0,0
251521,3,8,9943,9943.0,0
251641,12,31,36512,36512.0,761
251779,12,26,41740,41740.0,578
251874,9,25,28673,28673.0,435
251950,12,35,51757,51757.0,1715
252082,14,39,65567,65567.0,883
252110,9,24,34936,34936.0,2898
252135,0,0,0,0.0,0
252136,17,40,53625,53625.0,1429
252147,4,48,101404,152106.0,0
252165,0,0,0,0.0,0
252271,19,48,72862,72862.0,0
252341,14,41,64932,64932.0,336
252419,12,37,47890,47890.0,1982
252450,6,50,78860,118290.0,580
252472,0,0,0,0.0,0
252476,14,24,37761,37761.0,1334
252531,0,0,0,0.0,0
252563,3,9,18282,18282.0,394
252628,0,0,0,0.0,0
252679,8,23,34988,34988.0,617
252782,16,48,70612,70612.0,1032
252954,15,38,58436,58436.0,0
253046,17,40,60481,60481.0,540
253056,0,0,0,0.0,0
253082,0,0,0,0.0,0
253098,17,47,77545,77545.0,1068
253210,11,21,26172,26172.0,1496
253282,10,31,51935,51935.0,0
253283,5,17,17959,17959.0,593
253412,0,0,0,0.0,0
253466,7,19,21990,21990.0,1032
253528,11,34,48432,48432.0,1041
253601,14,37,62723,62723.0,875
253609,6,30,52841,79261.5,0
253619,12,23,30626,30626.0,301
253635,19,47,65445,65445.0,0
253689,10,34,50891,50891.0,0
253825,15,39,63419,63419.0,1322
253852,15,44,54856,54856.0,1373
254097,5,36,62370,93555.0,577
254161,0,0,0,0.0,0
254230,13,36,51176,51176.0,1056
254361,13,42,66471,66471.0,700
254371,14,42,72331,72331.0,750
254372,15,39,63302,63302.0,1474
254428,4,16,24281,24281.0,0
254546,12,29,38683,38683.0,458
254567,4,17,23562,23562.0,0
254575,15,39,59247,59247.0,1532
254579,12,27,37137,37137.0,518
254667,19,44,73385,73385.0,0
254683,15,42,71074,71074.0,1064
254745,5,28,53360,80040.0,0
254853,12,22,33579,33579.0,427
254860,13,33,42440,42440.0,0
254940,16,50,52798,52798.0,1595
255019,0,0,0,0.0,0
255028,4,8,9349,9349.0,0
255032,4,12,22216,22216.0,547
255087,16,46,75870,75870.0,1306
255108,13,40,59921,59921.0,1317
255183,0,0,0,0.0,0
255215,12,21,36177,36177.0,460
255267,14,37,56511,56511.0,0
255320,15,48,80641,80641.0,1647
255333,12,38,54470,54470.0,422
255425,17,43,64634,64634.0,1179
255475,29,79,109249,109249.0,862
255509,14,39,56608,56608.0,1431
255546,15,48,82143,82143.0,1189
255623,0,0,0,0.0,0
255653,11,31,51086,51086.0,762
255718,17,36,54399,54399.0,761
255740,11,34,51496,51496.0,874
255767,1,1,1902,1902.0,0
255818,3,10,16098,16098.0,0
255836,30,94,137673,137673.0,1777
255951,12,38,62819,62819.0,600
255994,4,52,77352,116028.0,1247
256003,18,48,69597,69597.0,600
256013,13,32,54200,54200.0,2584
256135,13,31,46286,46286.0,524
256147,17,46,71626,71626.0,339
256188,9,27,31975,31975.0,371
256189,0,0,0,0.0,0
256198,6,10,11834,11834.0,0
256323,13,37,70731,70731.0,1375
256360,10,30,44373,44373.0,1100
256434,17,50,70513,70513.0,846
256467,0,0,0,0.0,0
256483,13,39,55935,55935.0,0
256486,10,23,42270,42270.0,0
256502,16,47,65688,65688.0,1031
256544,12,30,48843,48843.0,468
256574,15,38,52788,52788.0,1077
256627,2,5,10905,10905.0,0
256731,14,35,60396,60396.0,1118
256755,2,6,4771,4771.0,0
256821,4,8,12242,12242.0,850
256920,2,3,3944,3944.0,0
256945,0,0,0,0.0,0
257194,0,0,0,0.0,0
257236,18,53,80386,80386.0,0
257301,12,35,41723,41723.0,784
257369,3,11,16453,16453.0,0
257391,11,36,53467,53467.0,1644
257393,0,0,0,0.0,0
257417,14,39,61733,61733.0,1074
257440,9,17,27743,27743.0,1601
257463,3,8,11768,11768.0,0
257506,15,35,55415,55415.0,1649
257509,0,0,0,0.0,0
257575,10,24,29014,29014.0,499
257579,11,27,41036,41036.0,2393
257705,11,35,43940,43940.0,519
257820,2,7,5772,5772.0,0
257862,9,24,24925,24925.0,0
257864,0,0,0,0.0,0
257880,9,23,31997,31997.0,479
257981,15,42,69111,69111.0,3981
257985,7,16,28495,28495.0,956
258067,11,24,43070,43070.0,408
258088,15,42,67656,67656.0,448
258102,14,41,54450,54450.0,1045
258123,11,29,39948,39948.0,1065
258141,2,2,2125,2125.0,0
258166,12,38,43032,43032.0,646
258184,17,43,68635,68635.0,554
258202,16,43,53133,53133.0,537
258228,5,13,18284,18284.0,1120
258238,16,53,76306,76306.0,1767
258248,16,40,54562,54562.0,0
258296,7,19,30151,30151.0,1288
258323,16,36,51374,51374.0,383
258358,2,8,17559,17559.0,0
258408,8,62,87093,130639.5,543
258799,5,66,82266,123399.0,707
258849,14,29,39453,39453.0,1613
258860,14,43,61180,61180.0,1038
258951,13,32,51661,51661.0,484
259067,8,24,34616,34616.0,1073
259110,16,44,68398,68398.0,941
259170,3,6,7867,7867.0,0
259219,8,18,20109,20109.0,489
259252,13,28,42213,42213.0,371
259342,14,38,53177,53177.0,349
259446,13,24,38695,38695.0,636
259532,15,34,51831,51831.0,1503
259634,9,22,25825,25825.0,0
259700,1,1,1839,1839.0,0
259734,3,7,7815,7815.0,0
259789,8,68,125796,188694.0,600
259878,12,38,62659,62659.0,973
260000,15,40,51439,51439.0,1528
260106,2,6,10579,10579.0,0
260112,0,0,0,0.0,0
260155,18,44,70664,70664.0,1964
260245,20,62,97554,97554.0,1035
260285,0,0,0,0.0,0
260408,15,38,59473,59473.0,1299
260452,16,37,53099,53099.0,2272
260464,17,42,59116,59116.0,1147
260513,13,36,64869,64869.0,2322
260515,14,39,61704,61704.0,466
260622,12,27,33385,33385.0,1977
260685,16,39,59608,59608.0,0
260712,5,15,23652,23652.0,502
260714,17,53,77964,77964.0,1402
260726,14,39,68633,68633.0,1003
260838,14,44,69135,69135.0,713
260855,17,49,58786,58786.0,1269
261044,13,32,52193,52193.0,2816
261077,17,47,73903,73903.0,2134
261109,20,51,62130,62130.0,545
261125,17,34,57105,57105.0,0
261187,5,15,26863,26863.0,0
261229,11,26,36329,36329.0,1760
261273,3,26,52272,78408.0,0
261283,7,18,30001,30001.0,1397
261331,10,30,48877,48877.0,1209
261423,17,43,55130,55130.0,565
261426,5,8,7738,7738.0,934
261468,17,48,75528,75528.0,567
261573,13,36,44576,44576.0,617
261582,20,58,90928,90928.0,1944
261715,11,25,44041,44041.0,896
261767,0,0,0,0.0,0
261780,13,38,57394,57394.0,612
261787,18,47,78957,78957.0,2260
261789,12,26,42042,42042.0,490
261832,11,29,34438,34438.0,984
261957,16,40,58930,58930.0,2444
261964,15,39,55633,55633.0,0
262099,16,52,76073,76073.0,1043
262176,13,32,49731,49731.0,1179
262177,14,44,77118,77118.0,1906
262211,14,30,41912,41912.0,1416
262305,7,19,25957,25957.0,1585
262336,12,29,44568,44568.0,481
262351,4,12,24385,24385.0,1099
262366,13,50,77160,77160.0,0
262369,15,48,76425,76425.0,373
262374,17,45,57723,57723.0,0
262422,14,42,65992,65992.0,840
262467,15,44,83138,83138.0,1525
262508,9,22,36310,36310.0,879
262526,10,27,42711,42711.0,340
262562,13,41,78352,78352.0,570
262574,5,13,18135,18135.0,0
262586,11,28,44911,44911.0,0
262613,14,33,55781,55781.0,1158
262683,9,24,35055,35055.0,1220
262717,11,34,60701,60701.0,435
262770,4,35,50876,76314.0,722
262774,12,26,27325,27325.0,1681
262810,12,37,49824,49824.0,2129
262937,2,5,7503,7503.0,781
263055,18,42,59408,59408.0,548
263068,6,19,25306,25306.0,984
263069,14,37,53906,53906.0,1261
263080,12,29,38374,38374.0,346
263127,17,36,50119,50119.0,1072
263237,17,50,77278,77278.0,547
263246,13,49,62125,62125.0,1209
263260,12,37,47973,47973.0,957
263267,0,0,0,0.0,0
263302,7,18,23297,23297.0,1895
263339,14,40,72089,72089.0,2709
263402,5,13,18038,18038.0,1387
263433,17,46,49937,49937.0,1095
263569,11,23,35340,35340.0,538
263592,16,38,63553,63553.0,454
263612,6,20,34802,34802.0,452
263707,8,18,28142,28142.0,484
263729,0,0,0,0.0,0
263762,16,40,51398,51398.0,0
263763,11,21,24276,24276.0,1045
263766,13,38,57999,57999.0,747
263781,9,67,114472,171708.0,736
263812,16,45,65232,65232.0,1372
263822,8,20,30265,30265.0,526
263866,14,32,49702,49702.0,1045
263921,16,41,57904,57904.0,426
264018,13,39,44236,44236.0,368
264034,0,0,0,0.0,0
264050,0,0,0,0.0,0
264053,0,0,0,0.0,0
264064,5,15,18095,18095.0,0
264095,7,17,22462,22462.0,419
264107,8,45,44372,66558.0,645
264145,10,28,53069,53069.0,777
264234,13,36,59726,59726.0,1196
264236,13,31,49633,49633.0,354
264308,13,37,38528,38528.0,0
264331,15,34,47320,47320.0,1673
264365,6,17,34097,34097.0,0
264409,6,67,82831,124246.5,332
264486,15,46,73654,73654.0,727
264491,15,47,76177,76177.0,2196
264632,22,61,84240,84240.0,2105
264690,18,50,72348,72348.0,454
264701,11,19,24358,24358.0,0
264723,15,38,56934,56934.0,1480
264733,16,48,81674,81674.0,2447
264741,12,35,44402,44402.0,1947
264823,14,49,57331,57331.0,1958
264904,3,12,11190,11190.0,447
264936,14,40,45417,45417.0,539
265072,16,40,65176,65176.0,0
265226,14,50,77665,77665.0,957
265284,14,42,63060,63060.0,0
265297,3,11,16640,16640.0,0
265317,16,41,57751,57751.0,831
265383,15,47,61991,61991.0,381
265557,14,39,54930,54930.0,998
265566,12,31,50054,50054.0,1109
265575,13,35,57242,57242.0,409
265612,0,0,0,0.0,0
265665,1,3,6288,6288.0,0
265677,13,28,34943,34943.0,506
265784,0,0,0,0.0,0
265836,11,28,46733,46733.0,787
265975,16,35,55495,55495.0,311
266148,10,30,46038,46038.0,1015
266234,16,29,38127,38127.0,313
266284,15,33,56418,56418.0,435
266298,2,9,13707,13707.0,0
266326,0,0,0,0.0,0
266365,13,35,53158,53158.0,2450
266377,7,66,83264,124896.0,0
266429,7,21,37776,37776.0,0
266474,11,24,33511,33511.0,0
266479,10,29,49017,49017.0,881
266516,14,42,64892,64892.0,1452
266536,8,22,30821,30821.0,0
266541,8,10,15755,15755.0,0
266561,3,9,11147,11147.0,497
266604,16,48,67434,67434.0,518
266640,14,34,50040,50040.0,1017
266757,13,34,52696,52696.0,0
266861,10,24,39020,39020.0,0
266884,0,0,0,0.0,0
266953,5,22,26244,39366.0,0
266968,16,45,60434,60434.0,0
267020,14,34,66356,66356.0,612
267245,15,45,64148,64148.0,1148
267291,18,42,70583,70583.0,0
267306,15,46,65000,65000.0,365
267352,14,39,64326,64326.0,1122
267428,14,33,59994,59994.0,940
267474,16,28,34188,34188.0,561
267566,16,48,76371,76371.0,719
267717,4,6,11056,11056.0,0
267739,16,41,72571,72571.0,383
267930,6,17,31612,31612.0,488
267944,13,29,44514,44514.0,0
267951,13,38,59974,59974.0,476
268076,15,42,60649,60649.0,1308
268094,6,16,21903,21903.0,650
268128,17,47,79339,79339.0,992
268129,14,36,46726,46726.0,840
268139,14,36,48138,48138.0,2300
268145,15,36,41350,41350.0,909
268281,9,25,33150,33150.0,1688
268293,15,41,62479,62479.0,0
268307,12,36,66057,66057.0,1560
268414,14,32,51330,51330.0,1351
268439,16,40,51366,51366.0,447
268500,11,22,22319,22319.0,745
268630,9,25,50795,50795.0,1614
268643,2,7,11910,11910.0,0
268789,13,36,48125,48125.0,678
268842,15,45,66398,66398.0,547
268932,5,13,28251,28251.0,0
268958,12,38,56942,56942.0,1213
269070,18,42,56484,56484.0,1300
269120,17,44,59492,59492.0,0
269154,17,41,59884,59884.0,1002
269297,14,34,56597,56597.0,1208
269434,0,0,0,0.0,0
269565,8,22,34020,34020.0,1220
269632,15,35,53093,53093.0,934
269694,16,44,93687,93687.0,501
269775,8,20,24894,24894.0,653
269960,17,50,67586,67586.0,1113
270011,12,27,35808,35808.0,3664
270022,8,21,33658,33658.0,0
270160,9,25,31528,31528.0,0
270183,7,23,40956,40956.0,673
270203,0,0,0,0.0,0
270248,10,25,45715,45715.0,0
270266,13,31,47732,47732.0,540
270304,16,38,59680,59680.0,859
270337,14,48,72276,72276.0,1155
270389,17,47,66162,66162.0,416
270499,12,35,52529,52529.0,495
270570,13,33,55700,55700.0,1677
270575,14,38,57233,57233.0,477
270723,14,40,52141,52141.0,1042
270730,14,43,72833,72833.0,1754
270759,12,27,30590,30590.0,2076
270761,16,49,70320,70320.0,1214
270862,17,51,74191,74191.0,762
270901,19,49,75312,75312.0,2458
270909,12,30,42261,42261.0,477
270935,17,54,88515,88515.0,1410
270969,3,13,26262,26262.0,0
271043,12,42,61789,61789.0,1031
271059,0,0,0,0.0,0
271148,15,49,82112,82112.0,981
271235,12,20,33634,33634.0,494
271297,2,6,8764,8764.0,0
271357,8,28,35295,35295.0,603
271365,17,51,70080,70080.0,3294
271432,7,21,24773,24773.0,1037
271463,13,32,51610,51610.0,756
271641,5,43,79224,118836.0,0
271660,11,25,38059,38059.0,0
271675,11,37,56769,56769.0,0
271680,15,44,54671,54671.0,1172
271911,16,56,73730,73730.0,611
271929,11,27,32510,32510.0,0
271987,0,0,0,0.0,0
272001,11,39,68610,68610.0,1417
272097,11,27,39028,39028.0,0
272114,2,6,11031,11031.0,0
272123,0,0,0,0.0,0
272144,12,33,48960,48960.0,480
272148,16,49,70156,70156.0,1280
272225,2,3,4873,4873.0,0
272250,7,28,48100,72150.0,0
272289,0,0,0,0.0,0
272476,10,22,36970,36970.0,744
272551,6,19,35491,35491.0,0
272568,16,38,57202,57202.0,1602
272672,17,39,60623,60623.0,1220
272686,0,0,0,0.0,0
272787,18,45,65172,65172.0,781
272812,15,47,61354,61354.0,877
272839,12,23,34124,34124.0,1315
272848,17,51,89053,89053.0,1792
272893,14,44,79173,79173.0,0
272944,12,37,47790,47790.0,431
273020,13,33,47031,47031.0,502
273052,9,27,47504,47504.0,405
273054,7,20,35287,35287.0,0
273070,17,46,68944,68944.0,1914
273144,13,44,70229,70229.0,657
273177,13,26,37781,37781.0,2454
273179,18,48,67514,67514.0,1580
273198,15,46,73354,73354.0,1555
273213,17,42,63373,63373.0,449
273243,6,11,22239,22239.0,1131
273353,5,17,20742,20742.0,0
273357,16,42,65113,65113.0,575
273391,15,44,73492,73492.0,1485
273414,16,37,55093,55093.0,1744
273478,14,43,55597,55597.0,3233
273552,8,23,31764,31764.0,0
273984,16,51,63860,63860.0,998
274083,13,31,55647,55647.0,784
274107,0,0,0,0.0,0
274117,16,52,93285,93285.0,798
274141,17,53,84807,84807.0,1812
274179,3,9,17352,17352.0,489
274204,16,41,61463,61463.0,316
274211,12,31,38078,38078.0,503
274264,12,34,52070,52070.0,524
274354,12,33,45226,45226.0,650
274410,9,20,33324,33324.0,1090
274428,16,41,59234,59234.0,1134
274431,6,43,67458,101187.0,0
274473,15,45,62127,62127.0,1373
274535,5,18,30736,30736.0,0
274622,1,2,4878,4878.0,0
274698,9,29,47450,47450.0,0
274765,4,15,20675,20675.0,0
274803,6,40,74022,111033.0,0
274817,16,36,60531,60531.0,2642
274858,9,29,37637,37637.0,394
274879,7,24,26102,26102.0,527
274896,12,33,55706,55706.0,1790
275049,18,54,67531,67531.0,3927
275118,15,42,66596,66596.0,0
275209,10,31,36640,36640.0,1473
275244,17,51,81038,81038.0,1227
275287,11,32,52143,52143.0,957
275298,12,29,32072,32072.0,1843
275306,15,44,60913,60913.0,832
275358,19,46,74499,74499.0,1217
275386,14,31,44552,44552.0,429
275387,6,34,41484,62226.0,0
275413,9,67,101731,152596.5,1057
275442,14,37,49822,49822.0,1164
275446,15,35,57600,57600.0,307
275531,9,29,39985,39985.0,1387
275637,14,41,67709,67709.0,933
275670,12,28,49792,49792.0,1067
275694,7,60,80567,120850.5,1084
275762,14,40,65450,65450.0,0
275807,0,0,0,0.0,0
275846,6,38,67520,101280.0,0
275849,15,38,67952,67952.0,604
275933,8,17,27030,27030.0,392
275949,5,37,56701,85051.5,0
275954,3,7,8893,8893.0,0
276035,13,34,42642,42642.0,548
276037,18,55,89828,89828.0,1221
276100,15,41,58316,58316.0,2097
276152,14,37,47076,47076.0,1982
276204,9,23,36359,36359.0,359
276255,15,38,57952,57952.0,1131
276289,9,29,45193,45193.0,0
276484,0,0,0,0.0,0
276494,15,39,55097,55097.0,855
276648,14,30,35076,35076.0,1555
276650,15,48,65036,65036.0,1286
276673,13,34,63395,63395.0,0
276746,12,39,62674,62674.0,1224
276806,6,62,77126,115689.0,416
276931,0,0,0,0.0,0
276937,12,32,57307,57307.0,938
276947,5,42,84187,126280.5,522
276967,5,8,14904,14904.0,808
276990,12,39,50137,50137.0,402
277025,4,8,14072,14072.0,406
277033,12,26,42885,42885.0,521
277091,11,25,41526,41526.0,0
277094,16,34,44237,44237.0,1252
277139,16,54,73315,73315.0,0
277145,12,32,59151,59151.0,1362
277188,13,26,32458,32458.0,941
277281,14,40,49164,49164.0,984
277285,13,37,61310,61310.0,941
277341,3,9,16431,16431.0,0
277356,4,7,10828,10828.0,0
277367,12,36,43898,43898.0,378
277370,0,0,0,0.0,0
277375,13,40,56227,56227.0,2795
277430,1,2,4102,4102.0,396
277494,18,50,66845,66845.0,1592
277565,18,56,83723,83723.0,1147
277587,9,30,41847,41847.0,1861
277594,18,56,76321,76321.0,2080
277607,0,0,0,0.0,0
277610,11,27,40722,40722.0,1726
277649,15,39,51123,51123.0,1985
277769,4,15,22457,22457.0,0
277783,20,40,54386,54386.0,2259
277788,15,36,64984,64984.0,1898
277826,0,0,0,0.0,0
277855,14,46,68817,68817.0,541
277884,4,16,28953,28953.0,392
277910,14,41,52421,52421.0,588
278013,12,26,45562,45562.0,1874
278045,1,2,2842,2842.0,374
278054,0,0,0,0.0,0
278059,0,0,0,0.0,0
278164,17,55,67983,67983.0,1756
278213,8,24,34876,34876.0,0
278227,0,0,0,0.0,0
278307,18,57,65414,65414.0,1334
278345,4,15,18897,18897.0,358
278464,0,0,0,0.0,0
278539,13,31,50280,50280.0,537
278568,3,9,16835,16835.0,0
278676,16,38,57409,57409.0,0
278719,0,0,0,0.0,0
278815,17,48,69611,69611.0,1686
278822,18,39,53819,53819.0,360
278836,5,11,17072,17072.0,0
278854,29,69,100536,100536.0,2551
278865,14,40,69470,69470.0,1489
278898,16,50,70166,70166.0,0
278916,12,34,43120,43120.0,0
278928,3,11,14824,14824.0,0
278932,12,39,58108,58108.0,722
278983,15,45,60809,60809.0,670
278987,8,22,37622,37622.0,457
279221,14,35,57037,57037.0,1192
279231,9,27,38253,38253.0,541
279380,11,24,37296,37296.0,0
279408,15,42,57369,57369.0,1683
279409,13,38,49182,49182.0,0
279419,31,81,132093,132093.0,4221
279430,14,44,72440,72440.0,1541
279468,16,52,68715,68715.0,0
279580,14,43,68782,68782.0,2425
279634,9,19,24727,24727.0,410
279654,17,49,63185,63185.0,995
279693,11,30,50415,50415.0,398
279777,15,40,56846,56846.0,1712
279821,13,37,49553,49553.0,1660
279883,0,0,0,0.0,349
279919,17,43,53884,53884.0,349
279967,12,34,67192,67192.0,510
280087,14,25,32557,32557.0,1697
280216,9,24,30912,30912.0,494
280292,15,42,53336,53336.0,1559
280545,14,39,61181,61181.0,482
280574,13,42,64001,64001.0,993
280588,13,32,43604,43604.0,752
280602,0,0,0,0.0,0
280603,17,46,81216,81216.0,744
280641,18,46,68430,68430.0,490
280659,10,27,42947,42947.0,326
280790,0,0,0,0.0,0
280796,15,45,66917,66917.0,1498
280822,12,26,39095,39095.0,564
280828,15,39,65079,65079.0,601
280864,19,51,78772,78772.0,1699
280879,9,18,23874,23874.0,630
280895,12,30,53319,53319.0,1529
281032,0,0,0,0.0,0
281064,13,37,53188,53188.0,944
281075,17,43,71569,71569.0,1602
281108,5,33,50912,76368.0,420
281118,6,12,20425,20425.0,301
281305,12,25,34079,34079.0,1815
281328,9,30,34187,34187.0,409
281449,16,44,75451,75451.0,1879
281550,10,30,52796,52796.0,775
281571,14,38,55679,55679.0,443
281585,13,32,56429,56429.0,0
281608,15,46,63335,63335.0,1226
281737,4,32,35226,52839.0,0
281777,0,0,0,0.0,0
281926,14,38,52033,52033.0,947
281952,1,1,2358,2358.0,0
281979,16,40,57779,57779.0,2334
282041,10,32,52911,52911.0,2308
282140,7,54,83573,125359.5,745
282181,0,0,0,0.0,0
282259,15,43,53658,53658.0,531
282472,1,1,1604,1604.0,0
282532,3,8,13545,13545.0,0
282542,17,44,79499,79499.0,796
282545,1,1,2457,2457.0,0
282678,16,34,64861,64861.0,1222
282723,14,32,46500,46500.0,0
282759,2,2,3627,3627.0,0
282854,13,43,62146,62146.0,1240
282872,17,52,79077,79077.0,1477
282896,15,45,75778,75778.0,1528
282930,11,20,31651,31651.0,905
283066,14,34,51878,51878.0,383
283110,14,45,66192,66192.0,0
283122,17,37,49505,49505.0,1123
283133,15,41,54234,54234.0,706
283290,11,34,50353,50353.0,686
283314,0,0,0,0.0,0
283326,7,65,116012,174018.0,1722
283338,10,23,32202,32202.0,1441
283358,14,37,61314,61314.0,1006
283437,16,42,62597,62597.0,416
283654,12,28,37368,37368.0,0
283709,6,23,44575,44575.0,620
283747,15,42,62670,62670.0,2403
283770,8,21,33962,33962.0,1407
283807,13,33,53692,53692.0,0
283822,14,39,51258,51258.0,0
283929,17,49,83036,83036.0,1778
283980,12,29,41920,41920.0,460
283994,10,30,39734,39734.0,0
284203,16,48,70151,70151.0,1238
284290,17,44,71917,71917.0,1668
284362,18,54,73122,73122.0,0
284419,7,19,27335,27335.0,1731
284442,7,28,44438,44438.0,441
284461,12,29,54280,54280.0,0
284610,9,24,29585,29585.0,958
284621,12,29,36848,36848.0,0
284782,16,35,51739,51739.0,0
284866,18,51,73077,73077.0,633
284889,15,38,62316,62316.0,1243
284892,7,44,59310,88965.0,626
285074,0,0,0,0.0,0
285122,14,36,56288,56288.0,1299
285202,6,17,25357,25357.0,798
285220,15,39,59279,59279.0,0
285335,15,52,89856,89856.0,792
285386,0,0,0,0.0,0
285411,16,27,43998,43998.0,0
285484,10,26,29573,29573.0,327
285485,8,17,22083,22083.0,1073
285579,7,53,86158,129237.0,581
285631,15,36,53438,53438.0,2047
285636,8,18,28575,28575.0,593
285738,5,14,23694,23694.0,0
285767,3,11,22328,22328.0,355
285776,17,42,66550,66550.0,1219
285909,5,60,88128,132192.0,1227
285938,13,40,63668,63668.0,607
285942,17,42,60706,60706.0,1369
285982,9,23,28755,28755.0,328
286065,14,32,41117,41117.0,1170
286114,10,26,35769,35769.0,2123
286182,2,7,10437,10437.0,0
286225,17,45,77619,77619.0,518
286262,13,27,46100,46100.0,1265
286370,16,52,77697,77697.0,1381
286388,0,0,0,0.0,0
286551,14,37,52217,52217.0,1266
286611,7,60,90253,135379.5,414
286614,0,0,0,0.0,0
286636,25,72,116617,116617.0,2785
286641,15,31,52735,52735.0,0
286718,10,27,44479,44479.0,418
286883,13,40,65999,65999.0,1250
286927,15,32,57366,57366.0,1950
286942,8,20,24567,24567.0,444
286954,11,26,45943,45943.0,829
286975,19,57,82298,82298.0,2477
286989,15,39,55897,55897.0,0
287023,11,25,35885,35885.0,1440
287088,17,43,65313,65313.0,1117
287097,15,32,49337,49337.0,520
287198,11,33,39220,39220.0,1056
287211,2,5,5617,5617.0,0
287212,5,19,39581,39581.0,316
287224,0,0,0,0.0,0
287254,9,22,35789,35789.0,800
287266,13,40,51835,51835.0,1469
287343,2,5,7766,7766.0,0
287385,3,10,12244,12244.0,0
287414,14,40,63102,63102.0,427
287591,18,42,67340,67340.0,1594
287593,11,19,29783,29783.0,1849
287690,14,46,66720,66720.0,471
287750,18,48,62074,62074.0,1694
287799,13,31,44446,44446.0,0
287927,12,30,40219,40219.0,755
287942,17,50,79591,79591.0,1004
287962,0,0,0,0.0,0
287979,10,26,44057,44057.0,889
288015,4,15,25212,25212.0,452
288112,1,1,2199,2199.0,0
288164,0,0,0,0.0,0
288369,13,37,64430,64430.0,1513
288384,15,43,54612,54612.0,339
288419,11,31,53716,53716.0,576
288451,2,4,2881,2881.0,355
288491,14,31,44501,44501.0,440
288500,13,34,48858,48858.0,733
288530,13,29,41290,41290.0,601
288612,4,12,21825,21825.0,0
288636,7,19,25660,25660.0,437
288735,11,23,33264,33264.0,592
288774,1,5,6595,6595.0,427
288776,15,41,62360,62360.0,2050
289116,6,38,59027,88540.5,0
289133,15,38,58696,58696.0,0
289134,0,0,0,0.0,0
289139,20,61,89752,89752.0,0
289151,14,33,55211,55211.0,588
289177,12,33,43107,43107.0,998
289294,16,43,56367,56367.0,766
289354,14,42,58536,58536.0,1335
289472,8,26,45667,45667.0,855
289476,9,58,81786,122679.0,1022
289516,13,31,41939,41939.0,351
289665,21,54,80774,80774.0,1241
289693,1,2,3348,3348.0,0
289732,18,40,52660,52660.0,1644
289863,13,39,61574,61574.0,0
289921,19,42,66665,66665.0,1573
289968,7,41,61453,92179.5,768
290024,11,24,39481,39481.0,0
290091,13,37,53771,53771.0,805
290109,0,0,0,0.0,0
290184,5,13,18609,18609.0,1775
290200,9,29,32422,32422.0,376
290249,21,73,113656,113656.0,2114
290250,3,18,35904,53856.0,0
290356,5,28,39190,58785.0,813
290362,16,35,57161,57161.0,2466
290395,15,45,61531,61531.0,391
290445,14,38,51751,51751.0,2728
290465,16,49,69268,69268.0,1171
290507,7,11,21155,21155.0,372
290517,0,0,0,0.0,0
290554,14,36,54342,54342.0,1903
290564,8,16,20931,20931.0,1604
290599,12,34,41247,41247.0,0
290620,3,12,18033,18033.0,726
290638,9,24,41638,41638.0,327
290756,14,38,53741,53741.0,526
290902,18,51,74547,74547.0,386
290964,10,22,38402,38402.0,0
290994,12,37,67946,67946.0,373
291148,19,47,71341,71341.0,1509
291336,11,28,42420,42420.0,464
291509,6,56,72918,109377.0,469
291510,10,31,49364,49364.0,823
291595,9,24,39132,39132.0,0
291831,0,0,0,0.0,0
292021,12,23,31798,31798.0,1818
292035,0,0,0,0.0,0
292049,13,37,50327,50327.0,541
292061,13,29,51968,51968.0,1411
292084,13,38,52773,52773.0,1703
292096,15,51,83531,83531.0,876
292164,10,27,39922,39922.0,0
292384,19,43,79030,79030.0,2192
292497,12,27,44193,44193.0,564
292516,1,3,3486,3486.0,0
292546,5,40,62835,94252.5,614
292617,15,42,49171,49171.0,1546
292618,11,34,43027,43027.0,2423
292843,15,39,66164,66164.0,450
292957,15,38,57708,57708.0,448
293100,5,13,22108,22108.0,383
293137,2,6,3804,3804.0,503
293212,14,37,67926,67926.0,0
293222,5,27,39855,59782.5,398
293266,14,35,56581,56581.0,668
293343,1,3,4740,4740.0,0
293496,12,32,46256,46256.0,541
293531,14,32,45586,45586.0,414
293663,3,6,10371,10371.0,0
293676,13,28,42033,42033.0,895
293685,6,16,17253,17253.0,370
293689,4,8,15179,15179.0,0
294005,10,25,37498,37498.0,1300
294016,13,31,47046,47046.0,1997
294027,14,41,70327,70327.0,1017
294048,13,30,41559,41559.0,1534
294071,11,30,43226,43226.0,452
294172,8,75,120067,180100.5,936
294184,0,0,0,0.0,0
294273,5,27,48879,73318.5,431
294278,0,0,0,0.0,0
294283,15,40,59093,59093.0,1610
294289,0,0,0,0.0,0
294334,15,37,56512,56512.0,2417
294396,12,33,55891,55891.0,1126
294580,17,48,67440,67440.0,0
294617,13,37,51939,51939.0,1237
294634,16,42,59849,59849.0,974
294642,18,44,61116,61116.0,716
294728,13,39,61090,61090.0,1172
294738,10,19,26560,26560.0,0
294753,16,40,63409,63409.0,885
294849,12,23,30669,30669.0,572
294865,13,43,73091,73091.0,1211
295064,15,34,49506,49506.0,1089
295078,12,27,48489,48489.0,1396
295138,9,22,22024,22024.0,409
295147,13,32,56656,56656.0,2024
295205,9,31,46471,46471.0,1084
295217,12,29,51310,51310.0,1767
295302,6,11,13777,13777.0,792
295327,19,52,75270,75270.0,462
295355,16,46,61801,61801.0,3003
295387,18,42,63462,63462.0,0
295412,16,44,67294,67294.0,1432
295423,18,41,51253,51253.0,0
295510,10,32,46891,46891.0,551
295533,14,35,51209,51209.0,437
295561,3,6,5735,5735.0,568
295578,14,51,51534,51534.0,426
295795,0,0,0,0.0,0
295884,16,45,52389,52389.0,928
295906,22,55,79325,79325.0,580
295929,12,31,45990,45990.0,1690
296088,0,0,0,0.0,0
296095,0,0,0,0.0,0
296097,9,21,40132,40132.0,570
296104,4,14,19850,19850.0,1199
296141,1,1,841,841.0,0
296146,11,35,55535,55535.0,364
296217,10,31,37775,37775.0,0
296412,1,12,29868,44802.0,0
296457,0,0,0,0.0,0
296566,6,16,22510,22510.0,786
296567,5,35,58141,87211.5,0
296579,7,18,27181,27181.0,0
296626,18,41,69700,69700.0,529
296689,11,21,33510,33510.0,1478
296690,13,36,52853,52853.0,351
296736,10,31,45366,45366.0,0
296887,11,42,63635,63635.0,0
296915,13,35,56780,56780.0,2005
296997,13,33,49515,49515.0,0
297101,15,36,50906,50906.0,1915
297167,6,24,46125,69187.5,1071
297172,12,29,47967,47967.0,961
297218,0,0,0,0.0,0
297306,14,33,68824,68824.0,483
297327,14,33,55422,55422.0,1547
297379,14,31,49072,49072.0,1228
297382,18,41,58650,58650.0,1086
297427,0,0,0,0.0,0
297520,11,31,44158,44158.0,1038
297568,11,42,60779,60779.0,0
297607,10,25,32995,32995.0,1681
297621,15,39,69276,69276.0,0
297684,8,61,66601,99901.5,1384
297702,15,35,51052,51052.0,0
297869,13,32,46842,46842.0,0
297954,0,0,0,0.0,0
298063,9,29,47085,47085.0,1981
298098,1,3,1947,1947.0,622
298156,1,3,2529,2529.0,0
298160,2,6,9888,9888.0,0
298181,14,37,47360,47360.0,475
298232,14,39,60154,60154.0,0
298280,15,40,56198,56198.0,605
298327,12,33,45212,45212.0,0
298343,14,36,51432,51432.0,2164
298344,17,50,75844,75844.0,561
298506,10,21,30257,30257.0,509
298535,13,37,60080,60080.0,353
298539,12,26,42437,42437.0,0
298543,7,18,30801,30801.0,0
298601,17,47,63550,63550.0,0
298671,14,36,64473,64473.0,0
298681,15,35,48788,48788.0,1399
298712,8,21,28680,28680.0,583
298795,15,38,60619,60619.0,1749
298813,8,23,38803,38803.0,404
298817,12,32,52777,52777.0,766
298829,18,54,84900,84900.0,447
298853,16,34,50408,50408.0,1808
298865,13,35,54283,54283.0,1303
298869,13,30,42515,42515.0,2694
298883,2,4,3802,3802.0,0
298967,0,0,0,0.0,0
298999,7,65,106741,160111.5,0
299034,16,45,64656,64656.0,1630
299107,17,45,59495,59495.0,2046
299113,13,35,55238,55238.0,312
299165,8,20,25679,25679.0,0
299204,6,50,84286,126429.0,0
299210,13,30,43618,43618.0,677
299278,19,44,62307,62307.0,1668
299359,14,36,50117,50117.0,1676
299366,6,18,26621,26621.0,632
299367,0,0,0,0.0,0
299397,5,11,17551,17551.0,0
299412,11,31,47973,47973.0,1599
299419,14,35,53421,53421.0,1438
299448,0,0,0,0.0,0
299454,9,20,36509,36509.0,0
299464,15,35,52099,52099.0,1708
299501,10,31,48398,48398.0,400
299573,11,32,34104,34104.0,0
299585,13,30,43289,43289.0,0
299760,10,27,39377,39377.0,1250
299769,8,24,25435,25435.0,0
299830,19,53,89007,89007.0,922
299919,8,41,64136,96204.0,883
300008,11,30,37843,37843.0,2119
300023,17,51,86335,86335.0,322
300051,17,40,53677,53677.0,0
300106,0,0,0,0.0,0
300166,10,25,31041,31041.0,1112
300371,15,45,75764,75764.0,1457
300376,0,0,0,0.0,0
300454,0,0,0,0.0,0
300460,4,8,14038,14038.0,426
300465,10,29,49692,49692.0,557
300606,15,38,60589,60589.0,1134
300623,6,12,20337,20337.0,432
300676,15,43,65921,65921.0,978
300678,0,0,0,0.0,0
300733,14,33,59086,59086.0,1442
300806,15,48,80095,80095.0,606
300818,14,43,65851,65851.0,935
300836,14,35,64937,64937.0,622
300845,17,40,58925,58925.0,980
300867,2,5,5716,5716.0,0
300870,16,50,74952,74952.0,770
300945,15,39,64119,64119.0,416
300960,17,48,68002,68002.0,479
300964,13,34,41562,41562.0,1119
301094,10,30,49737,49737.0,506
301112,18,53,80110,80110.0,430
301152,7,17,28181,28181.0,0
301155,16,37,44062,44062.0,1372
301301,13,37,63393,63393.0,425
301323,6,50,102722,154083.0,1444
301563,15,37,53239,53239.0,477
301603,15,33,44277,44277.0,425
301744,14,40,62810,62810.0,1228
301760,15,48,67127,67127.0,3274
301784,16,46,82649,82649.0,2220
301793,13,34,48153,48153.0,473
301794,10,26,44568,44568.0,2958
302056,12,42,60632,60632.0,1572
302057,3,20,35014,52521.0,0
302066,5,15,24414,24414.0,0
302129,11,34,53903,53903.0,0
302134,13,35,36317,36317.0,1531
302158,16,46,68839,68839.0,0
302186,12,35,50050,50050.0,625
302188,2,6,12710,12710.0,0
302198,18,42,54460,54460.0,901
302258,15,46,67073,67073.0,618
302313,8,20,33630,33630.0,0
302414,16,33,45880,45880.0,412
302460,11,38,60262,60262.0,2359
302467,12,27,41315,41315.0,639
302509,10,27,41366,41366.0,0
302628,17,46,66382,66382.0,702
302657,3,8,10669,10669.0,0
302669,6,16,24235,24235.0,567
302792,0,0,0,0.0,0
302804,11,32,41060,41060.0,1569
302827,0,0,0,0.0,0
302839,13,27,46650,46650.0,1390
302874,18,48,80581,80581.0,389
302908,14,35,58405,58405.0,405
302921,15,38,50907,50907.0,1679
302957,17,42,52903,52903.0,1385
302980,0,0,0,0.0,0
303049,0,0,0,0.0,0
303207,10,27,42982,42982.0,0
303246,15,48,57359,57359.0,1014
303396,0,0,0,0.0,0
303445,2,5,10334,10334.0,0
303573,18,47,71802,71802.0,2147
303621,0,0,0,0.0,0
303682,16,42,59931,59931.0,2013
303934,14,32,42728,42728.0,341
304080,2,5,11442,11442.0,0
304117,10,21,32465,32465.0,526
304131,12,32,50227,50227.0,0
304445,7,19,32479,32479.0,503
304528,0,0,0,0.0,0
304600,21,54,90243,90243.0,1212
304601,10,34,48556,48556.0,914
304620,6,21,15647,15647.0,489
304643,17,47,68328,68328.0,1398
304726,15,35,43421,43421.0,3086
304764,6,13,12979,12979.0,588
304770,15,38,60766,60766.0,1218
304779,14,35,48584,48584.0,883
304824,9,18,20918,20918.0,0
304870,0,0,0,0.0,0
304887,0,0,0,0.0,0
304944,17,48,73506,73506.0,540
305100,12,26,40254,40254.0,757
305102,14,34,44116,44116.0,782
305150,17,42,61560,61560.0,503
305171,14,35,43659,43659.0,1261
305243,15,48,70191,70191.0,1849
305287,1,3,5088,5088.0,0
305380,16,34,54291,54291.0,2704
305412,14,38,55166,55166.0,1372
305556,1,5,11145,11145.0,0
305572,0,0,0,0.0,0
305604,4,13,21907,21907.0,0
305618,0,0,0,0.0,0
305687,15,35,50890,50890.0,969
305807,15,36,45131,45131.0,1293
305843,3,8,14578,14578.0,0
305857,6,20,26655,26655.0,0
305910,5,12,16869,16869.0,0
306051,13,26,36663,36663.0,1729
306068,18,45,62911,62911.0,948
306110,11,29,33602,33602.0,1639
306112,0,0,0,0.0,0
306203,0,0,0,0.0,0
306231,15,37,58081,58081.0,911
306288,10,24,31126,31126.0,0
306331,14,44,66796,66796.0,1772
306400,10,26,38101,38101.0,804
306402,14,34,53662,53662.0,778
306596,3,8,12326,12326.0,880
306667,12,30,57297,57297.0,608
306676,18,52,81228,81228.0,1106
306708,10,30,38805,38805.0,725
306869,15,28,42373,42373.0,0
306872,12,24,28550,28550.0,656
306880,12,26,43357,43357.0,0
306965,13,33,61647,61647.0,1625
307032,2,7,11444,11444.0,0
307033,13,31,54118,54118.0,1777
307047,11,33,50526,50526.0,433
307049,18,54,83389,83389.0,1903
307136,14,32,48797,48797.0,1002
307159,0,0,0,0.0,0
307166,16,51,70396,70396.0,1492
307178,10,27,43319,43319.0,0
307233,16,48,68018,68018.0,643
307256,13,39,40345,40345.0,1105
307296,9,21,36266,36266.0,1181
307321,2,4,7585,7585.0,372
307619,5,13,13838,13838.0,0
307622,11,37,51224,51224.0,442
307623,18,50,89940,89940.0,1107
307631,4,12,21074,21074.0,611
307740,10,29,36230,36230.0,342
307785,16,38,61664,61664.0,1487
307848,17,39,61243,61243.0,975
307859,17,41,67940,67940.0,1728
308144,8,18,36872,36872.0,568
308171,13,32,47059,47059.0,698
308176,19,37,55239,55239.0,0
308197,12,35,54678,54678.0,2084
308202,4,9,14150,14150.0,431
308214,16,43,52973,52973.0,1024
308255,8,21,23110,23110.0,551
308362,16,44,71804,71804.0,822
308379,14,43,70145,70145.0,518
308480,2,6,7884,7884.0,0
308591,17,44,58233,58233.0,952
308629,9,31,37447,37447.0,0
308704,16,39,61264,61264.0,3447
308798,12,31,43064,43064.0,405
308891,8,20,39166,39166.0,386
308991,16,37,54086,54086.0,593
309041,13,37,49885,49885.0,871
309108,14,31,52296,52296.0,1011
309110,11,31,41353,41353.0,0
309230,24,58,86384,86384.0,1895
309277,12,28,46391,46391.0,1272
309304,16,41,70435,70435.0,0
309352,18,46,56206,56206.0,2228
309364,15,45,61366,61366.0,2303
309408,12,40,52577,52577.0,433
309456,14,40,61242,61242.0,2251
309480,17,47,83114,83114.0,419
309584,12,31,46894,46894.0,623
309602,19,54,72301,72301.0,324
309639,5,16,30291,30291.0,617
309727,13,40,66291,66291.0,0
309861,13,45,68490,68490.0,2448
309921,18,47,80765,80765.0,1007
309933,14,30,49661,49661.0,1091
310236,0,0,0,0.0,0
310252,14,37,59408,59408.0,1221
310396,18,52,80979,80979.0,804
310534,15,42,69228,69228.0,386
310681,3,6,7441,7441.0,413
310700,18,57,94494,94494.0,386
310833,0,0,0,0.0,0
310853,13,35,54299,54299.0,1494
310867,0,0,0,0.0,0
310911,7,19,21780,21780.0,563
310965,16,37,59954,59954.0,1962
310983,20,48,78788,78788.0,749
311008,0,0,0,0.0,0
311346,16,47,67441,67441.0,668
311363,15,34,40963,40963.0,326
311556,16,45,79536,79536.0,0
311619,12,31,42427,42427.0,531
311636,18,54,67702,67702.0,0
311684,18,43,74477,74477.0,608
311692,8,89,110175,165262.5,621
311762,16,51,78546,78546.0,1562
311795,6,16,20752,20752.0,0
311841,5,14,28230,28230.0,2060
311857,0,0,0,0.0,0
311907,14,46,67197,67197.0,781
311943,12,28,45378,45378.0,1654
311946,12,32,43435,43435.0,434
311952,6,14,15183,15183.0,358
312048,15,37,46965,46965.0,322
312074,19,45,68507,68507.0,982
312148,13,25,41365,41365.0,1894
312180,13,36,53005,53005.0,0
312226,8,21,35270,35270.0,0
312248,13,36,59343,59343.0,560
312312,10,31,48655,48655.0,2408
312455,16,48,69834,69834.0,364
312474,11,21,30387,30387.0,414
312490,13,37,62782,62782.0,529
312530,17,45,74855,74855.0,846
312545,8,22,33799,33799.0,0
312568,12,36,64317,64317.0,880
312607,10,36,49660,49660.0,479
312630,12,25,42353,42353.0,531
312744,3,7,13301,13301.0,0
312774,17,34,38616,38616.0,1096
312863,15,48,76735,76735.0,1385
312867,13,31,45945,45945.0,334
312933,12,38,59133,59133.0,1444
312979,16,41,69083,69083.0,455
313185,12,29,44817,44817.0,1484
313254,17,41,68155,68155.0,1345
313292,4,10,15561,15561.0,0
313424,15,40,57511,57511.0,2114
313437,8,15,19064,19064.0,1389
313461,17,52,81337,81337.0,576
313473,18,44,68892,68892.0,3060
313477,13,39,51663,51663.0,2029
313538,15,42,66905,66905.0,1118
313544,9,27,48776,48776.0,587
313571,0,0,0,0.0,0
313602,17,51,88616,88616.0,383
313673,2,4,7477,7477.0,653
313681,15,43,66494,66494.0,1010
313688,18,55,80389,80389.0,541
313708,8,18,30573,30573.0,1463
313732,12,24,30580,30580.0,1636
313763,8,24,37990,37990.0,0
313815,10,22,34164,34164.0,650
313837,4,38,59876,89814.0,0
313860,16,47,83647,83647.0,1062
313982,15,42,67039,67039.0,2976
313996,3,9,17901,17901.0,0
314014,12,28,34025,34025.0,867
314065,12,39,66780,66780.0,1473
314081,5,10,18279,18279.0,0
314108,12,29,40139,40139.0,1246
314147,17,51,72008,72008.0,1576
314182,0,0,0,0.0,0
314189,1,2,1134,1134.0,706
314202,15,36,60285,60285.0,1057
314250,14,35,53038,53038.0,1173
314258,16,46,70096,70096.0,925
314317,13,38,52076,52076.0,992
314328,16,41,62833,62833.0,966
314372,12,33,54127,54127.0,2423
314413,8,15,20512,20512.0,0
314441,0,0,0,0.0,0
314558,0,0,0,0.0,0
314589,16,45,70317,70317.0,675
314705,4,36,34144,51216.0,0
314713,7,15,23394,23394.0,841
314718,16,41,70807,70807.0,916
314742,11,30,47311,47311.0,1389
314842,15,43,64171,64171.0,0
314898,14,41,58001,58001.0,842
314935,18,43,51486,51486.0,984
314941,16,44,64965,64965.0,549
315014,5,39,63127,94690.5,875
315054,5,11,17172,17172.0,443
315113,15,39,69177,69177.0,567
315225,11,28,42460,42460.0,1686
315235,16,43,73228,73228.0,1327
315242,0,0,0,0.0,0
315337,1,2,1902,1902.0,0
315361,16,39,56117,56117.0,1191
315482,12,28,52836,52836.0,1668
315527,5,32,56116,84174.0,0
315736,14,32,48143,48143.0,1479
315848,16,44,61583,61583.0,300
315851,16,42,78996,78996.0,824
315869,13,42,71963,71963.0,0
316082,13,29,43041,43041.0,0
316290,15,43,62163,62163.0,2317
316307,7,20,31431,31431.0,499
316308,8,28,49492,49492.0,426
316323,5,14,13436,13436.0,0
316527,20,54,64007,64007.0,0
316548,1,4,3188,3188.0,0
316633,6,17,26252,26252.0,456
316644,14,33,42286,42286.0,1228
316666,2,8,12362,12362.0,551
316752,14,32,47298,47298.0,1275
316793,8,26,36672,36672.0,837
316933,13,29,44400,44400.0,1995
316970,2,6,9656,9656.0,0
316982,13,29,36694,36694.0,666
317001,2,4,8918,8918.0,1369
317060,12,39,62467,62467.0,1745
317094,14,41,51760,51760.0,616
317100,16,41,51958,51958.0,756
317137,8,80,127801,191701.5,0
317205,15,42,63400,63400.0,1213
317260,9,29,43717,43717.0,950
317624,13,41,54941,54941.0,2007
317664,9,27,29212,29212.0,0
317683,15,39,62317,62317.0,1366
317689,0,0,0,0.0,0
317726,15,35,50580,50580.0,1765
317774,15,31,44389,44389.0,1485
317776,14,44,63646,63646.0,827
317827,18,44,61888,61888.0,1886
317888,11,30,49656,49656.0,0
317919,14,41,66953,66953.0,386
318180,13,40,60236,60236.0,916
318199,12,32,47230,47230.0,921
318264,10,27,42815,42815.0,1409
318285,8,24,37226,37226.0,0
318291,0,0,0,0.0,0
318537,0,0,0,0.0,0
318561,15,50,70951,70951.0,0
318564,14,40,71633,71633.0,0
318595,5,16,28088,28088.0,0
318654,13,37,68783,68783.0,1507
318751,11,36,52009,52009.0,816
318753,8,16,18597,18597.0,359
318755,12,30,58486,58486.0,1897
318786,15,30,46605,46605.0,324
318845,0,0,0,0.0,0
318902,14,51,94597,94597.0,501
318945,14,32,45254,45254.0,903
319012,14,33,50274,50274.0,0
319052,18,48,70806,70806.0,2082
319059,14,41,58411,58411.0,1477
319092,3,7,14270,14270.0,0
319123,13,38,53547,53547.0,1066
319193,5,11,15191,15191.0,357
319304,12,38,59516,59516.0,0
319378,16,47,68208,68208.0,1369
319387,13,37,60050,60050.0,0
319430,7,40,45741,68611.5,0
319433,16,35,44071,44071.0,1056
319464,0,0,0,0.0,0
319469,11,23,25924,25924.0,1154
319501,12,31,40850,40850.0,781
319504,12,32,45771,45771.0,585
319658,7,13,18128,18128.0,519
319664,15,43,51520,51520.0,1351
319671,8,41,66461,99691.5,520
319742,6,15,22523,22523.0,621
319766,0,0,0,0.0,0
319768,6,42,64710,97065.0,434
319801,4,47,53041,79561.5,659
319822,13,33,42247,42247.0,614
319850,16,34,42212,42212.0,798
319868,12,40,59626,59626.0,568
319901,1,3,5595,5595.0,605
319947,14,32,42716,42716.0,2271
320004,11,35,40265,40265.0,760
320031,16,51,80051,80051.0,1292
320042,10,25,29858,29858.0,0
320180,19,53,84496,84496.0,2980
320183,4,34,50925,76387.5,1546
320191,15,42,49860,49860.0,981
320377,0,0,0,0.0,0
320414,7,21,35903,35903.0,0
320576,14,45,62916,62916.0,840
320685,14,33,58237,58237.0,994
320728,4,11,15197,15197.0,0
320772,15,36,54600,54600.0,781
320784,14,48,69731,69731.0,663
320980,6,10,16837,16837.0,0
320996,7,19,19946,19946.0,391
321012,16,36,68608,68608.0,1065
321027,15,37,55162,55162.0,1293
321074,13,29,43919,43919.0,1551
321213,7,49,87053,130579.5,0
321227,13,39,52121,52121.0,1223
321388,13,30,50847,50847.0,0
321427,4,7,6837,6837.0,464
321436,17,48,74188,74188.0,2538
321457,14,34,44141,44141.0,491
321557,0,0,0,0.0,0
321656,0,0,0,0.0,0
321666,15,45,80476,80476.0,1304
321734,6,19,27143,27143.0,0
321748,15,49,69989,69989.0,0
321762,11,28,46564,46564.0,1055
321795,12,21,28707,28707.0,960
321954,15,35,51024,51024.0,1620
322000,15,55,78750,78750.0,1399
322102,0,0,0,0.0,0
322169,20,52,65922,65922.0,828
322193,19,41,61622,61622.0,1252
322294,4,18,28086,28086.0,589
322435,0,0,0,0.0,0
322451,14,37,54255,54255.0,797
322501,12,39,63813,63813.0,656
322606,14,35,58256,58256.0,837
322733,11,32,38469,38469.0,1069
322955,2,6,11973,11973.0,0
323043,15,31,52493,52493.0,889
323068,16,37,55654,55654.0,938
323099,16,32,42507,42507.0,2092
323154,20,55,88662,88662.0,1759
323249,4,24,29840,44760.0,0
323311,12,29,45343,45343.0,845
323341,0,0,0,0.0,0
323345,14,55,94519,94519.0,853
323424,13,31,59691,59691.0,0
323448,17,50,84538,84538.0,1457
323542,14,40,55104,55104.0,2720
323593,0,0,0,0.0,0
323660,5,53,74026,111039.0,0
323720,14,25,32942,32942.0,663
323735,17,51,68236,68236.0,1848
323776,4,10,19379,19379.0,0
323792,0,0,0,0.0,0
323821,26,70,109342,109342.0,1771
324013,2,5,4666,4666.0,593
324048,12,37,60442,60442.0,879
324049,0,0,0,0.0,0
324066,3,9,14059,14059.0,0
324125,11,37,61456,61456.0,1271
324139,18,38,44287,44287.0,634
324143,13,23,34653,34653.0,517
324242,16,47,71243,71243.0,0
324248,13,32,43288,43288.0,2360
324295,14,37,59161,59161.0,885
324364,10,32,52978,52978.0,928
324404,9,21,27217,27217.0,506
324506,11,32,34711,34711.0,1049
324557,15,34,52567,52567.0,645
324662,14,38,76529,76529.0,1606
324707,12,31,49271,49271.0,976
324713,0,0,0,0.0,0
324739,13,36,46797,46797.0,497
324773,15,48,69658,69658.0,1911
324801,14,33,37324,37324.0,973
324881,14,39,54548,54548.0,1705
324900,2,7,13441,13441.0,328
324997,14,45,63889,63889.0,2226
325082,12,34,48277,48277.0,1143
325134,15,35,44801,44801.0,603
325190,13,37,47935,47935.0,950
325268,15,37,54065,54065.0,1575
325367,15,39,59407,59407.0,1408
325379,13,51,85582,85582.0,785
325382,16,47,84170,84170.0,1033
325490,13,44,74012,74012.0,0
325498,14,37,50506,50506.0,517
325593,7,66,76962,115443.0,475
325599,11,28,54704,54704.0,1662
325661,15,39,63825,63825.0,2017
325778,15,47,71678,71678.0,1381
325802,15,35,47027,47027.0,433
325830,6,60,54566,81849.0,0
325901,5,14,19006,19006.0,538
325935,14,41,67074,67074.0,0
326001,15,40,54056,54056.0,762
326028,3,9,17707,17707.0,0
326069,13,38,48697,48697.0,549
326174,2,4,8021,8021.0,0
326234,13,33,42557,42557.0,840
326240,5,12,22985,22985.0,541
326267,11,33,44438,44438.0,959
326272,8,62,104686,157029.0,0
326280,18,58,78335,78335.0,0
326418,12,35,63529,63529.0,1519
326561,4,11,21817,21817.0,0
326564,17,51,58003,58003.0,861
326603,15,39,64505,64505.0,527
326699,14,38,67626,67626.0,490
326703,3,11,11305,11305.0,0
326707,18,43,66473,66473.0,618
326724,14,38,58772,58772.0,1176
326803,15,40,64907,64907.0,740
326823,15,37,51608,51608.0,0
326905,12,34,53745,53745.0,704
326961,18,62,101108,101108.0,2031
326988,12,35,58268,58268.0,390
327015,16,43,55509,55509.0,1729
327019,2,9,15505,15505.0,0
327098,13,42,61104,61104.0,2267
327163,12,32,45468,45468.0,718
327203,6,14,15356,15356.0,1505
327285,13,33,57181,57181.0,1704
327320,12,37,52136,52136.0,850
327365,2,5,10990,10990.0,0
327470,16,44,69821,69821.0,0
327474,7,20,16438,16438.0,887
327498,0,0,0,0.0,0
327530,12,28,40551,40551.0,1531
327555,17,53,74158,74158.0,405
327565,0,0,0,0.0,0
327638,4,16,22916,22916.0,739
327653,13,29,44431,44431.0,304
327688,15,36,62894,62894.0,484
327796,10,28,49694,49694.0,380
327866,11,32,41180,41180.0,0
327903,4,11,14678,14678.0,430
327910,14,42,59667,59667.0,535
327972,13,31,44584,44584.0,0
328111,18,52,73054,73054.0,1869
328116,13,36,60783,60783.0,497
328173,11,29,45643,45643.0,426
328180,7,53,81072,121608.0,968
328181,13,37,57059,57059.0,0
328188,13,37,49638,49638.0,1165
328198,15,46,71513,71513.0,2018
328213,14,44,70446,70446.0,1006
328303,18,50,73997,73997.0,2259
328323,11,27,40197,40197.0,405
328349,3,10,9998,9998.0,582
328394,0,0,0,0.0,0
328446,10,34,51124,51124.0,0
328543,12,33,49093,49093.0,932
328576,17,51,71794,71794.0,2069
328602,0,0,0,0.0,0
328623,29,75,119395,119395.0,542
328668,19,45,48086,48086.0,1882
328754,16,42,60748,60748.0,1044
328936,14,45,64695,64695.0,906
329039,18,42,64346,64346.0,0
329056,10,33,58416,58416.0,366
329088,10,28,35238,35238.0,1097
329094,19,48,80379,80379.0,2004
329162,11,30,48243,48243.0,932
329214,16,43,56672,56672.0,1018
329215,15,28,42573,42573.0,364
329281,1,4,7556,7556.0,0
329300,20,54,66611,66611.0,900
329302,14,44,66929,66929.0,1272
329355,16,37,61810,61810.0,980
329358,8,23,26430,26430.0,375
329364,20,57,87332,87332.0,1405
329382,0,0,0,0.0,0
329446,0,0,0,0.0,0
329587,11,38,54282,54282.0,408
329660,10,21,26711,26711.0,455
329692,15,34,57358,57358.0,672
329720,15,44,60949,60949.0,0
329730,5,16,24820,24820.0,0
329735,12,34,53492,53492.0,0
329736,15,40,68891,68891.0,977
329826,15,43,58864,58864.0,574
329833,0,0,0,0.0,0
329839,17,49,72932,72932.0,949
329910,4,12,16369,16369.0,0
330040,15,44,59914,59914.0,2066
330053,20,54,85600,85600.0,2677
330131,18,42,63994,63994.0,1169
330249,12,35,47611,47611.0,987
330278,12,28,37365,37365.0,1319
330316,12,33,55058,55058.0,1283
330343,17,43,66950,66950.0,1839
330365,14,34,52341,52341.0,0
330433,19,53,72984,72984.0,649
330464,14,40,72989,72989.0,1750
330468,11,32,51005,51005.0,1344
330515,13,31,46332,46332.0,1541
330562,8,59,59255,88882.5,802
330680,11,31,40308,40308.0,1236
330694,6,38,67690,101535.0,500
330741,14,39,52476,52476.0,1045
330779,16,34,50263,50263.0,363
330783,12,41,50626,50626.0,1015
330858,17,43,54840,54840.0,2812
330870,3,10,14416,14416.0,732
330947,5,15,17560,17560.0,0
330988,11,28,47226,47226.0,475
331078,13,37,41883,41883.0,497
331094,4,8,7660,7660.0,493
331184,8,26,39711,39711.0,0
331258,13,29,39321,39321.0,1168
331301,12,39,45600,45600.0,1321
331325,14,38,49649,49649.0,1967
331353,16,49,62610,62610.0,343
331560,17,51,89706,89706.0,1248
331598,13,30,39610,39610.0,1067
331669,3,6,9834,9834.0,514
331697,13,43,71915,71915.0,394
331698,15,39,62126,62126.0,1470
331699,12,33,65053,65053.0,2257
331706,17,45,58978,58978.0,625
331857,11,30,43355,43355.0,384
331992,0,0,0,0.0,0
331995,2,6,10232,10232.0,0
332003,0,0,0,0.0,0
332027,11,30,54275,54275.0,0
332077,9,28,44341,44341.0,501
332082,14,40,64496,64496.0,1571
332175,15,38,53349,53349.0,2331
332208,19,44,77491,77491.0,2325
332225,12,39,52910,52910.0,1344
332276,13,31,46673,46673.0,1472
332289,13,38,52336,52336.0,1924
332387,13,38,61377,61377.0,1267
332409,17,48,76926,76926.0,3341
332430,15,34,53936,53936.0,0
332466,13,39,57448,57448.0,0
332711,14,41,56607,56607.0,342
332716,10,27,41562,41562.0,1000
332780,13,35,47930,47930.0,1062
332823,8,56,83764,125646.0,0
332855,0,0,0,0.0,0
332869,15,39,57871,57871.0,0
332962,16,39,58773,58773.0,1422
332983,4,27,29960,44940.0,0
333039,16,41,65634,65634.0,0
333051,3,8,11368,17052.0,0
333064,18,42,60098,60098.0,1243
333207,9,20,36921,36921.0,1136
333213,5,43,54581,81871.5,0
333295,13,33,48328,48328.0,593
333451,18,49,79095,79095.0,1505
333502,12,42,60437,60437.0,409
333595,18,41,59469,59469.0,476
333621,11,30,49084,49084.0,1811
333644,1,1,557,557.0,0
333680,17,38,60456,60456.0,892
333694,20,56,76933,76933.0,1478
333773,17,43,65386,65386.0,439
333799,15,38,53007,53007.0,1403
333825,16,48,70221,70221.0,1443
334003,14,30,47644,47644.0,1754
334143,13,33,48958,48958.0,2779
334192,0,0,0,0.0,0
334224,15,40,48251,48251.0,1654
334273,11,34,50261,50261.0,1790
334324,10,27,46788,46788.0,349
334329,13,35,39023,39023.0,482
334437,17,50,77482,77482.0,1773
334454,17,42,71203,71203.0,2314
334574,0,0,0,0.0,0
334575,15,27,46532,46532.0,653
334997,13,45,65857,65857.0,0
335137,13,34,48182,48182.0,1050
335143,17,47,66612,66612.0,0
335162,19,47,68941,68941.0,1010
335246,5,69,94057,141085.5,0
335306,9,24,41205,41205.0,348
335324,13,36,55704,55704.0,504
335365,15,41,59441,59441.0,766
335371,15,42,72536,72536.0,449
335421,12,25,39267,39267.0,637
335545,11,41,72719,72719.0,858
335554,21,51,63457,63457.0,347
335671,16,47,72997,72997.0,960
335755,10,21,33960,33960.0,846
335839,15,44,60960,60960.0,1241
335852,15,45,68391,68391.0,1437
335964,13,31,46768,46768.0,1364
336025,10,25,38671,38671.0,489
336037,9,26,43273,43273.0,0
336076,1,4,5036,5036.0,0
336127,20,58,89308,89308.0,450
336138,14,38,53055,53055.0,1104
336139,13,36,60585,60585.0,427
336141,17,43,57760,57760.0,1030
336143,15,42,64854,64854.0,401
336238,2,6,12371,12371.0,0
336247,18,53,83763,83763.0,1057
336271,13,39,52877,52877.0,383
336281,20,53,68945,68945.0,1473
336341,13,35,56945,56945.0,1026
336357,6,56,90533,135799.5,0
336451,1,3,2757,2757.0,0
336469,11,28,41104,41104.0,462
336484,7,38,41450,62175.0,315
336539,12,46,77622,77622.0,1025
336541,8,21,31286,31286.0,0
336665,5,12,17517,17517.0,603
336722,15,42,64439,64439.0,1092
336724,13,39,48489,48489.0,904
336770,12,31,41461,41461.0,1173
336809,12,33,47742,47742.0,697
336817,5,42,88294,132441.0,0
336831,1,3,3204,3204.0,0
336878,1,1,2415,2415.0,0
336882,34,106,144936,144936.0,1357
336902,3,29,43309,64963.5,0
337066,17,44,72973,72973.0,1130
337148,12,35,56482,56482.0,0
337235,15,41,53111,53111.0,1292
337260,14,38,69536,69536.0,922
337341,3,7,8846,8846.0,478
337453,16,42,53281,53281.0,1728
337488,12,36,44438,44438.0,1546
337812,0,0,0,0.0,0
337815,17,52,81361,81361.0,602
337818,16,57,90016,90016.0,1801
337842,15,37,49759,49759.0,1167
337857,13,32,42074,42074.0,386
337925,11,36,62157,62157.0,0
337932,9,18,27914,27914.0,487
337945,13,39,52585,52585.0,0
337980,15,46,60328,60328.0,1853
337983,14,28,43417,43417.0,1198
338059,11,28,47859,47859.0,1676
338125,1,4,9960,9960.0,0
338212,12,24,41607,41607.0,944
338285,14,40,63783,63783.0,1736
338291,3,5,9671,9671.0,0
338295,0,0,0,0.0,0
338346,13,35,39191,39191.0,1944
338750,0,0,0,0.0,0
338786,11,35,53215,53215.0,2185
338803,4,15,21734,21734.0,0
338808,4,6,11806,11806.0,0
338837,0,0,0,0.0,0
338838,13,32,46082,46082.0,1002
338872,17,35,51204,51204.0,2820
339005,15,38,58010,58010.0,1146
339151,14,40,57987,57987.0,1875
339220,13,26,38064,38064.0,1522
339274,0,0,0,0.0,0
339371,7,21,29921,29921.0,0
339573,15,44,64753,64753.0,312
339800,4,10,9370,9370.0,0
339819,12,31,46519,46519.0,324
339845,7,25,34474,34474.0,0
339880,15,46,70858,70858.0,0
339927,13,34,47735,47735.0,486
339941,12,28,36037,36037.0,0
340156,0,0,0,0.0,0
340277,15,31,48147,48147.0,2761
340307,8,22,23266,23266.0,0
340467,14,37,67381,67381.0,505
340479,13,39,52557,52557.0,1196
340492,0,0,0,0.0,0
340574,12,33,51471,51471.0,0
340583,14,36,41096,41096.0,947
340604,0,0,0,0.0,0
340638,3,13,25454,38181.0,421
340691,16,49,85667,85667.0,699
340723,3,7,8654,8654.0,407
340736,0,0,0,0.0,0
340782,9,23,34970,34970.0,465
340802,17,39,58063,58063.0,2026
340874,8,25,44285,44285.0,1746
340881,0,0,0,0.0,0
340924,13,32,49354,49354.0,957
340925,18,47,63162,63162.0,571
340927,13,25,36376,36376.0,0
340931,10,23,33635,33635.0,1012
340934,0,0,0,0.0,0
341169,16,45,59713,59713.0,0
341185,11,36,62365,62365.0,0
341302,11,27,44516,44516.0,1106
341549,12,31,50296,50296.0,1058
341594,13,26,38609,38609.0,0
341725,17,37,41189,41189.0,697
341728,15,41,69285,69285.0,372
341867,16,32,45087,45087.0,1478
341897,1,1,2387,2387.0,0
341904,1,1,514,514.0,0
341907,9,17,26825,26825.0,396
341942,13,33,47374,47374.0,579
342007,5,36,46383,69574.5,714
342044,15,46,57565,57565.0,0
342156,18,48,61983,61983.0,1502
342407,14,36,58675,58675.0,0
342483,5,51,89628,134442.0,448
342527,18,59,85072,85072.0,1483
342554,12,34,44729,44729.0,1390
342569,0,0,0,0.0,0
342570,16,40,60806,60806.0,0
342583,17,53,99469,99469.0,568
342679,12,37,57990,57990.0,1589
342725,16,47,62162,62162.0,964
342738,0,0,0,0.0,0
342836,8,18,28835,28835.0,0
342929,13,33,49068,49068.0,332
342945,5,11,18626,18626.0,0
342958,9,21,32757,32757.0,534
342980,6,29,52358,78537.0,0
343001,13,32,47728,47728.0,889
343011,14,30,44655,44655.0,0
343051,5,76,112907,169360.5,487
343103,16,39,54234,54234.0,1172
343139,17,40,52427,52427.0,3530
343218,10,35,62889,62889.0,1182
343247,4,11,17712,17712.0,0
343377,17,43,61242,61242.0,793
343383,15,33,50524,50524.0,0
343425,3,9,8700,8700.0,413
343547,17,37,47583,47583.0,1607
343605,16,41,55435,55435.0,1318
343706,13,37,59242,59242.0,831
343879,5,14,23832,23832.0,1230
343884,0,0,0,0.0,0
343978,4,14,24676,24676.0,604
343994,21,57,74823,74823.0,1569
344009,11,28,48681,48681.0,1307
344039,3,8,10090,10090.0,0
344052,8,16,19378,19378.0,554
344121,15,42,63370,63370.0,2786
344180,11,22,31743,31743.0,391
344199,13,34,52765,52765.0,1380
344232,13,34,46704,46704.0,1094
344260,13,27,39771,39771.0,1429
344372,7,81,87328,130992.0,1928
344413,15,34,53957,53957.0,0
344464,11,29,32324,32324.0,714
344483,17,55,83885,83885.0,1033
344527,12,36,54095,54095.0,1048
344570,6,12,17173,17173.0,997
344580,6,16,26178,26178.0,526
344627,15,45,71371,71371.0,557
344669,3,4,4933,4933.0,431
344671,6,17,21192,21192.0,368
344749,2,6,11622,11622.0,752
344768,0,0,0,0.0,0
344797,12,34,52815,52815.0,0
344990,17,46,72551,72551.0,1615
344998,10,30,50730,50730.0,1407
345014,16,40,58074,58074.0,469
345090,1,5,7755,7755.0,0
345099,16,37,51077,51077.0,1473
345238,13,36,57391,57391.0,1506
345244,13,29,51477,51477.0,1251
345518,13,38,50573,50573.0,380
345572,14,41,69398,69398.0,2048
345597,14,42,62850,62850.0,474
345608,15,36,49803,49803.0,2344
345615,13,39,59645,59645.0,1896
345657,7,54,75355,113032.5,0
345682,16,43,75807,75807.0,1527
345765,17,51,72762,72762.0,1719
345802,15,36,65734,65734.0,821
345840,5,14,11031,11031.0,525
345841,13,37,59473,59473.0,1584
345908,11,32,54592,54592.0,729
345931,12,40,53976,53976.0,867
345959,1,2,2788,2788.0,0
345978,5,10,15160,15160.0,504
346090,17,45,69462,69462.0,1268
346103,17,53,76870,76870.0,504
346163,10,31,56271,56271.0,1114
346205,11,35,58364,58364.0,932
346225,13,28,38375,38375.0,343
346274,13,33,48912,48912.0,2286
346295,8,26,25891,25891.0,1515
346346,6,17,25790,25790.0,577
346384,16,37,68543,68543.0,448
346390,7,9,16810,16810.0,0
346456,17,40,57742,57742.0,335
346499,4,14,23701,23701.0,0
346529,15,42,69649,69649.0,338
346532,0,0,0,0.0,0
346554,0,0,0,0.0,0
346560,5,19,22904,22904.0,694
346598,7,25,41125,41125.0,0
346633,12,36,55224,55224.0,500
346678,19,58,73942,73942.0,0
346704,17,50,67682,67682.0,471
346766,3,11,14514,14514.0,447
346809,12,33,55968,55968.0,0
346828,14,46,67035,67035.0,0
346925,17,32,49212,49212.0,505
347001,11,27,38229,38229.0,0
347013,9,81,127964,191946.0,757
347142,12,27,44337,44337.0,1193
347212,1,4,3000,3000.0,0
347227,7,85,127402,191103.0,482
347231,15,40,52088,52088.0,1312
347276,2,4,4764,4764.0,0
347423,8,18,29027,29027.0,1946
347431,14,42,75396,75396.0,871
347466,13,32,37726,37726.0,1043
347515,7,17,23455,23455.0,1297
347629,15,39,53334,53334.0,0
347634,12,31,42440,42440.0,1397
347733,0,0,0,0.0,0
347850,13,33,45647,45647.0,1278
347861,17,47,62800,62800.0,409
347914,4,11,13231,13231.0,0
347932,16,41,69326,69326.0,1441
347955,13,36,61562,61562.0,0
347982,5,49,75906,113859.0,0
347987,4,11,21900,21900.0,0
347997,1,5,6890,6890.0,0
348047,14,43,59054,59054.0,1013
348056,13,34,54855,54855.0,1384
348065,13,39,67751,67751.0,1240
348085,12,37,49523,49523.0,0
348143,3,60,71748,107622.0,0
348173,0,0,0,0.0,0
348202,14,38,59521,59521.0,439
348215,14,41,61755,61755.0,0
348238,3,9,15276,15276.0,492
348245,3,12,23610,23610.0,0
348299,0,0,0,0.0,0
348350,0,0,0,0.0,0
348400,14,43,73099,73099.0,830
348448,17,49,74758,74758.0,1467
348463,16,37,60769,60769.0,557
348471,15,38,46815,46815.0,1697
348475,16,42,48189,48189.0,2005
348600,7,23,41047,41047.0,565
348672,15,46,66761,66761.0,890
348681,15,44,66030,66030.0,439
348718,0,0,0,0.0,0
348723,11,32,49399,49399.0,360
348732,9,15,20392,20392.0,1091
348740,17,44,65155,65155.0,433
348751,13,41,68456,68456.0,1517
348774,18,41,59516,59516.0,2566
348835,18,45,56290,56290.0,530
348920,15,31,45865,45865.0,749
348994,18,42,53988,53988.0,1166
349001,18,52,73405,73405.0,1638
349046,16,34,49017,49017.0,0
349108,5,13,17605,17605.0,0
349115,10,26,50244,50244.0,1360
349132,13,38,62273,62273.0,1103
349153,13,39,58954,58954.0,1387
349220,15,38,65814,65814.0,351
349278,10,31,54556,54556.0,356
349342,14,40,64029,64029.0,972
349447,0,0,0,0.0,0
349470,5,47,72295,108442.5,0
349490,12,31,55891,55891.0,1362
349539,9,22,38409,38409.0,1087
349577,14,40,60166,60166.0,2437
349638,12,34,31780,31780.0,338
349670,14,39,54024,54024.0,516
349695,0,0,0,0.0,0
349730,18,55,74971,74971.0,1740
349767,10,27,48237,48237.0,0
349838,13,33,61509,61509.0,0
350001,14,44,70358,70358.0,544
350059,5,14,23269,23269.0,0
350238,12,35,69997,69997.0,890
350269,0,0,0,0.0,0
350271,9,26,40580,40580.0,560
350486,0,0,0,0.0,0
350587,16,46,75541,75541.0,0
350631,16,40,63286,63286.0,1636
350675,15,35,54316,54316.0,0
350692,12,40,77124,77124.0,648
350863,18,45,56481,56481.0,1834
350901,10,24,41843,41843.0,0
350910,0,0,0,0.0,0
350979,17,39,51529,51529.0,522
351029,12,31,44671,44671.0,1532
351138,13,33,50891,50891.0,0
351145,15,40,54867,54867.0,1089
351238,15,36,61971,61971.0,1089
351292,4,8,11839,11839.0,0
351296,11,38,57547,57547.0,1194
351367,12,36,43579,43579.0,0
351389,16,40,64362,64362.0,379
351461,4,46,68650,102975.0,1133
351500,13,32,52313,52313.0,1163
351513,0,0,0,0.0,0
351551,6,50,78701,118051.5,553
351615,31,85,132676,132676.0,903
351753,5,15,24329,24329.0,669
351889,13,35,59820,59820.0,0
351897,16,40,60387,60387.0,3020
351937,15,34,44609,44609.0,1652
351966,4,8,9950,9950.0,1014
352005,13,43,67114,67114.0,1119
352026,4,15,21273,21273.0,452
352034,0,0,0,0.0,0
352053,18,49,78868,78868.0,1642
352068,18,51,96713,96713.0,581
352078,16,34,53778,53778.0,381
352092,14,42,70559,70559.0,1304
352101,17,39,57606,57606.0,1966
352170,16,40,60687,60687.0,370
352216,2,3,3381,3381.0,0
352242,14,35,49213,49213.0,1776
352280,10,26,44343,44343.0,493
352306,11,27,41700,41700.0,496
352337,13,29,32961,32961.0,1101
352377,16,41,71838,71838.0,0
352424,17,52,84517,84517.0,1511
352490,18,54,88192,88192.0,1527
352501,18,49,69902,69902.0,1533
352581,4,11,11659,11659.0,851
352582,9,73,93581,140371.5,1028
352617,12,26,42733,42733.0,0
352653,16,38,54088,54088.0,989
352702,14,45,64107,64107.0,1178
352734,0,0,0,0.0,0
352747,6,15,20909,20909.0,0
352809,4,15,19769,29653.5,0
352834,11,34,50688,50688.0,308
352916,12,21,30777,30777.0,0
353032,16,48,75553,75553.0,0
353076,5,14,19840,19840.0,0
353096,10,32,38012,38012.0,0
353128,15,38,53507,53507.0,1672
353308,0,0,0,0.0,0
353369,2,8,14440,14440.0,0
353396,15,38,52964,52964.0,622
353455,12,37,52104,52104.0,1448
353486,13,39,64508,64508.0,2215
353535,0,0,0,0.0,0
353614,0,0,0,0.0,0
353648,5,15,25424,25424.0,520
353786,5,20,22739,22739.0,496
354002,12,35,60585,60585.0,933
354084,13,41,59571,59571.0,0
354150,9,22,30833,30833.0,0
354176,2,5,7658,7658.0,0
354206,1,1,1035,1035.0,395
354295,12,33,56385,56385.0,602
354438,4,12,20632,20632.0,328
354442,11,28,47270,47270.0,1610
354461,20,53,82761,82761.0,0
354464,14,33,37195,37195.0,0
354477,15,43,61259,61259.0,858
354483,12,34,56710,56710.0,1372
354547,16,45,67023,67023.0,1714
354730,8,20,36872,36872.0,0
355039,8,23,34409,34409.0,0
355099,1,5,4695,4695.0,573
355102,5,10,13139,13139.0,0
355126,13,41,76070,76070.0,393
355184,11,32,52421,52421.0,559
355298,13,41,64824,64824.0,827
355331,17,51,75018,75018.0,2592
355491,7,64,75010,112515.0,548
355512,3,6,8364,8364.0,397
355515,18,50,72677,72677.0,972
355578,6,19,31330,31330.0,873
355628,0,0,0,0.0,0
355669,12,28,40521,40521.0,1597
355707,6,14,22690,22690.0,443
355724,2,6,3950,3950.0,458
355750,16,45,62675,62675.0,614
355775,11,29,49116,49116.0,2341
355781,0,0,0,0.0,0
355795,15,43,76775,76775.0,1192
355839,1,1,1936,1936.0,0
355906,12,30,50480,50480.0,2093
355908,10,23,29762,29762.0,0
355994,13,37,46622,46622.0,1571
355995,10,30,54467,54467.0,1086
356237,6,31,51515,77272.5,0
356240,6,17,20336,20336.0,0
356460,8,48,71418,107127.0,522
356507,14,37,59785,59785.0,358
356558,15,32,43085,43085.0,1171
356561,14,37,49041,49041.0,2029
356578,5,18,31001,46501.5,1101
356613,16,48,82622,82622.0,1087
356618,17,44,60579,60579.0,1581
356708,10,29,39068,39068.0,0
356712,12,32,54474,54474.0,567
356812,19,60,100816,100816.0,831
356828,18,50,68267,68267.0,1729
356955,16,35,50749,50749.0,1010
356980,12,29,46123,46123.0,0
357059,8,77,137162,205743.0,1349
357138,18,56,87821,87821.0,1997
357149,11,27,40655,40655.0,882
357161,14,38,38826,38826.0,1159
357166,0,0,0,0.0,0
357173,14,42,62259,62259.0,429
357199,11,31,45349,45349.0,1846
357298,15,44,60392,60392.0,386
357375,14,40,67603,67603.0,1346
357381,18,39,45496,45496.0,914
357466,19,47,79767,79767.0,933
357549,0,0,0,0.0,0
357567,13,29,46785,46785.0,1483
357574,17,45,72464,72464.0,0
357589,16,41,67894,67894.0,480
357901,7,78,108663,162994.5,557
357903,1,5,9190,9190.0,0
357971,15,33,54127,54127.0,2222
357988,8,61,87564,131346.0,0
358012,6,45,61736,92604.0,0
358020,13,33,45021,45021.0,772
358039,3,12,17446,17446.0,588
358054,4,9,13024,13024.0,0
358151,9,19,28390,28390.0,1094
358201,14,38,45722,45722.0,2240
358255,0,0,0,0.0,0
358375,0,0,0,0.0,0
358384,14,42,63855,63855.0,1101
358513,15,41,63277,63277.0,809
358586,0,0,0,0.0,0
358792,14,47,64154,64154.0,662
358794,11,31,50454,50454.0,556
358900,13,33,51704,51704.0,0
358948,0,0,0,0.0,0
358968,7,16,24240,24240.0,961
358979,9,26,50916,50916.0,1006
358997,3,6,7927,7927.0,0
359011,13,34,47425,47425.0,775
359029,8,15,23213,23213.0,0
359091,18,51,61039,61039.0,1086
359133,6,42,78256,117384.0,408
359138,0,0,0,0.0,0
359188,4,8,14649,14649.0,0
359275,17,41,58362,58362.0,0
359360,15,37,62729,62729.0,1263
359446,14,36,56788,56788.0,393
359466,16,43,73014,73014.0,1552
359575,13,46,63043,63043.0,1015
359693,13,44,58949,58949.0,849
359816,15,42,59175,59175.0,886
360017,16,47,71859,71859.0,0
360031,2,4,8678,8678.0,0
360240,6,18,26520,26520.0,0
360256,13,33,49029,49029.0,646
360435,12,26,38043,38043.0,492
360446,15,41,59480,59480.0,2166
360472,16,48,69133,69133.0,1133
360485,0,0,0,0.0,0
360537,14,35,42121,42121.0,792
360730,17,47,68765,68765.0,547
360732,1,1,917,917.0,376
360744,0,0,0,0.0,0
360805,13,30,51365,51365.0,481
360868,5,17,28443,28443.0,0
360902,15,51,88364,88364.0,1405
360942,17,48,59654,59654.0,605
360981,5,15,20539,20539.0,613
361109,14,40,61997,61997.0,1814
361237,25,65,102708,102708.0,2062
361266,15,42,64610,64610.0,1570
361434,16,44,51424,51424.0,547
361439,13,31,43801,43801.0,0
361680,0,0,0,0.0,0
361707,16,48,66090,66090.0,322
361710,0,0,0,0.0,0
361816,15,46,73552,73552.0,505
361827,13,31,43816,43816.0,622
361892,17,53,79599,79599.0,516
361944,7,16,22844,22844.0,1320
362055,16,52,78715,78715.0,1372
362134,3,6,7257,7257.0,0
362165,14,37,61887,61887.0,1160
362167,19,62,107580,107580.0,892
362201,11,24,38251,38251.0,0
362293,12,32,39686,39686.0,784
362471,12,39,68189,68189.0,0
362541,14,47,79976,79976.0,0
362586,15,45,52286,52286.0,1067
362642,11,28,28698,28698.0,456
362680,17,47,72634,72634.0,388
362736,15,40,66115,66115.0,1322
362742,6,10,11027,11027.0,0
362823,0,0,0,0.0,0
362841,12,36,56981,56981.0,1220
362855,13,40,58819,58819.0,571
362925,8,47,68863,103294.5,585
363178,3,8,11538,11538.0,347
363199,10,27,46562,46562.0,515
363314,13,33,48481,48481.0,813
363483,0,0,0,0.0,0
363513,0,0,0,0.0,0
363743,15,34,55585,55585.0,1596
363774,15,42,59377,59377.0,1061
363780,3,13,20034,20034.0,668
363864,12,31,43513,43513.0,0
363866,4,8,11097,11097.0,0
363925,9,24,30716,30716.0,567
363967,6,61,98316,147474.0,1512
363983,1,2,1976,1976.0,0
364049,15,35,50206,50206.0,1020
364067,17,49,73513,73513.0,584
364137,17,41,49791,49791.0,432
364153,15,41,55101,55101.0,944
364247,0,0,0,0.0,0
364264,12,38,45709,45709.0,418
364356,6,55,52878,79317.0,0
364372,0,0,0,0.0,0
364596,2,27,55902,83853.0,0
364710,6,65,69214,103821.0,1672
364895,16,46,67734,67734.0,0
364908,16,47,57710,57710.0,406
364931,9,21,28142,28142.0,1028
365138,6,50,58052,87078.0,457
365156,2,5,6436,6436.0,0
365166,2,18,26906,40359.0,562
365208,1,2,4882,4882.0,0
365346,15,41,67765,67765.0,862
365404,13,35,47097,47097.0,511
365413,10,24,38858,38858.0,0
365421,10,19,32436,32436.0,477
365451,12,31,48421,48421.0,2231
365468,13,42,62383,62383.0,1389
365515,16,41,54626,54626.0,380
365557,11,35,54912,54912.0,561
365596,7,50,76691,115036.5,512
365619,15,34,56878,56878.0,531
365635,13,34,52779,52779.0,728
365642,9,24,39756,39756.0,1199
365761,14,43,70566,70566.0,1662
365816,16,40,69545,69545.0,1083
365863,14,48,69594,69594.0,935
365887,4,9,14888,14888.0,0
366049,4,31,41185,61777.5,0
366116,15,41,57129,57129.0,1636
366133,14,36,48545,48545.0,2013
366161,7,89,136182,204273.0,479
366250,5,15,22118,22118.0,608
366263,9,29,39550,39550.0,849
366467,17,42,76417,76417.0,1657
366487,12,25,37529,37529.0,486
366500,13,32,59560,59560.0,973
366537,16,37,57684,57684.0,3035
366540,7,69,127815,191722.5,1258
366576,0,0,0,0.0,0
366599,8,48,62099,93148.5,0
366654,20,56,97747,97747.0,1830
366687,14,33,61676,61676.0,1733
366719,10,22,26752,26752.0,919
366727,3,8,17128,17128.0,0
366744,16,43,58477,58477.0,1301
366894,15,39,50211,50211.0,2423
366911,16,58,82795,82795.0,1446
366932,8,16,20432,20432.0,0
366977,6,42,43620,65430.0,0
367006,0,0,0,0.0,0
367338,17,38,63855,63855.0,0
367492,11,28,53282,53282.0,473
367511,16,45,61248,61248.0,0
367547,13,32,43900,43900.0,1319
367562,17,46,74939,74939.0,1409
367617,1,2,4198,4198.0,0
367680,16,39,42356,42356.0,831
367685,3,10,10836,10836.0,0
367697,12,30,52395,52395.0,457
367751,9,23,37992,37992.0,0
367774,16,44,65760,65760.0,634
367782,5,50,85350,128025.0,0
367811,4,18,19922,19922.0,0
367961,15,44,66680,66680.0,1914
368027,13,29,43133,43133.0,1052
368045,14,35,45107,45107.0,340
368062,4,9,10302,10302.0,0
368073,25,72,116048,116048.0,3030
368118,8,14,21508,21508.0,466
368122,12,27,45691,45691.0,1122
368292,1,2,1182,1182.0,0
368330,17,53,78425,78425.0,0
368391,8,62,105775,158662.5,0
368435,4,23,44549,66823.5,0
368523,10,36,61645,61645.0,0
368549,15,36,44350,44350.0,1474
368566,18,64,106668,106668.0,0
368591,13,33,52856,52856.0,531
368669,1,1,1396,1396.0,0
368675,3,7,7962,7962.0,480
368713,0,0,0,0.0,0
368772,4,53,64197,96295.5,0
368830,0,0,0,0.0,0
368878,0,0,0,0.0,0
368981,15,39,58839,58839.0,1492
369000,18,49,68004,68004.0,0
369035,14,44,64362,64362.0,912
369084,6,38,53844,80766.0,374
369091,14,30,43477,43477.0,1151
369121,17,47,59913,59913.0,1133
369141,13,41,63301,63301.0,0
369188,0,0,0,0.0,0
369229,16,41,57031,57031.0,802
369242,11,33,54192,54192.0,0
369361,11,32,44911,44911.0,1089
369388,0,0,0,0.0,0
369392,14,34,53379,53379.0,1059
369416,6,12,19215,19215.0,393
369458,15,36,50661,50661.0,728
369569,19,61,99114,99114.0,960
369603,12,27,49306,49306.0,721
369638,0,0,0,0.0,0
369646,14,32,43201,43201.0,369
369658,16,43,83637,83637.0,1159
369682,10,25,37307,37307.0,1608
369715,6,17,25688,25688.0,361
369739,19,52,70499,70499.0,928
369795,8,21,33544,33544.0,0
369841,14,35,61437,61437.0,891
369853,8,29,42499,42499.0,1711
369867,2,5,11040,11040.0,561
369943,15,36,62066,62066.0,384
370014,13,34,67671,67671.0,2053
370066,16,41,65949,65949.0,414
370090,14,39,63692,63692.0,625
370093,12,25,34129,34129.0,431
370300,19,49,61593,61593.0,981
370405,2,6,13584,13584.0,547
370443,13,40,74737,74737.0,1376
370450,16,44,56131,56131.0,1382
370486,12,27,49412,49412.0,1001
370517,18,41,62600,62600.0,466
370539,11,22,44468,44468.0,2298
370660,5,48,72998,109497.0,464
370744,13,25,38225,38225.0,498
370842,16,43,53173,53173.0,1665
370877,18,53,79662,79662.0,349
370959,1,4,6112,6112.0,0
370979,0,0,0,0.0,0
370990,13,47,63982,63982.0,619
371065,12,42,61288,61288.0,0
371079,16,43,63111,63111.0,1586
371148,1,2,4570,4570.0,0
371152,17,42,65236,65236.0,2290
371159,16,41,71456,71456.0,409
371164,15,33,57340,57340.0,0
371191,13,40,45003,45003.0,409
371368,7,13,13013,13013.0,725
371402,6,29,50953,76429.5,396
371422,12,30,41135,41135.0,434
371511,8,46,85480,128220.0,313
371532,12,30,47518,47518.0,0
371580,15,47,74845,74845.0,2023
371606,11,25,40053,40053.0,2118
371672,15,42,81968,81968.0,861
371675,9,26,38033,38033.0,2712
371737,6,45,95133,142699.5,0
371739,14,38,46424,46424.0,524
371875,14,37,54835,54835.0,0
371969,14,42,63617,63617.0,345
372069,8,16,16948,16948.0,1082
372111,14,37,57150,57150.0,917
372169,0,0,0,0.0,0
372175,2,4,7848,7848.0,0
372183,12,33,54262,54262.0,2883
372237,15,49,79620,79620.0,1173
372261,14,43,64169,64169.0,853
372290,14,36,63420,63420.0,481
372353,13,39,58975,58975.0,720
372522,11,28,27488,27488.0,1497
372622,10,28,28501,28501.0,1103
372647,17,52,70185,70185.0,1389
372652,11,28,46001,46001.0,0
372663,1,3,1671,1671.0,0
372737,2,6,7770,11655.0,0
372755,13,32,46377,46377.0,2105
372824,16,48,62688,62688.0,499
372865,6,15,19260,19260.0,0
372961,2,7,12642,12642.0,551
373044,11,31,48832,48832.0,1398
373118,0,0,0,0.0,0
373144,14,37,54179,54179.0,1371
373204,1,5,5410,5410.0,0
373242,7,21,24026,24026.0,0
373321,0,0,0,0.0,0
373374,12,28,48385,48385.0,0
373429,0,0,0,0.0,0
373501,12,33,56272,56272.0,481
373554,2,7,9527,9527.0,0
373638,6,19,18815,18815.0,0
373665,0,0,0,0.0,0
373737,9,26,40383,40383.0,496
373771,7,41,62776,94164.0,1087
373886,11,25,42516,42516.0,1778
373888,4,14,18726,18726.0,607
373898,15,35,50306,50306.0,0
373950,14,41,64993,64993.0,470
374107,13,36,56499,56499.0,999
374113,0,0,0,0.0,0
374117,15,33,53578,53578.0,1838
374266,19,56,76144,76144.0,0
374275,21,67,109694,109694.0,1394
374293,2,4,2974,2974.0,0
374344,9,22,34566,34566.0,638
374345,17,51,79256,79256.0,1876
374401,13,31,40766,40766.0,524
374421,1,1,1744,1744.0,0
374440,17,45,60760,60760.0,990
374585,16,30,45174,45174.0,1012
374639,17,49,82163,82163.0,303
374679,12,30,53268,53268.0,920
374721,9,23,39597,39597.0,966
374736,11,34,56086,56086.0,504
374850,17,38,56545,56545.0,1029
374881,15,33,50482,50482.0,337
374931,14,31,48498,48498.0,434
374941,9,20,24107,24107.0,0
374967,18,46,63933,63933.0,1688
374984,14,36,35957,35957.0,1384
375056,6,12,17644,17644.0,0
375105,12,35,50065,50065.0,1405
375115,0,0,0,0.0,0
375162,0,0,0,0.0,0
375203,1,2,3444,3444.0,0
375265,11,38,53578,53578.0,954
375297,15,39,55271,55271.0,2033
375371,0,0,0,0.0,0
375399,17,35,66460,66460.0,767
375430,11,33,43745,43745.0,514
375451,4,11,17288,17288.0,373
375467,0,0,0,0.0,0
375511,16,50,75498,75498.0,1436
375540,13,28,42234,42234.0,1951
375597,14,36,56295,56295.0,1029
375683,14,36,46973,46973.0,2226
375694,14,41,66254,66254.0,0
375722,13,36,61524,61524.0,2333
375757,16,44,62430,62430.0,2412
375768,16,45,65890,65890.0,2245
375792,9,18,22176,22176.0,716
375814,11,23,35827,35827.0,517
375890,19,46,72419,72419.0,1718
375909,17,54,79617,79617.0,2335
375987,15,57,73741,73741.0,1034
376072,19,49,69398,69398.0,1158
376144,7,17,32438,32438.0,0
376299,15,39,68195,68195.0,434
376367,4,12,17936,17936.0,0
376424,10,30,45348,45348.0,0
376484,11,34,49688,49688.0,706
376572,10,27,40504,40504.0,459
376618,15,36,43916,43916.0,1001
376630,4,12,15615,15615.0,0
376725,10,26,41723,41723.0,360
376862,17,34,50127,50127.0,3156
376863,15,34,53829,53829.0,487
376929,1,3,5790,8685.0,0
376969,12,30,48995,48995.0,1048
376983,2,3,2489,2489.0,787
377029,11,22,38262,38262.0,560
377050,15,39,52311,52311.0,452
377114,18,59,95536,95536.0,0
377173,13,36,46060,46060.0,525
377247,15,38,60958,60958.0,1134
377288,16,48,69347,69347.0,1209
377289,17,46,68280,68280.0,373
377302,4,16,14543,14543.0,0
377322,18,54,99708,99708.0,2450
377364,0,0,0,0.0,0
377375,7,17,19273,19273.0,0
377444,4,12,22052,22052.0,371
377464,13,34,53843,53843.0,1914
377471,7,60,88841,133261.5,1066
377489,11,20,30265,30265.0,965
377642,0,0,0,0.0,0
377674,15,40,54400,54400.0,700
377724,13,32,44587,44587.0,464
377742,3,36,52152,78228.0,0
377796,0,0,0,0.0,0
377858,0,0,0,0.0,0
377928,3,7,12425,12425.0,0
377968,14,27,39075,39075.0,923
378014,12,38,57203,57203.0,1540
378153,6,30,35604,53406.0,505
378181,13,35,55563,55563.0,446
378267,16,39,72394,72394.0,950
378454,19,47,66145,66145.0,755
378498,0,0,0,0.0,0
378793,13,33,44332,44332.0,845
378827,16,41,55550,55550.0,1593
378857,17,47,69685,69685.0,906
378920,19,51,70389,70389.0,1995
378968,14,38,52973,52973.0,509
379038,3,6,7539,7539.0,475
379041,3,7,11343,11343.0,0
379110,15,43,69902,69902.0,2238
379117,5,13,22750,22750.0,1147
379120,13,36,54355,54355.0,389
379238,13,29,36740,36740.0,569
379281,8,16,26233,26233.0,0
379351,16,35,58397,58397.0,1069
379384,17,48,66336,66336.0,955
379414,6,46,93392,140088.0,814
379446,9,29,42387,42387.0,671
379506,13,34,50405,50405.0,368
379562,14,35,47318,47318.0,1346
379572,15,53,91894,91894.0,893
379629,15,41,62771,62771.0,1398
379716,18,54,93152,93152.0,1589
379752,13,32,46010,46010.0,1750
379836,14,38,49780,49780.0,1815
379962,13,34,65516,65516.0,753
380001,12,38,51205,51205.0,0
380031,17,44,75283,75283.0,1141
380059,13,32,60240,60240.0,1632
380099,13,38,55887,55887.0,1043
380110,16,38,53295,53295.0,0
380183,15,40,61268,61268.0,407
380247,16,33,56857,56857.0,421
380255,15,40,61109,61109.0,0
380262,14,38,46732,46732.0,0
380294,11,32,57284,57284.0,401
380526,12,39,59089,59089.0,1837
380627,15,44,56467,56467.0,0
380709,5,13,19778,19778.0,592
380788,7,15,29810,29810.0,1612
380795,14,36,58373,58373.0,1413
380843,13,32,49166,49166.0,450
380928,14,44,62082,62082.0,1857
380954,2,10,12025,12025.0,425
381065,1,1,1629,1629.0,0
381176,0,0,0,0.0,0
381189,17,52,64339,64339.0,1028
381234,13,40,52164,52164.0,0
381284,13,40,62484,62484.0,1979
381307,8,22,30534,30534.0,435
381308,1,5,9345,9345.0,736
381316,17,42,68560,68560.0,1444
381395,16,51,70329,70329.0,1267
381459,15,46,78014,78014.0,1769
381471,0,0,0,0.0,0
381472,14,38,58751,58751.0,442
381496,12,38,66538,66538.0,563
381539,6,22,29513,29513.0,0
381651,16,48,79615,79615.0,1518
381717,3,10,10814,10814.0,0
381748,16,39,58965,58965.0,873
381786,2,6,10056,10056.0,0
381901,14,35,50625,50625.0,0
382045,0,0,0,0.0,0
382149,16,48,73957,73957.0,1211
382197,5,13,23750,23750.0,461
382243,13,34,57668,57668.0,3055
382252,17,52,71554,71554.0,418
382271,17,40,52367,52367.0,2285
382464,16,40,71016,71016.0,2407
382671,14,31,54226,54226.0,292
382678,0,0,0,0.0,0
382738,14,43,66403,66403.0,956
382739,6,55,103398,155097.0,0
382748,11,39,50768,50768.0,1875
382889,6,43,63575,95362.5,0
382953,15,39,50058,50058.0,0
382971,0,0,0,0.0,0
382980,17,42,54935,54935.0,1030
382983,0,0,0,0.0,0
383108,15,39,50131,50131.0,357
383147,12,37,57429,57429.0,1407
383190,15,34,54030,54030.0,955
383202,16,39,55875,55875.0,0
383367,8,49,47279,70918.5,413
383391,1,3,4497,4497.0,0
383399,9,17,27668,27668.0,0
383421,17,39,67800,67800.0,919
383627,16,41,63157,63157.0,1452
383656,13,24,37567,37567.0,371
383701,8,24,21208,21208.0,477
383787,16,51,74644,74644.0,437
383808,16,40,53550,53550.0,1418
383826,11,26,35798,35798.0,633
383842,10,27,41696,41696.0,0
383891,16,47,74638,74638.0,1241
383898,5,24,41666,62499.0,849
383912,16,41,71006,71006.0,0
383954,8,16,22729,22729.0,0
383962,6,14,32239,32239.0,1019
383969,8,19,27944,27944.0,0
384010,6,54,84656,126984.0,1355
384090,15,49,67498,67498.0,419
384146,4,43,57117,85675.5,0
384269,14,48,60930,60930.0,857
384286,10,27,44636,44636.0,1018
384296,0,0,0,0.0,0
384328,13,28,49853,49853.0,723
384336,14,33,50433,50433.0,2591
384356,4,15,26178,26178.0,0
384409,4,14,23560,23560.0,900
384412,6,65,73640,110460.0,1054
384543,14,47,66437,66437.0,1345
384548,4,7,8529,8529.0,0
384599,14,30,38884,38884.0,730
384602,4,11,10143,10143.0,656
384686,15,40,57207,57207.0,815
384737,0,0,0,0.0,0
384744,20,54,69537,69537.0,407
384750,12,29,50389,50389.0,0
384818,0,0,0,0.0,0
384825,16,41,71693,71693.0,1324
384905,0,0,0,0.0,0
384907,0,0,0,0.0,0
384920,14,30,40150,40150.0,1696
384928,10,26,37689,37689.0,0
384986,14,43,65422,65422.0,972
385092,8,102,154288,231432.0,418
385131,13,37,61419,61419.0,1567
385190,15,43,57946,57946.0,1117
385235,17,50,68869,68869.0,2509
385358,10,25,41928,41928.0,856
385593,14,35,41978,41978.0,0
385638,3,4,7115,7115.0,0
385718,17,43,64897,64897.0,2779
385747,0,0,0,0.0,0
385861,2,4,7469,7469.0,0
385864,18,48,65025,65025.0,1024
385912,11,28,36881,36881.0,0
386037,17,45,68818,68818.0,1706
386082,4,40,36882,55323.0,0
386298,5,17,33706,33706.0,0
386342,15,50,66047,66047.0,896
386363,17,40,58086,58086.0,1098
386446,2,4,3636,3636.0,456
386607,14,35,52300,52300.0,536
386649,11,36,60232,60232.0,1225
386790,13,31,38971,38971.0,1404
386825,13,37,39527,39527.0,0
386926,12,37,53849,53849.0,851
386936,2,6,8578,8578.0,0
386979,7,17,23762,23762.0,422
386986,18,58,93931,93931.0,1646
387121,13,41,46025,46025.0,715
387129,19,61,93072,93072.0,979
387203,0,0,0,0.0,0
387214,7,74,125210,187815.0,0
387307,9,61,67133,100699.5,0
387455,12,29,47375,47375.0,332
387506,18,49,65044,65044.0,961
387523,13,34,49182,49182.0,403
387553,7,19,22267,22267.0,1842
387568,16,44,63269,63269.0,0
387570,14,41,54140,54140.0,1646
387584,16,36,53789,53789.0,1169
387648,16,39,55128,55128.0,533
387650,15,32,51524,51524.0,1233
387695,15,34,46996,46996.0,984
387705,17,45,68743,68743.0,1626
387721,14,36,65694,65694.0,0
387834,15,32,52636,52636.0,1242
387880,18,35,57251,57251.0,1404
387971,16,33,45395,45395.0,1037
388046,12,30,34653,34653.0,551
388140,15,40,52001,52001.0,503
388156,17,50,74037,74037.0,1007
388292,13,36,50184,50184.0,1372
388448,15,44,77181,77181.0,563
388478,5,9,10349,10349.0,917
388624,14,45,84038,84038.0,1594
388639,10,26,37111,37111.0,754
388777,14,40,59487,59487.0,1323
388985,16,45,53048,53048.0,863
389081,0,0,0,0.0,0
389146,13,34,57921,57921.0,457
389225,18,51,79901,79901.0,1171
389387,5,13,10156,10156.0,0
389429,15,37,55898,55898.0,909
389430,0,0,0,0.0,0
389488,12,31,42529,42529.0,406
389551,14,36,51864,51864.0,1923
389565,18,51,61501,61501.0,2994
389583,7,31,44959,67438.5,897
389706,16,42,64815,64815.0,485
389741,8,17,24559,24559.0,829
389804,21,60,96947,96947.0,1038
389812,8,27,45532,45532.0,851
389928,16,46,74344,74344.0,0
389995,11,28,45778,45778.0,1995
389996,7,22,36593,36593.0,0
390022,5,40,53000,79500.0,414
390117,12,34,60777,60777.0,1473
390190,12,35,54269,54269.0,510
390203,12,32,47220,47220.0,1398
390209,15,42,53910,53910.0,909
390297,4,14,24516,24516.0,561
390343,13,36,56761,56761.0,2108
390350,16,43,64900,64900.0,0
390377,4,6,9354,9354.0,0
390434,17,58,69312,69312.0,993
390435,11,24,31545,31545.0,1929
390480,4,8,13216,13216.0,0
390546,13,39,54846,54846.0,851
390562,0,0,0,0.0,0
390651,0,0,0,0.0,0
390719,0,0,0,0.0,0
390874,14,37,52606,52606.0,1137
390880,13,34,52564,52564.0,0
390911,14,46,65316,65316.0,1082
390924,3,10,16752,16752.0,0
390974,19,48,82447,82447.0,1190
390980,9,29,44411,44411.0,1439
391034,13,40,59317,59317.0,452
391091,0,0,0,0.0,0
391106,10,20,20659,20659.0,608
391313,8,22,23932,23932.0,1416
391357,7,18,21941,21941.0,0
391397,11,27,37496,37496.0,857
391402,10,39,61460,61460.0,0
391509,11,30,47608,47608.0,1782
391542,13,42,63143,63143.0,864
391557,4,11,17456,17456.0,440
391564,17,44,62610,62610.0,534
391611,13,44,63815,63815.0,1554
391673,13,39,54903,54903.0,1061
391761,14,29,41415,41415.0,2315
391861,11,34,47143,47143.0,1031
391900,8,25,42016,42016.0,0
391927,18,45,69548,69548.0,2557
391939,14,29,45029,45029.0,1890
392098,12,32,47051,47051.0,1162
392206,17,43,65052,65052.0,539
392235,14,39,56551,56551.0,2161
392335,13,39,60433,60433.0,0
392402,13,40,59995,59995.0,1289
392430,13,33,46880,46880.0,374
392558,0,0,0,0.0,0
392575,10,27,37847,37847.0,884
392582,14,45,68736,68736.0,445
392619,11,28,41080,41080.0,1366
392682,4,14,10076,10076.0,0
392713,1,3,6747,6747.0,0
392774,18,50,66187,66187.0,353
392781,0,0,0,0.0,0
392785,13,41,55261,55261.0,0
392802,17,46,82582,82582.0,2713
392953,10,20,34627,34627.0,2676
392989,3,8,9695,9695.0,0
393101,2,5,11737,11737.0,0
393130,2,3,3725,3725.0,0
393206,10,21,24158,24158.0,341
393309,16,36,53303,53303.0,1141
393329,3,5,7726,7726.0,396
393380,17,43,71337,71337.0,523
393403,12,27,36630,36630.0,840
393565,12,25,32471,32471.0,487
393604,7,19,36906,36906.0,1151
393806,13,35,55588,55588.0,1024
393853,17,49,81269,81269.0,2003
393888,11,20,32027,32027.0,832
393975,0,0,0,0.0,0
394078,7,21,34374,34374.0,0
394167,16,36,51731,51731.0,1583
394195,0,0,0,0.0,0
394196,5,15,11685,11685.0,0
394200,0,0,0,0.0,0
394213,6,10,14446,14446.0,687
394248,15,37,53759,53759.0,938
394321,16,32,43644,43644.0,1022
394363,3,8,8488,8488.0,0
394454,17,41,54995,54995.0,1035
394569,1,3,3624,3624.0,0
394715,16,49,69518,69518.0,435
394806,18,48,57073,57073.0,1106
394812,12,36,52226,52226.0,1358
394927,8,21,34295,34295.0,2527
394941,15,44,77028,77028.0,975
394946,3,9,9383,9383.0,570
394979,11,34,63439,63439.0,760
395026,17,59,85200,85200.0,2288
395121,12,28,40399,40399.0,394
395168,11,30,54691,54691.0,0
395189,0,0,0,0.0,0
395300,0,0,0,0.0,0
395324,13,39,50323,50323.0,1585
395384,11,27,37719,37719.0,0
395446,4,11,15729,15729.0,848
395460,13,40,62296,62296.0,1075
395511,11,35,58188,58188.0,394
395512,0,0,0,0.0,0
395525,13,37,64197,64197.0,1098
395622,15,49,72942,72942.0,1393
395639,18,55,100977,100977.0,2514
395871,11,34,52638,52638.0,0
395887,19,46,60650,60650.0,2268
395912,15,41,56709,56709.0,1809
395962,3,10,12747,12747.0,0
396018,13,35,54101,54101.0,1312
396048,1,4,6728,6728.0,364
396155,15,39,64313,64313.0,547
396267,16,46,83557,83557.0,1091
396446,15,31,40487,40487.0,483
396471,15,41,55903,55903.0,986
396726,13,25,44921,44921.0,938
396863,9,20,32908,32908.0,0
396867,3,4,6274,6274.0,0
396920,16,42,63676,63676.0,2646
396984,13,28,36634,36634.0,1457
396996,15,47,86198,86198.0,570
396997,15,48,66529,66529.0,1274
396998,10,26,22225,22225.0,376
397053,14,38,56218,56218.0,1013
397065,9,20,32660,32660.0,1028
397099,2,5,9955,9955.0,0
397104,9,22,32598,32598.0,521
397141,14,38,53349,53349.0,382
397242,6,18,30183,30183.0,410
397248,16,39,61786,61786.0,0
397272,0,0,0,0.0,0
397376,0,0,0,0.0,0
397377,11,26,37616,37616.0,2102
397480,18,56,82865,82865.0,1171
397518,7,16,27719,27719.0,0
397533,13,36,51827,51827.0,974
397706,13,33,40540,40540.0,994
397787,6,15,29115,29115.0,0
397817,18,45,67532,67532.0,571
397820,16,41,63351,63351.0,0
397848,0,0,0,0.0,0
397891,0,0,0,0.0,0
397934,7,15,22960,22960.0,487
397947,13,46,66714,66714.0,1144
397962,0,0,0,0.0,0
398074,0,0,0,0.0,0
398086,15,48,57222,57222.0,592
398305,6,65,129890,194835.0,979
398351,19,57,81513,81513.0,823
398506,16,44,62736,62736.0,1648
398535,3,33,33165,49747.5,725
398586,12,34,64176,64176.0,0
398603,17,51,71276,71276.0,1471
398611,15,49,66436,66436.0,522
398655,2,26,35192,52788.0,0
398819,13,38,59010,59010.0,727
398839,17,47,72578,72578.0,624
398846,9,23,45220,45220.0,1994
398924,13,44,55456,55456.0,2236
398965,13,42,64100,64100.0,420
399065,15,43,68822,68822.0,1625
399101,4,13,24697,24697.0,653
399214,15,48,58546,58546.0,1816
399251,17,53,86970,86970.0,835
399372,13,32,51859,51859.0,1222
399379,12,31,47374,47374.0,1419
399397,14,41,63019,63019.0,2109
399417,15,50,83226,83226.0,1103
399418,13,39,63948,63948.0,437
399514,5,13,20289,20289.0,486
399555,4,28,41180,61770.0,862
399575,16,47,74698,74698.0,572
399666,6,22,24782,24782.0,0
399670,15,35,62225,62225.0,2492
399678,13,32,42460,42460.0,1777
399704,10,31,51265,51265.0,482
399917,0,0,0,0.0,0
399943,17,50,76053,76053.0,446
399973,11,32,49067,49067.0,594
399982,12,35,40897,40897.0,689
400030,13,27,33138,33138.0,1135
400079,14,34,43278,43278.0,3277
400181,16,44,58270,58270.0,1239
400224,13,39,55902,55902.0,0
400265,16,31,50236,50236.0,0
400272,10,26,35492,35492.0,0
400313,14,48,68837,68837.0,699
400392,18,42,69000,69000.0,0
400404,8,25,34071,34071.0,1196
400470,16,42,56419,56419.0,1862
400478,4,9,14764,14764.0,0
400486,15,45,71759,71759.0,506
400513,0,0,0,0.0,0
400600,5,60,72478,108717.0,0
400702,12,33,50989,50989.0,1993
400802,13,39,54805,54805.0,697
400844,0,0,0,0.0,0
400873,0,0,0,0.0,0
400958,13,37,57528,57528.0,878
400979,15,42,62390,62390.0,1454
400985,17,40,77846,77846.0,576
401007,11,30,39111,39111.0,2081
401036,14,39,45214,45214.0,1353
401055,9,25,40593,40593.0,468
401060,10,21,23236,23236.0,1150
401062,6,13,17565,17565.0,1279
401101,15,39,57499,57499.0,1555
401336,14,38,49895,49895.0,437
401350,2,6,8774,8774.0,461
401422,5,40,54390,81585.0,531
401424,6,18,20873,20873.0,507
401454,22,57,81907,81907.0,769
401645,16,48,67071,67071.0,0
401710,11,24,30589,30589.0,0
401722,13,39,45564,45564.0,1388
401760,16,35,61421,61421.0,1823
401766,14,38,48699,48699.0,1422
401769,18,46,66719,66719.0,1899
401824,14,38,59109,59109.0,844
401834,14,39,61507,61507.0,1236
401857,13,38,55423,55423.0,1081
401858,6,12,19175,19175.0,353
401859,14,40,57756,57756.0,912
401943,0,0,0,0.0,0
401956,11,29,41219,41219.0,516
402034,14,34,60165,60165.0,890
402052,12,33,41398,41398.0,2052
402082,12,37,37203,37203.0,0
402136,0,0,0,0.0,0
402177,1,5,9135,9135.0,0
402251,9,24,36981,36981.0,375
402332,13,31,44094,44094.0,0
402390,1,2,2646,3969.0,0
402624,0,0,0,0.0,0
402638,9,23,30958,30958.0,0
402697,17,44,88123,88123.0,1970
402706,12,40,59131,59131.0,0
402918,10,31,36142,36142.0,655
402964,14,36,70594,70594.0,736
402966,7,11,24613,24613.0,0
403052,4,13,18894,18894.0,1164
403118,15,33,55031,55031.0,0
403185,11,35,61156,61156.0,0
403258,0,0,0,0.0,0
403282,12,28,38595,38595.0,0
403361,7,19,21288,21288.0,0
403463,1,2,3008,3008.0,0
403473,13,21,33516,33516.0,1259
403500,17,47,69495,69495.0,1743
403507,14,41,57217,57217.0,1447
403529,0,0,0,0.0,0
403675,13,27,41265,41265.0,0
403764,3,7,13932,13932.0,0
403856,6,49,86283,129424.5,0
403893,12,34,58318,58318.0,1163
404011,16,28,47565,47565.0,459
404012,2,9,9429,9429.0,0
404106,16,46,75893,75893.0,1608
404233,11,35,43845,43845.0,1560
404314,15,40,49455,49455.0,884
404339,10,23,28749,28749.0,388
404417,15,37,54257,54257.0,0
404426,12,25,41905,41905.0,1445
404431,13,36,46074,46074.0,1467
404434,18,45,65916,65916.0,1621
404475,15,40,56647,56647.0,1143
404720,14,41,54932,54932.0,1077
404742,14,47,70020,70020.0,0
404801,5,12,13380,13380.0,403
404805,5,16,15921,15921.0,608
404846,12,29,51437,51437.0,886
404920,12,20,24939,24939.0,1112
405030,0,0,0,0.0,0
405201,16,38,43191,43191.0,396
405318,14,36,57517,57517.0,1811
405339,16,32,42137,42137.0,1572
405351,14,36,55703,55703.0,0
405418,12,32,46601,46601.0,523
405442,17,43,57170,57170.0,1438
405465,0,0,0,0.0,0
405500,17,48,66797,66797.0,673
405597,12,28,39153,39153.0,1185
405602,7,42,72452,108678.0,0
405698,6,19,26773,26773.0,1774
405699,13,39,60071,60071.0,511
405735,14,31,47095,47095.0,1541
405739,9,23,39317,39317.0,2756
405740,0,0,0,0.0,0
405768,7,20,30702,30702.0,0
405804,16,44,63873,63873.0,361
405928,17,43,66122,66122.0,0
406047,18,42,61702,61702.0,399
406099,2,8,13410,13410.0,0
406176,12,30,44822,44822.0,640
406252,6,42,63472,95208.0,661
406254,13,41,60045,60045.0,1158
406287,5,12,21350,21350.0,0
406294,17,39,57992,57992.0,3352
406367,4,10,13861,13861.0,374
406369,5,27,25877,38815.5,0
406373,13,44,58069,58069.0,1418
406411,18,50,65171,65171.0,1788
406564,13,31,44954,44954.0,491
406574,16,44,80668,80668.0,617
406810,14,47,65598,65598.0,1808
406988,0,0,0,0.0,0
407008,2,2,4097,4097.0,0
407032,15,39,52982,52982.0,1748
407119,15,37,63895,63895.0,781
407173,15,33,39418,39418.0,1008
407233,0,0,0,0.0,0
407238,14,34,44725,44725.0,1065
407305,18,47,62059,62059.0,896
407340,15,38,53935,53935.0,409
407377,13,45,67707,67707.0,1855
407404,0,0,0,0.0,0
407411,16,37,55822,55822.0,0
407433,13,41,58458,58458.0,1091
407468,11,22,33191,33191.0,371
407478,4,8,12095,12095.0,0
407641,0,0,0,0.0,0
407648,0,0,0,0.0,0
407768,13,29,35251,35251.0,1356
407798,13,33,51512,51512.0,928
407924,0,0,0,0.0,0
407933,13,35,52083,52083.0,446
407945,18,49,89236,89236.0,1053
407999,17,44,77889,77889.0,1333
408047,18,52,73626,73626.0,630
408091,6,18,28111,28111.0,459
408134,5,14,25186,25186.0,0
408170,0,0,0,0.0,0
408259,13,38,62539,62539.0,575
408309,12,27,35344,35344.0,629
408347,4,13,26625,26625.0,0
408378,3,8,11536,11536.0,0
408468,4,12,19978,19978.0,0
408493,10,22,38527,38527.0,545
408500,13,33,59334,59334.0,0
408561,17,48,78877,78877.0,1563
408651,17,42,52432,52432.0,625
408838,10,27,46193,46193.0,944
408863,15,37,65482,65482.0,0
408886,15,45,64912,64912.0,1048
408915,2,3,3039,3039.0,0
408931,18,47,57009,57009.0,1679
408990,13,42,57362,57362.0,646
409051,14,39,61992,61992.0,1229
409102,15,34,53263,53263.0,1253
409156,14,36,54319,54319.0,792
409174,3,11,25624,25624.0,0
409454,16,43,71732,71732.0,901
409512,11,28,53771,53771.0,1022
409603,11,31,37685,37685.0,548
409684,13,36,49679,49679.0,0
409741,17,47,66307,66307.0,0
409768,2,5,9886,9886.0,0
409798,12,34,48966,48966.0,1574
409908,16,44,62777,62777.0,746
409914,13,34,56557,56557.0,420
409951,17,56,89920,89920.0,435
409984,4,38,69940,104910.0,0
409989,2,9,13753,13753.0,449
410202,15,37,52825,52825.0,712
410209,15,41,58468,58468.0,1561
410218,15,45,74510,74510.0,1854
410341,16,50,78748,78748.0,518
410343,6,14,12578,12578.0,0
410347,16,43,53124,53124.0,1971
410373,0,0,0,0.0,0
410384,15,39,56767,56767.0,1636
410460,7,17,30145,30145.0,543
410544,15,40,61098,61098.0,564
410552,14,32,42159,42159.0,456
410558,14,38,54944,54944.0,1952
410702,15,41,59154,59154.0,356
410790,17,42,66410,66410.0,1344
410921,17,42,59799,59799.0,487
410938,13,43,68424,68424.0,1056
410958,2,7,4484,4484.0,0
410963,15,38,55266,55266.0,0
410982,15,42,62797,62797.0,2156
411030,4,5,8780,8780.0,0
411094,13,39,56084,56084.0,1459
411116,9,27,42384,42384.0,413
411204,15,47,60010,60010.0,1084
411242,0,0,0,0.0,0
411272,2,4,4368,4368.0,0
411296,6,63,93466,140199.0,0
411298,16,45,68761,68761.0,1991
411365,1,2,4162,4162.0,0
411420,14,49,64020,64020.0,1364
411523,27,79,102332,102332.0,2098
411533,15,50,71796,71796.0,533
411583,14,42,66666,66666.0,1474
411586,18,45,73034,73034.0,791
411651,0,0,0,0.0,0
411686,13,34,50518,50518.0,0
411690,15,41,55710,55710.0,1276
411715,3,12,21664,21664.0,0
411734,7,18,26433,26433.0,0
411744,11,33,52773,52773.0,764
411876,16,46,58342,58342.0,1302
411897,11,30,39851,39851.0,1495
412024,17,40,58604,58604.0,1015
412133,14,42,54704,54704.0,989
412186,19,59,84821,84821.0,522
412203,13,35,52715,52715.0,0
412284,10,24,38994,38994.0,445
412362,0,0,0,0.0,0
412394,16,52,80944,80944.0,1847
412402,16,42,71218,71218.0,1223
412429,8,22,30421,30421.0,580
412480,3,5,9846,9846.0,0
412487,14,39,58356,58356.0,0
412743,3,8,16924,16924.0,571
412793,16,34,49534,49534.0,1703
412803,14,34,56109,56109.0,962
412817,14,42,72374,72374.0,0
412854,14,41,67597,67597.0,0
412880,12,36,53325,53325.0,1117
412902,19,50,80061,80061.0,1330
412944,15,46,63018,63018.0,931
412995,13,32,49220,49220.0,0
413050,19,47,80284,80284.0,1409
413052,13,25,43987,43987.0,445
413088,15,40,56509,56509.0,1220
413101,15,45,63773,63773.0,915
413115,14,50,61004,61004.0,1479
413185,16,37,55190,55190.0,449
413243,19,48,83518,83518.0,439
413266,13,39,58395,58395.0,1115
413282,15,40,71549,71549.0,1774
413305,0,0,0,0.0,0
413330,8,21,33442,33442.0,0
413345,14,41,59930,59930.0,817
413347,10,27,32604,32604.0,472
413426,14,47,67641,67641.0,0
413445,6,14,29156,29156.0,1117
413459,15,44,69660,69660.0,1985
413620,11,28,38240,38240.0,498
413659,7,19,32617,32617.0,523
413741,12,36,60555,60555.0,1965
413798,20,53,72076,72076.0,0
413815,17,44,61113,61113.0,1761
413853,7,21,26280,26280.0,1413
413994,13,43,68095,68095.0,1699
414033,14,44,56431,56431.0,738
414157,10,25,42017,42017.0,0
414164,10,21,29631,29631.0,563
414207,14,42,60277,60277.0,353
414211,16,41,61136,61136.0,546
414239,10,31,42175,42175.0,0
414305,20,51,79078,79078.0,2606
414318,13,38,73434,73434.0,1034
414382,1,1,2110,2110.0,0
414433,13,31,55568,55568.0,606
414584,17,54,83565,83565.0,748
414661,0,0,0,0.0,0
414727,16,43,81372,81372.0,2173
414741,21,59,80386,80386.0,1955
414757,11,28,41228,41228.0,874
415067,16,39,51887,51887.0,970
415077,8,23,38104,38104.0,725
415088,8,15,14747,14747.0,522
415090,5,30,42534,63801.0,732
415148,15,45,69376,69376.0,1080
415201,4,8,12731,12731.0,1009
415292,0,0,0,0.0,0
415327,11,37,55996,55996.0,356
415332,12,33,34590,34590.0,882
415341,15,39,53764,53764.0,647
415372,13,34,48796,48796.0,851
415381,12,44,71149,71149.0,367
415402,9,24,30286,30286.0,492
415441,13,32,46404,46404.0,332
415446,2,6,4466,4466.0,374
415640,0,0,0,0.0,0
415862,14,32,41275,41275.0,1106
415896,13,35,56025,56025.0,0
415915,7,39,46413,69619.5,448
415916,15,44,63599,63599.0,1793
416091,4,16,18226,18226.0,0
416105,1,1,1761,1761.0,0
416124,17,49,59920,59920.0,2567
416127,12,23,28028,28028.0,1014
416216,12,29,49005,49005.0,1587
416575,16,32,43761,43761.0,1234
416620,1,3,6753,6753.0,0
416768,14,40,56494,56494.0,786
416783,13,28,39854,39854.0,899
416940,6,16,15363,15363.0,0
416973,16,43,56292,56292.0,1020
417001,1,1,1729,1729.0,0
417082,15,42,61806,61806.0,0
417118,15,46,78035,78035.0,1536
417240,28,74,119305,119305.0,2223
417274,7,45,72855,109282.5,638
417507,13,33,48583,48583.0,1354
417553,0,0,0,0.0,0
417564,16,24,30101,30101.0,486
417584,12,36,52014,52014.0,607
417721,0,0,0,0.0,0
417825,14,41,61012,61012.0,1059
417838,13,35,47748,47748.0,461
417841,0,0,0,0.0,0
417886,14,38,52764,52764.0,1428
417904,10,27,31624,31624.0,1011
417929,17,55,90897,90897.0,1017
418090,13,32,35705,35705.0,1550
418166,17,43,53650,53650.0,1454
418233,0,0,0,0.0,0
418281,14,42,47643,47643.0,377
418327,14,39,56434,56434.0,0
418470,9,23,37753,37753.0,492
418626,0,0,0,0.0,0
418636,5,11,17258,17258.0,0
418718,9,19,26318,26318.0,430
418753,10,29,53611,53611.0,0
418779,16,44,62929,62929.0,508
418784,2,2,2840,2840.0,0
418793,14,35,60180,60180.0,2068
418910,17,41,52306,52306.0,526
418930,12,39,57365,57365.0,341
418938,8,20,33278,33278.0,0
418958,19,48,64556,64556.0,386
418990,17,39,55845,55845.0,1233
419182,16,47,69843,69843.0,299
419237,5,19,34021,34021.0,0
419275,14,41,88191,88191.0,0
419377,17,34,53444,53444.0,1082
419491,0,0,0,0.0,0
419493,13,38,49399,49399.0,858
419522,15,48,73986,73986.0,502
419540,14,44,63207,63207.0,2649
419570,17,44,77304,77304.0,1266
419626,9,24,29619,29619.0,1987
419648,7,21,40107,40107.0,0
419661,3,7,10929,10929.0,0
419732,4,14,20642,20642.0,0
419748,14,39,55254,55254.0,361
419749,16,43,57648,57648.0,0
419758,13,38,52003,52003.0,597
419776,16,39,60620,60620.0,1800
419818,12,31,50666,50666.0,590
419893,15,40,63652,63652.0,1080
419953,14,37,60477,60477.0,890
419973,15,44,75320,75320.0,1690
420008,20,43,66035,66035.0,1378
420010,3,19,27768,41652.0,348
420126,4,14,14014,14014.0,0
420148,16,38,57776,57776.0,583
420202,5,13,24277,24277.0,1175
420204,9,28,38436,38436.0,1583
420222,16,41,71968,71968.0,2118
420243,2,3,4890,4890.0,515
420339,16,42,73425,73425.0,435
420394,13,32,39963,39963.0,637
420434,16,38,50863,50863.0,1620
420439,10,27,44740,44740.0,789
420457,16,45,60419,60419.0,587
420464,0,0,0,0.0,0
420481,13,32,55554,55554.0,1061
420488,14,36,51228,51228.0,0
420490,13,30,48279,48279.0,1794
420508,12,30,38659,38659.0,1001
420515,12,31,52142,52142.0,457
420590,9,17,29431,29431.0,1434
420627,13,35,42969,42969.0,336
420738,14,27,35042,35042.0,1389
420786,13,30,38715,38715.0,2142
420856,3,11,17925,17925.0,0
420890,6,39,55628,83442.0,542
421001,12,33,51075,51075.0,514
421191,20,54,87404,87404.0,344
421252,1,3,5994,5994.0,513
421310,1,1,892,892.0,0
421432,0,0,0,0.0,0
421458,18,54,80612,80612.0,302
421497,13,39,49812,49812.0,0
421580,15,38,52339,52339.0,1996
421691,14,42,68576,68576.0,0
421744,14,35,54555,54555.0,0
421748,14,51,80065,80065.0,0
421752,1,3,4668,4668.0,0
421822,2,3,5618,5618.0,0
421855,0,0,0,0.0,0
421923,15,43,68728,68728.0,1165
421930,8,64,91947,137920.5,0
422121,16,42,59872,59872.0,1110
422152,18,53,86464,86464.0,904
422164,4,10,17644,17644.0,771
422204,17,48,64234,64234.0,1550
422245,1,4,5940,5940.0,0
422276,15,43,64656,64656.0,1618
422320,10,18,21081,21081.0,923
422349,15,27,32318,32318.0,1745
422358,17,46,73428,73428.0,585
422398,18,55,70885,70885.0,1791
422436,4,13,21455,21455.0,0
422496,11,31,48772,48772.0,2090
422750,16,40,50197,50197.0,1733
422787,15,37,52459,52459.0,513
422803,17,45,73961,73961.0,3480
422805,12,29,41676,41676.0,2574
422989,6,13,13652,13652.0,485
423035,16,41,63284,63284.0,1797
423096,14,36,48314,48314.0,1487
423119,7,20,28565,28565.0,0
423153,9,25,33142,33142.0,0
423201,12,27,41841,41841.0,935
423228,13,44,65740,65740.0,0
423254,16,44,67098,67098.0,309
423272,17,32,45012,45012.0,351
423313,0,0,0,0.0,0
423324,4,10,8177,8177.0,0
423336,10,28,38508,38508.0,0
423409,5,38,55992,83988.0,1144
423432,15,42,73439,73439.0,619
423473,3,28,25436,38154.0,0
423598,17,48,67095,67095.0,343
423609,13,30,45437,45437.0,420
423686,16,38,48290,48290.0,425
423711,0,0,0,0.0,0
423821,14,33,38133,38133.0,646
423844,0,0,0,0.0,0
423941,17,32,59278,59278.0,1373
423978,15,41,52843,52843.0,875
424012,9,24,29377,29377.0,578
424027,0,0,0,0.0,0
424098,15,40,54914,54914.0,988
424100,9,31,48577,48577.0,1540
424126,15,37,51601,51601.0,398
424139,12,31,36262,36262.0,390
424208,14,37,49023,49023.0,473
424216,13,36,55289,55289.0,399
424270,6,15,24228,24228.0,473
424317,0,0,0,0.0,0
424337,14,37,44466,44466.0,0
424403,13,32,39578,39578.0,417
424451,1,3,6540,6540.0,0
424526,13,31,37489,37489.0,1024
424540,15,40,68276,68276.0,812
424585,1,2,2364,2364.0,0
424688,10,26,41016,41016.0,1363
424793,10,29,49566,49566.0,0
424812,13,26,43968,43968.0,2079
424837,15,42,68596,68596.0,1149
424917,12,40,57266,57266.0,556
424983,19,54,72226,72226.0,2271
425294,18,44,68759,68759.0,1072
425411,12,32,48481,48481.0,367
425436,16,46,78803,78803.0,0
425445,15,33,43255,43255.0,498
425472,16,38,63190,63190.0,1046
425477,0,0,0,0.0,0
425567,11,29,44585,44585.0,1100
425620,3,6,7195,7195.0,0
425687,3,11,16328,16328.0,0
425717,15,36,48915,48915.0,429
425720,10,27,43217,43217.0,0
425779,3,11,13436,13436.0,577
425826,1,1,2218,2218.0,0
425854,12,37,52145,52145.0,630
425940,15,44,55710,55710.0,1000
426022,0,0,0,0.0,0
426027,12,31,44096,44096.0,492
426124,10,31,50879,50879.0,1301
426141,0,0,0,0.0,0
426185,13,40,61070,61070.0,1381
426223,17,32,51418,51418.0,463
426302,7,22,29003,29003.0,0
426317,12,25,30107,30107.0,963
426351,11,32,50403,50403.0,938
426384,13,39,52854,52854.0,1124
426414,14,34,46150,46150.0,0
426429,18,50,72241,72241.0,0
426439,16,32,44762,44762.0,1003
426530,13,33,55967,55967.0,1180
426533,13,37,66394,66394.0,596
426536,15,35,54691,54691.0,1672
426698,16,36,56923,56923.0,906
426720,13,42,58329,58329.0,1237
426791,13,28,36107,36107.0,534
426958,14,37,51854,51854.0,0
426981,13,34,54474,54474.0,1500
426990,13,46,73730,73730.0,0
426994,16,43,57488,57488.0,916
427036,15,38,64849,64849.0,768
427140,12,29,44177,44177.0,330
427163,14,46,75667,75667.0,454
427177,12,36,49822,49822.0,1033
427329,12,32,45134,45134.0,316
427354,6,21,28413,28413.0,0
427358,15,38,60663,60663.0,1849
427388,4,14,11666,11666.0,0
427444,7,13,18642,18642.0,0
427733,14,36,68854,68854.0,667
427804,0,0,0,0.0,0
427919,10,37,68167,68167.0,0
427976,13,29,45141,45141.0,1898
427980,16,40,61635,61635.0,647
428020,16,43,60993,60993.0,490
428114,15,53,82705,82705.0,859
428129,16,43,67284,67284.0,1074
428130,11,26,41430,41430.0,463
428152,6,21,31934,31934.0,466
428162,14,36,51397,51397.0,0
428249,12,30,45632,45632.0,0
428305,15,36,49665,49665.0,858
428345,7,23,33257,33257.0,0
428376,13,33,45944,45944.0,919
428383,2,2,2339,2339.0,0
428402,15,33,42595,42595.0,483
428452,1,5,10745,10745.0,0
428520,9,21,30258,30258.0,0
428523,11,28,48925,48925.0,424
428526,11,31,47778,47778.0,677
428536,16,55,73491,73491.0,1129
428565,11,24,30314,30314.0,710
428590,0,0,0,0.0,0
428604,9,21,38151,38151.0,923
428649,15,38,51492,51492.0,0
428710,13,33,49101,49101.0,1728
428757,15,40,61595,61595.0,1727
428765,9,21,39140,39140.0,924
428778,6,14,22070,22070.0,390
428826,5,15,30714,30714.0,987
428843,14,35,61661,61661.0,824
428853,8,52,91145,136717.5,710
428872,0,0,0,0.0,0
428903,15,38,58772,58772.0,351
428919,13,35,54829,54829.0,0
428922,14,36,54431,54431.0,892
429054,14,28,37373,37373.0,885
429238,19,49,82560,82560.0,2991
429244,14,37,53582,53582.0,1999
429292,11,23,28439,28439.0,475
429308,16,46,69175,69175.0,590
429354,17,40,60499,60499.0,649
429448,0,0,0,0.0,0
429460,8,18,24803,24803.0,374
429471,11,31,52106,52106.0,0
429557,13,30,36027,36027.0,422
429689,0,0,0,0.0,0
429692,5,12,18502,18502.0,437
429829,18,56,87602,87602.0,1345
429849,14,36,57238,57238.0,344
429894,10,21,28946,28946.0,0
429921,17,41,66841,66841.0,1472
429933,16,46,70708,70708.0,0
430048,16,46,67177,67177.0,2673
430059,15,39,57858,57858.0,2376
430097,17,39,61948,61948.0,1008
430107,10,38,46659,46659.0,588
430197,16,43,70585,70585.0,648
430221,2,2,1963,1963.0,0
430228,17,48,62521,62521.0,1371
430265,8,18,30088,30088.0,0
430323,13,27,43145,43145.0,1752
430398,7,56,90648,135972.0,979
430413,14,37,60245,60245.0,0
430475,13,29,43909,43909.0,962
430500,17,38,59271,59271.0,0
430503,16,42,63079,63079.0,490
430519,0,0,0,0.0,0
430521,0,0,0,0.0,0
430555,12,27,42407,42407.0,497
430559,0,0,0,0.0,0
430569,19,67,98124,98124.0,1759
430618,10,25,52902,52902.0,455
430670,0,0,0,0.0,0
430712,6,12,19566,19566.0,501
430813,18,45,56230,56230.0,1831
430817,13,35,52991,52991.0,0
430880,8,37,45310,67965.0,1125
431020,13,34,48705,48705.0,1182
431021,13,39,64074,64074.0,1065
431034,14,32,48524,48524.0,1956
431187,2,3,5462,5462.0,0
431201,6,15,18049,18049.0,0
431277,10,28,43905,43905.0,873
431286,0,0,0,0.0,0
431392,1,2,2678,2678.0,0
431514,5,11,11961,11961.0,344
431521,14,45,67058,67058.0,2071
431533,16,37,50759,50759.0,1031
431586,11,34,44361,44361.0,1015
431640,19,54,96955,96955.0,2548
431829,15,35,58723,58723.0,1517
431899,12,40,69711,69711.0,1113
432031,16,48,78599,78599.0,689
432059,13,32,58097,58097.0,1874
432145,16,34,47949,47949.0,1722
432200,13,36,51911,51911.0,735
432215,13,35,47346,47346.0,1748
432255,17,48,69427,69427.0,1699
432298,18,55,78783,78783.0,1093
432302,6,53,75822,113733.0,0
432366,12,31,50171,50171.0,1048
432370,14,37,45385,45385.0,545
432392,13,40,46530,46530.0,446
432451,13,38,64492,64492.0,0
432493,19,62,87037,87037.0,1018
432564,4,11,9962,9962.0,409
432579,2,7,10804,10804.0,0
432592,15,42,48799,48799.0,1781
432598,15,38,55453,55453.0,0
432655,6,28,39765,59647.5,0
432716,16,51,81486,81486.0,429
432718,16,40,68499,68499.0,1615
432729,0,0,0,0.0,0
432843,10,36,54185,54185.0,1059
432920,10,32,58693,58693.0,642
432938,16,43,69826,69826.0,500
432941,1,3,5592,5592.0,553
432961,6,13,20643,20643.0,974
433017,11,29,39213,39213.0,1159
433020,2,22,40528,60792.0,0
433116,0,0,0,0.0,0
433172,15,47,72227,72227.0,1419
433300,1,2,1662,1662.0,0
433307,2,7,11657,11657.0,0
433353,15,37,55024,55024.0,1710
433477,3,3,4170,4170.0,490
433496,16,46,62621,62621.0,1579
433510,16,54,69980,69980.0,1768
433678,14,34,49964,49964.0,1591
433752,9,25,34100,34100.0,483
433812,12,34,48512,48512.0,613
433815,13,28,49224,49224.0,586
433857,6,72,145704,218556.0,0
433881,0,0,0,0.0,0
433946,14,41,63733,63733.0,1180
434081,14,30,46726,46726.0,0
434098,18,44,72994,72994.0,1527
434113,12,37,58913,58913.0,422
434136,16,44,72308,72308.0,1584
434215,11,26,38145,38145.0,1255
434385,16,52,85295,85295.0,499
434430,0,0,0,0.0,0
434470,15,38,51157,51157.0,2716
434477,14,45,72659,72659.0,1239
434489,8,81,101433,152149.5,0
434568,15,33,50383,50383.0,1190
434620,5,17,31222,31222.0,0
434621,12,36,64417,64417.0,861
434657,11,24,35679,35679.0,480
434658,13,37,47325,47325.0,565
434679,18,51,59435,59435.0,1032
434693,8,16,21347,21347.0,0
434751,12,34,66416,66416.0,1104
434760,13,30,44274,44274.0,964
434802,11,28,50914,50914.0,1373
434807,26,77,103078,103078.0,619
434888,12,36,47061,47061.0,3011
434922,16,45,65889,65889.0,335
434965,0,0,0,0.0,0
435049,11,27,42118,42118.0,1512
435097,15,36,60560,60560.0,1293
435129,13,34,50231,50231.0,0
435156,14,38,68610,68610.0,1535
435223,10,20,27177,27177.0,967
435249,12,37,57009,57009.0,0
435358,2,4,3723,3723.0,0
435378,13,36,65359,65359.0,1140
435557,11,31,35425,35425.0,0
435613,14,37,61430,61430.0,1438
435657,10,26,39209,39209.0,1386
435777,0,0,0,0.0,0
435789,13,34,55693,55693.0,1150
435883,0,0,0,0.0,0
436010,13,44,74881,74881.0,364
436041,6,16,25030,25030.0,1223
436081,13,36,52916,52916.0,1298
436087,4,68,102628,153942.0,721
436226,19,60,101331,101331.0,1360
436235,12,27,51367,51367.0,1473
436247,9,22,37066,37066.0,557
436266,8,17,27990,27990.0,892
436282,0,0,0,0.0,0
436318,0,0,0,0.0,0
436419,7,63,96625,144937.5,1326
436475,15,48,75600,75600.0,1098
436498,0,0,0,0.0,0
436569,14,40,66755,66755.0,681
436705,8,18,17031,17031.0,0
436719,11,29,42953,42953.0,1098
436805,5,12,17762,17762.0,1102
436827,14,41,65870,65870.0,527
436874,17,40,59481,59481.0,1356
436901,10,27,38215,38215.0,360
436969,15,30,46322,46322.0,1732
436971,9,19,27652,27652.0,762
436975,13,28,38396,38396.0,952
436990,11,35,49524,49524.0,1300
437022,14,38,61910,61910.0,331
437074,15,31,50408,50408.0,631
437086,17,43,65863,65863.0,779
437158,15,43,63922,63922.0,1074
437197,15,41,51964,51964.0,771
437251,3,8,9936,9936.0,0
437262,0,0,0,0.0,0
437269,8,17,24926,24926.0,524
437288,10,26,38322,38322.0,337
437357,13,33,47288,47288.0,1002
437403,5,19,22518,22518.0,379
437407,13,34,57078,57078.0,558
437440,6,64,96868,145302.0,615
437545,14,45,72067,72067.0,654
437598,15,40,73751,73751.0,2314
437737,17,42,72819,72819.0,2136
437810,12,30,38307,38307.0,2736
438023,10,26,29121,29121.0,0
438120,5,14,22213,22213.0,1621
438199,9,29,44060,44060.0,806
438263,11,33,48046,48046.0,0
438299,9,23,40049,40049.0,0
438383,10,23,36312,36312.0,0
438511,0,0,0,0.0,0
438525,6,13,14111,14111.0,313
438526,14,29,51195,51195.0,929
438593,3,12,16324,16324.0,0
438641,13,34,45956,45956.0,731
438698,0,0,0,0.0,0
438707,15,44,73370,73370.0,4301
438746,15,40,58057,58057.0,966
438822,16,40,59294,59294.0,758
438869,12,42,62969,62969.0,524
438875,6,10,11443,11443.0,0
438936,16,52,67379,67379.0,499
439013,7,68,102354,153531.0,748
439068,1,3,3897,3897.0,727
439092,6,10,10150,10150.0,0
439251,14,45,69618,69618.0,2171
439252,1,1,1192,1192.0,0
439296,16,45,63142,63142.0,960
439350,14,34,56164,56164.0,1877
439361,16,43,72229,72229.0,1295
439566,12,35,60668,60668.0,0
439572,5,78,117523,176284.5,1007
439574,17,53,70976,70976.0,1202
439675,11,20,23882,23882.0,1031
439696,12,23,30209,30209.0,501
439819,16,42,69247,69247.0,750
439900,17,53,81311,81311.0,767
440112,12,33,53737,53737.0,825
440198,15,49,74899,74899.0,825
440209,13,25,38607,38607.0,0
440213,11,27,48498,48498.0,516
440320,17,48,84343,84343.0,1509
440511,8,26,27019,27019.0,1346
440595,16,49,61484,61484.0,0
440618,20,57,93946,93946.0,634
440642,13,36,53670,53670.0,442
440671,0,0,0,0.0,0
440699,1,5,4935,4935.0,0
440758,0,0,0,0.0,0
440785,16,50,79873,79873.0,1961
440885,14,34,51211,51211.0,837
440928,13,33,39023,39023.0,735
440939,14,32,56666,56666.0,0
440967,12,26,37646,37646.0,2053
441113,9,19,27962,27962.0,0
441128,12,33,46587,46587.0,861
441135,16,40,54498,54498.0,2112
441155,9,26,29457,29457.0,1742
441304,17,35,60921,60921.0,0
441313,11,37,68311,68311.0,0
441340,14,39,67927,67927.0,1863
441345,5,21,34117,51175.5,0
441356,12,26,37983,37983.0,389
441359,15,43,61387,61387.0,1373
441389,15,47,62315,62315.0,901
441419,5,9,16128,16128.0,0
441423,14,33,59687,59687.0,1315
441439,11,24,39136,39136.0,0
441440,11,27,45164,45164.0,0
441442,15,37,52964,52964.0,1426
441509,12,36,45246,45246.0,1148
441623,13,29,46861,46861.0,389
441631,5,53,77833,116749.5,0
441670,6,17,32263,32263.0,0
441719,0,0,0,0.0,0
441724,14,34,48203,48203.0,2844
441741,11,27,42361,42361.0,349
441782,14,40,63054,63054.0,1638
441964,12,31,42371,42371.0,1711
442014,18,46,54371,54371.0,1851
442018,11,32,47776,47776.0,738
442103,13,41,61174,61174.0,329
442192,13,36,51357,51357.0,1592
442249,11,37,45758,45758.0,886
442251,7,61,66859,100288.5,0
442252,16,41,53972,53972.0,912
442282,14,35,51503,51503.0,523
442304,15,45,66804,66804.0,1217
442306,10,29,45309,45309.0,388
442418,7,23,32860,32860.0,426
442458,13,36,45447,45447.0,699
442479,15,43,70261,70261.0,408
442525,12,27,39726,39726.0,466
442609,15,37,61573,61573.0,0
442695,2,6,12172,12172.0,498
442792,13,34,57407,57407.0,539
442831,5,17,20100,20100.0,518
442838,16,40,59444,59444.0,605
442868,15,38,58869,58869.0,0
442879,17,46,58733,58733.0,1050
442956,14,49,68417,68417.0,0
442980,16,35,58187,58187.0,2144
443130,15,48,71911,71911.0,1636
443198,8,18,34963,34963.0,342
443199,14,40,54634,54634.0,422
443231,14,40,49374,49374.0,913
443232,15,44,52464,52464.0,707
443243,16,37,56096,56096.0,1382
443557,0,0,0,0.0,0
443595,18,44,58047,58047.0,1695
443770,0,0,0,0.0,0
443865,13,35,58865,58865.0,776
443896,12,39,62302,62302.0,1391
443967,5,62,77440,116160.0,0
443970,4,10,14490,14490.0,510
443985,11,33,42062,42062.0,383
444022,16,42,57238,57238.0,2204
444050,0,0,0,0.0,0
444060,10,27,39251,39251.0,0
444085,16,49,61733,61733.0,1567
444092,34,86,131638,131638.0,1051
444154,12,38,52420,52420.0,791
444202,2,5,12237,12237.0,0
444218,0,0,0,0.0,0
444237,16,40,68132,68132.0,371
444259,17,48,82001,82001.0,1984
444300,8,17,28453,28453.0,482
444365,14,30,45137,45137.0,760
444366,12,35,52060,52060.0,775
444371,15,37,55902,55902.0,1863
444524,13,41,54036,54036.0,1345
444646,12,31,51597,51597.0,542
444652,11,25,33174,33174.0,417
444661,2,8,15903,15903.0,0
444684,15,44,62037,62037.0,1737
444686,14,39,58776,58776.0,1058
444748,18,47,67719,67719.0,1439
444778,15,39,53005,53005.0,0
444786,15,40,60668,60668.0,0
444894,14,39,60216,60216.0,1732
444904,0,0,0,0.0,0
444931,20,53,80821,80821.0,909
444997,13,39,59295,59295.0,0
445008,0,0,0,0.0,0
445024,6,37,35188,52782.0,430
445073,12,32,49095,49095.0,1011
445137,15,36,49181,49181.0,1372
445145,9,18,28200,28200.0,1402
445146,3,9,12432,12432.0,1164
445169,13,34,51169,51169.0,569
445176,15,47,73602,73602.0,487
445177,12,23,35605,35605.0,1064
445247,0,0,0,0.0,0
445251,13,36,52366,52366.0,1109
445282,0,0,0,0.0,0
445338,15,44,63200,63200.0,940
445370,13,37,45871,45871.0,368
445418,0,0,0,0.0,0
445427,3,10,13240,13240.0,0
445432,16,42,68390,68390.0,1598
445451,15,37,46249,46249.0,494
445496,15,33,58014,58014.0,1610
445549,15,38,58542,58542.0,1059
445599,0,0,0,0.0,0
445632,16,42,65457,65457.0,1513
445673,15,46,67351,67351.0,487
445675,16,43,60756,60756.0,335
445679,0,0,0,0.0,0
445704,13,37,54500,54500.0,1337
445746,11,36,52814,52814.0,1288
445783,0,0,0,0.0,0
445839,12,26,36058,36058.0,3863
445867,15,38,49808,49808.0,519
445879,16,44,72200,72200.0,906
445915,3,7,12677,12677.0,0
446096,1,3,5427,5427.0,0
446135,0,0,0,0.0,0
446171,16,45,68350,68350.0,1272
446302,11,36,58359,58359.0,1442
446315,11,29,38314,38314.0,861
446352,12,34,48930,48930.0,990
446403,15,40,53058,53058.0,1067
446662,0,0,0,0.0,0
446712,16,44,61038,61038.0,1054
446886,8,23,28036,28036.0,1063
446968,0,0,0,0.0,0
446988,14,28,39559,39559.0,1134
446991,12,40,69922,69922.0,0
447092,15,40,58779,58779.0,1266
447275,16,49,60922,60922.0,0
447387,15,52,82726,82726.0,1846
447401,12,30,35844,35844.0,384
447439,6,23,30806,30806.0,0
447470,12,32,42278,42278.0,985
447544,11,29,43534,43534.0,1272
447647,17,40,65798,65798.0,1458
447675,12,44,58468,58468.0,1873
447771,11,34,56194,56194.0,506
447796,12,30,44460,44460.0,793
447804,11,27,33282,33282.0,1765
447925,13,31,49960,49960.0,1384
447943,11,27,34955,34955.0,0
447962,14,45,72679,72679.0,0
448136,19,52,84425,84425.0,476
448142,8,17,29462,29462.0,528
448147,10,27,36482,36482.0,724
448273,11,30,43931,43931.0,593
448354,17,56,76414,76414.0,383
448483,0,0,0,0.0,0
448577,7,24,38238,38238.0,1614
448654,13,35,51710,51710.0,1330
448751,0,0,0,0.0,0
448774,14,35,39991,39991.0,0
448812,15,38,63578,63578.0,490
448823,4,14,15950,15950.0,361
448896,14,37,50478,50478.0,1747
448912,15,42,60825,60825.0,325
449046,14,43,67562,67562.0,1547
449084,17,50,89793,89793.0,782
449223,4,56,106208,159312.0,474
449417,16,41,60022,60022.0,0
449441,8,85,127055,190582.5,584
449530,8,21,28086,28086.0,606
449555,12,29,36994,36994.0,0
449654,17,44,59856,59856.0,785
449843,17,48,64699,64699.0,1815
449858,19,50,70967,70967.0,1276
450125,0,0,0,0.0,0
450150,5,17,25718,25718.0,784
450205,11,28,46909,46909.0,472
450323,13,29,37182,37182.0,983
450417,3,11,15897,15897.0,0
450621,12,24,28677,28677.0,407
450665,13,33,52104,52104.0,743
450698,6,42,55976,83964.0,0
450735,7,37,58271,87406.5,637
450802,2,4,8643,8643.0,0
450865,18,48,75902,75902.0,1676
450888,12,30,48845,48845.0,399
450896,15,36,50228,50228.0,388
450979,13,33,60330,60330.0,304
450987,2,4,7144,7144.0,0
450995,6,68,118928,178392.0,415
451042,0,0,0,0.0,0
451080,2,4,7483,7483.0,401
451183,4,9,16780,16780.0,0
451226,16,48,65881,65881.0,1734
451240,16,43,74002,74002.0,820
451391,16,36,50813,50813.0,383
451425,10,29,45348,45348.0,331
451446,16,41,52026,52026.0,601
451448,0,0,0,0.0,0
451469,13,43,58830,58830.0,1191
451528,5,51,77163,115744.5,696
451711,7,23,30558,30558.0,422
451740,7,21,25188,25188.0,1117
451819,11,28,38886,38886.0,2125
451839,3,8,8094,8094.0,0
451886,12,33,46264,46264.0,1357
451961,0,0,0,0.0,0
452150,0,0,0,0.0,0
452208,10,33,59855,59855.0,1522
452279,4,15,27965,27965.0,379
452282,16,44,68393,68393.0,1089
452342,14,37,51145,51145.0,0
452417,18,48,66631,66631.0,1681
452439,12,31,38906,38906.0,1374
452459,9,23,29883,29883.0,0
452464,12,33,43247,43247.0,1317
452530,17,49,66550,66550.0,1234
452684,4,8,17092,17092.0,0
452725,14,35,48152,48152.0,2035
452873,13,34,48699,48699.0,387
452976,10,33,36860,36860.0,995
452985,2,10,17642,17642.0,0
452994,4,39,61622,92433.0,774
453032,14,44,67681,67681.0,457
453034,15,42,44038,44038.0,1160
453133,16,48,73093,73093.0,2767
453135,17,49,80922,80922.0,1641
453136,19,49,75720,75720.0,1133
453165,3,10,17454,17454.0,363
453349,16,42,65838,65838.0,1733
453408,14,37,52999,52999.0,0
453448,10,24,34999,34999.0,945
453466,9,19,22086,22086.0,606
453494,13,25,38007,38007.0,2506
453578,3,6,6877,6877.0,0
453587,1,5,10630,10630.0,0
453654,14,33,55009,55009.0,1184
453719,18,41,65131,65131.0,1277
453876,2,7,12763,12763.0,0
453887,14,34,61627,61627.0,0
453971,6,20,33660,33660.0,0
453972,14,49,71118,71118.0,577
454022,14,32,51379,51379.0,1779
454041,11,33,46379,46379.0,1027
454073,16,33,53194,53194.0,1074
454145,7,13,22200,22200.0,1076
454223,0,0,0,0.0,0
454327,13,27,33616,33616.0,506
454356,2,9,9912,9912.0,410
454440,15,33,49432,49432.0,1824
454471,12,32,51884,51884.0,1361
454514,11,27,34008,34008.0,901
454543,10,27,35168,35168.0,843
454609,2,6,11946,11946.0,0
454628,9,18,24150,24150.0,0
454630,13,36,51964,51964.0,1510
454632,14,42,65623,65623.0,0
454663,16,41,66083,66083.0,902
454665,0,0,0,0.0,0
454668,11,31,44458,44458.0,968
454690,12,32,39681,39681.0,575
454718,13,31,53422,53422.0,0
454720,16,33,57180,57180.0,438
454750,14,39,65704,65704.0,793
454880,14,35,53726,53726.0,1167
454985,13,28,42148,42148.0,1038
455023,16,32,48509,48509.0,906
455068,10,31,48367,48367.0,1104
455234,3,8,11140,11140.0,0
455287,2,4,4980,4980.0,379
455319,16,49,56203,56203.0,0
455474,15,45,65462,65462.0,0
455594,17,56,93211,93211.0,1466
455606,17,36,54378,54378.0,471
455651,16,46,70875,70875.0,497
455758,8,15,18620,18620.0,506
455866,16,45,65381,65381.0,891
455892,6,43,86226,129339.0,0
455896,13,31,52716,52716.0,1991
455937,15,32,48462,48462.0,552
455941,15,43,56566,56566.0,1305
455991,11,35,51314,51314.0,2145
456095,14,36,52542,52542.0,0
456117,15,43,58328,58328.0,957
456128,5,39,60592,90888.0,0
456140,13,35,57128,57128.0,0
456167,12,28,38983,38983.0,0
456177,5,54,70370,105555.0,0
456259,16,50,81442,81442.0,1840
456294,18,53,79520,79520.0,1133
456360,13,33,49553,49553.0,1797
456367,9,22,31686,31686.0,842
456432,15,46,77549,77549.0,1136
456433,14,31,50964,50964.0,935
456436,15,40,61644,61644.0,846
456554,14,33,48340,48340.0,1194
456613,9,27,40143,40143.0,1617
456614,3,11,12332,12332.0,461
456632,16,46,67174,67174.0,486
456716,19,45,61048,61048.0,1804
456752,3,6,10514,10514.0,413
456785,14,37,57656,57656.0,969
456822,10,28,35947,35947.0,951
456839,15,29,43080,43080.0,587
456887,13,36,53510,53510.0,521
456958,12,35,46595,46595.0,432
457077,6,43,89047,133570.5,481
457127,0,0,0,0.0,0
457374,5,14,21014,21014.0,0
457456,15,49,73582,73582.0,1027
457489,10,23,38768,38768.0,1752
457525,17,52,75277,75277.0,0
457535,13,43,69931,69931.0,606
457536,15,47,77997,77997.0,559
457552,1,1,1302,1302.0,0
457605,1,1,2019,2019.0,363
457652,0,0,0,0.0,0
457695,1,1,1210,1210.0,0
457716,15,40,54771,54771.0,501
457797,16,39,57922,57922.0,0
457947,4,10,16039,16039.0,742
458029,0,0,0,0.0,0
458041,16,48,69679,69679.0,432
458072,14,35,52606,52606.0,1784
458074,16,47,87232,87232.0,434
458199,9,23,28564,28564.0,0
458202,17,38,63049,63049.0,2802
458320,6,14,19134,19134.0,1236
458614,10,22,30332,30332.0,0
458640,0,0,0,0.0,0
458697,17,50,69284,69284.0,2470
458745,1,24,22800,34200.0,423
458773,0,0,0,0.0,0
458864,3,7,8928,8928.0,771
458939,18,49,77164,77164.0,1496
458963,13,34,58060,58060.0,504
458984,19,50,66687,66687.0,508
459017,17,41,59153,59153.0,434
459099,14,35,53064,53064.0,1466
459128,18,45,74365,74365.0,0
459163,12,32,56312,56312.0,1192
459164,8,83,102099,153148.5,513
459223,14,35,58100,58100.0,1875
459345,10,27,43811,43811.0,915
459404,12,26,44482,44482.0,0
459517,15,46,71855,71855.0,586
459563,15,36,51192,51192.0,1302
459636,17,42,62529,62529.0,700
459683,9,28,48480,48480.0,1004
459735,16,35,51061,51061.0,0
459737,14,37,52478,52478.0,0
459801,16,47,78294,78294.0,1668
459835,1,24,26472,39708.0,0
459936,14,38,54331,54331.0,540
459948,13,25,35734,35734.0,718
459971,16,38,63057,63057.0,386
459991,7,52,74532,111798.0,0
459999,8,25,35447,35447.0,694
460025,15,42,72429,72429.0,0
460037,6,23,38938,38938.0,643
460043,14,38,63476,63476.0,1160
460058,11,29,45084,45084.0,520
460091,15,34,55399,55399.0,750
460110,12,25,44497,44497.0,610
460207,15,44,58215,58215.0,625
460272,24,61,97727,97727.0,2951
460291,15,41,71374,71374.0,0
460349,15,48,72806,72806.0,516
460629,14,42,64195,64195.0,0
460673,6,14,27595,27595.0,0
460711,0,0,0,0.0,0
460770,3,9,10478,10478.0,0
460894,16,40,50513,50513.0,1299
460929,18,52,76694,76694.0,580
460934,14,38,72216,72216.0,431
460938,17,55,78824,78824.0,585
460943,4,9,9860,9860.0,0
461012,12,34,43015,43015.0,1703
461108,1,1,1209,1209.0,0
461199,16,45,64269,64269.0,0
461325,0,0,0,0.0,0
461353,15,43,66318,66318.0,1359
461354,7,38,53801,80701.5,1229
461540,5,14,22672,22672.0,1106
461559,13,30,40526,40526.0,594
461859,15,42,57144,57144.0,0
461937,12,28,49035,49035.0,1095
461974,7,19,38523,38523.0,0
462036,10,25,33308,33308.0,0
462077,12,30,38810,38810.0,673
462078,0,0,0,0.0,0
462128,11,31,39981,39981.0,633
462174,20,56,81373,81373.0,1566
462232,3,9,17202,17202.0,1141
462247,7,16,27939,27939.0,0
462253,2,4,7048,7048.0,0
462279,6,63,95043,142564.5,0
462337,5,18,17473,17473.0,0
462355,14,34,50815,50815.0,1580
462366,7,19,30506,30506.0,515
462459,10,17,28728,28728.0,1028
462495,15,39,54176,54176.0,672
462497,0,0,0,0.0,0
462595,13,38,62201,62201.0,342
462616,7,15,21111,21111.0,643
462638,10,30,35182,35182.0,0
462663,14,43,62352,62352.0,496
462701,15,35,56236,56236.0,1161
462803,12,34,51313,51313.0,444
462815,6,47,75354,113031.0,0
462833,12,38,58047,58047.0,1910
462974,10,25,32567,32567.0,424
462993,12,33,51681,51681.0,1763
463070,0,0,0,0.0,0
463146,4,12,17555,17555.0,510
463230,16,46,57669,57669.0,360
463263,13,41,58527,58527.0,436
463298,3,9,10020,10020.0,0
463361,16,47,67461,67461.0,1389
463490,15,41,72016,72016.0,2421
463606,14,42,61613,61613.0,1331
463751,16,47,77608,77608.0,1360
463833,8,28,37867,37867.0,1556
463854,8,20,32896,32896.0,571
463882,13,33,56490,56490.0,1053
463890,16,44,58909,58909.0,487
463926,13,26,41661,41661.0,569
463947,0,0,0,0.0,0
463971,14,41,56716,56716.0,571
464044,19,46,68139,68139.0,487
464105,14,39,69928,69928.0,1384
464114,2,6,8480,8480.0,630
464117,3,10,15766,15766.0,460
464137,14,43,59419,59419.0,1878
464166,13,41,72773,72773.0,0
464187,36,96,139783,139783.0,2905
464220,17,45,63651,63651.0,700
464248,16,42,52170,52170.0,2266
464256,22,46,72540,72540.0,962
464385,6,17,23397,23397.0,0
464394,12,35,58886,58886.0,564
464447,15,39,47079,47079.0,1323
464471,0,0,0,0.0,0
464606,13,41,77980,77980.0,472
464639,12,32,40046,40046.0,509
464720,15,38,59866,59866.0,982
464771,8,18,27463,27463.0,384
464799,9,20,32453,32453.0,925
464828,3,7,7967,7967.0,0
464959,13,24,37928,37928.0,771
464962,14,43,69066,69066.0,423
464970,5,9,11374,11374.0,0
465095,9,19,28874,28874.0,1191
465170,7,24,41397,41397.0,0
465197,15,38,70195,70195.0,300
465241,17,51,71981,71981.0,2794
465260,26,71,107337,107337.0,1685
465347,12,28,31319,31319.0,469
465412,11,33,37225,37225.0,900
465421,9,30,36711,36711.0,0
465424,6,41,61200,91800.0,0
465476,0,0,0,0.0,0
465530,12,30,41773,41773.0,1183
465540,18,48,63135,63135.0,681
465570,14,38,61140,61140.0,1432
465603,19,54,78516,78516.0,1505
465692,10,27,42916,42916.0,941
465729,15,48,69600,69600.0,1238
465741,12,29,45086,45086.0,2091
465746,10,29,40637,40637.0,473
465842,7,58,61639,92458.5,0
465864,3,10,14721,14721.0,0
465891,6,15,29558,29558.0,982
465927,1,2,4416,4416.0,0
465931,12,32,38383,38383.0,967
465950,0,0,0,0.0,0
465962,19,57,82286,82286.0,1388
465980,7,16,21839,21839.0,373
465990,18,53,81894,81894.0,361
466147,7,20,37280,37280.0,1137
466384,0,0,0,0.0,0
466477,4,8,11273,11273.0,0
466645,3,32,50220,75330.0,0
466754,7,22,37684,37684.0,0
466781,5,17,31079,46618.5,0
466795,11,24,28081,28081.0,1396
466813,5,11,20017,20017.0,0
466862,14,37,55205,55205.0,0
466865,13,31,40110,40110.0,1355
466953,16,50,91479,91479.0,1483
466998,14,35,49825,49825.0,1699
467013,0,0,0,0.0,0
467046,13,42,54588,54588.0,0
467139,0,0,0,0.0,0
467143,14,33,49447,49447.0,1174
467151,17,44,72830,72830.0,946
467175,13,48,67841,67841.0,1326
467182,15,46,64257,64257.0,1762
467222,14,33,47737,47737.0,374
467249,6,12,21704,21704.0,503
467359,11,25,42366,42366.0,1233
467361,12,27,37238,37238.0,1141
467382,12,31,54457,54457.0,0
467401,7,22,33474,33474.0,0
467455,2,10,15288,15288.0,523
467510,8,23,34107,34107.0,0
467580,1,5,9030,9030.0,0
467607,6,49,102945,154417.5,583
467631,17,59,77415,77415.0,909
467685,2,4,9156,9156.0,0
467848,7,17,23522,23522.0,490
467894,0,0,0,0.0,0
467926,16,41,63351,63351.0,1174
467945,12,31,47827,47827.0,1158
468067,14,52,52733,52733.0,1653
468138,13,35,44840,44840.0,370
468192,15,36,55507,55507.0,482
468220,16,42,52319,52319.0,811
468310,17,44,58451,58451.0,1865
468380,0,0,0,0.0,0
468516,16,41,56235,56235.0,1296
468520,2,6,8834,8834.0,0
468522,0,0,0,0.0,0
468534,0,0,0,0.0,0
468542,3,14,22218,33327.0,0
468945,15,46,76408,76408.0,1687
468970,16,35,50853,50853.0,0
469075,16,39,61918,61918.0,3919
469230,13,34,49374,49374.0,1568
469238,4,33,41333,61999.5,0
469404,12,39,65221,65221.0,1671
469532,2,4,7014,7014.0,0
469545,0,0,0,0.0,0
469616,9,22,35802,35802.0,0
469660,12,32,52551,52551.0,0
469684,14,34,52030,52030.0,443
469702,0,0,0,0.0,0
469718,14,36,42419,42419.0,584
469767,2,4,5785,5785.0,0
469781,11,31,46306,46306.0,0
469977,14,42,65562,65562.0,363
470022,16,34,48179,48179.0,2049
470076,12,30,43017,43017.0,596
470123,16,41,57166,57166.0,555
470245,16,49,81957,81957.0,467
470272,16,43,57982,57982.0,0
470323,10,23,32486,32486.0,1412
470334,14,33,57214,57214.0,1054
470373,11,24,30498,30498.0,462
470381,16,44,60388,60388.0,614
470450,0,0,0,0.0,0
470469,15,37,51049,51049.0,537
470480,15,43,61036,61036.0,0
470591,17,40,62687,62687.0,1478
470671,15,31,53381,53381.0,946
470738,17,49,82289,82289.0,2851
470739,0,0,0,0.0,0
470802,5,13,17501,17501.0,527
470952,6,17,24278,24278.0,611
470989,17,47,72195,72195.0,1681
470998,10,22,32135,32135.0,572
471000,17,34,45051,45051.0,818
471015,9,82,154784,232176.0,772
471018,0,0,0,0.0,0
471098,15,33,53796,53796.0,775
471170,13,33,54084,54084.0,551
471188,12,27,34890,34890.0,539
471204,10,33,45007,45007.0,534
471440,8,16,24475,24475.0,559
471460,6,66,117184,175776.0,0
471466,4,12,10740,10740.0,0
471523,10,21,32375,32375.0,0
471583,14,39,49832,49832.0,408
471662,14,38,68029,68029.0,2047
471706,15,40,59204,59204.0,1865
471858,11,34,53221,53221.0,0
471944,0,0,0,0.0,0
472009,10,29,42742,42742.0,1385
472225,15,42,76761,76761.0,685
472283,0,0,0,0.0,0
472314,3,4,4747,4747.0,0
472325,17,42,59847,59847.0,1761
472356,15,43,72055,72055.0,528
472373,13,33,46215,46215.0,714
472376,1,4,8656,8656.0,0
472405,11,30,54455,54455.0,764
472445,6,13,18478,18478.0,1147
472488,6,19,29079,29079.0,959
472521,6,47,38492,57738.0,389
472532,13,50,78770,78770.0,0
472540,16,43,52949,52949.0,1554
472589,11,21,32489,32489.0,1147
472674,20,48,67385,67385.0,1308
472692,17,41,68066,68066.0,1215
472695,12,30,34135,34135.0,0
472702,3,11,19899,19899.0,0
472719,8,21,36160,36160.0,901
472726,0,0,0,0.0,0
472787,14,42,61329,61329.0,849
472807,2,6,9096,9096.0,0
472824,14,42,63617,63617.0,993
472879,16,46,72513,72513.0,836
472921,1,1,2082,2082.0,0
472933,16,35,53635,53635.0,353
472942,19,47,66617,66617.0,605
472964,18,46,72340,72340.0,0
473093,17,39,53336,53336.0,3395
473144,13,33,48771,48771.0,0
473194,11,32,52120,52120.0,403
473204,16,41,66680,66680.0,1053
473259,6,16,28493,28493.0,882
473409,15,45,78287,78287.0,400
473410,9,27,37097,37097.0,1692
473548,13,32,53572,53572.0,462
473563,4,20,31434,47151.0,0
473564,3,8,9564,9564.0,0
473622,14,41,58165,58165.0,349
473636,14,43,61216,61216.0,0
473648,3,9,9860,9860.0,481
473674,4,27,44225,66337.5,432
473758,18,47,68733,68733.0,1699
473772,17,50,81130,81130.0,1041
473775,16,45,62650,62650.0,379
473786,12,39,48758,48758.0,455
474027,1,3,2931,2931.0,0
474047,0,0,0,0.0,0
474172,0,0,0,0.0,0
474174,11,31,39281,39281.0,825
474272,1,3,7197,7197.0,0
474305,23,62,92768,92768.0,2510
474333,14,36,60815,60815.0,2635
474342,13,39,56182,56182.0,1205
474383,2,4,4700,4700.0,323
474458,15,46,77096,77096.0,1087
474752,15,37,54819,54819.0,1392
474757,0,0,0,0.0,0
474779,9,20,34319,34319.0,0
474846,17,45,86268,86268.0,2489
474894,5,37,64315,96472.5,0
474905,13,38,46868,46868.0,973
474921,17,42,73169,73169.0,1144
474945,11,27,33214,33214.0,305
475009,0,0,0,0.0,0
475034,6,65,120254,180381.0,0
475123,19,56,89991,89991.0,2667
475132,17,43,53642,53642.0,433
475172,10,31,63872,63872.0,0
475175,9,24,39785,39785.0,760
475233,11,31,47491,47491.0,1479
475249,0,0,0,0.0,0
475313,0,0,0,0.0,0
475395,3,9,14625,14625.0,0
475500,14,41,65964,65964.0,1618
475532,16,42,61887,61887.0,0
475535,4,32,56948,85422.0,414
475550,12,34,52349,52349.0,605
475634,9,22,29651,29651.0,1105
475690,13,37,61061,61061.0,465
475700,15,45,61192,61192.0,1146
475713,11,23,37160,37160.0,1182
475930,3,13,29501,29501.0,0
475950,5,48,60501,90751.5,0
475974,17,42,63403,63403.0,1307
475991,13,28,38236,38236.0,1427
476068,17,50,85338,85338.0,1080
476080,4,10,16308,16308.0,553
476258,16,46,66994,66994.0,0
476273,1,4,8760,8760.0,0
476288,18,52,71025,71025.0,0
476327,11,26,32977,32977.0,0
476371,3,12,18079,18079.0,0
476431,18,44,63510,63510.0,383
476477,14,37,62679,62679.0,368
476497,10,30,38537,38537.0,469
476539,13,32,47212,47212.0,396
476571,14,26,33257,33257.0,1317
476648,15,43,63861,63861.0,1196
476652,16,42,74132,74132.0,981
476875,12,28,49098,49098.0,1157
477157,7,87,125030,187545.0,590
477219,15,44,43803,43803.0,1244
477295,13,35,59910,59910.0,1733
477362,11,34,35799,35799.0,501
477468,16,37,50264,50264.0,645
477517,12,34,44079,44079.0,479
477598,15,33,55100,55100.0,1068
477599,1,4,7560,7560.0,0
477654,15,34,53932,53932.0,958
477676,17,49,59012,59012.0,1933
477739,13,42,65265,65265.0,0
477787,6,18,25559,25559.0,0
477867,0,0,0,0.0,0
477869,17,54,93759,93759.0,669
477993,12,28,36985,36985.0,511
478050,17,46,78803,78803.0,888
478107,8,24,34926,34926.0,1286
478108,9,59,84724,127086.0,1086
478127,12,35,43781,43781.0,531
478142,14,48,75691,75691.0,0
478247,17,51,67137,67137.0,1234
478278,17,47,61251,61251.0,943
478284,2,5,8167,8167.0,378
478315,19,47,84460,84460.0,0
478373,11,28,38000,38000.0,863
478431,11,32,51160,51160.0,556
478566,1,2,2134,2134.0,0
478666,19,51,77877,77877.0,471
478700,15,42,63124,63124.0,1622
478770,12,28,41955,41955.0,0
478785,9,21,35758,35758.0,0
478792,12,30,51668,51668.0,0
478890,15,39,64736,64736.0,933
478912,17,47,75543,75543.0,0
478986,10,33,43469,43469.0,0
479015,15,32,51984,51984.0,618
479198,10,22,28113,28113.0,1144
479278,13,41,66280,66280.0,927
479359,0,0,0,0.0,0
479445,17,47,72900,72900.0,1710
479509,7,15,21900,21900.0,400
479593,16,44,68648,68648.0,1446
479724,12,39,58749,58749.0,1737
479766,13,35,54320,54320.0,3393
479815,12,36,57376,57376.0,514
479872,10,37,59710,59710.0,757
479950,10,35,48005,48005.0,1660
479960,9,23,35978,35978.0,2785
480021,2,6,12009,12009.0,0
480074,14,36,57359,57359.0,2034
480158,14,33,41182,41182.0,1234
480200,17,46,67341,67341.0,1964
480203,17,47,64559,64559.0,1390
480239,20,59,69504,69504.0,385
480259,9,23,38721,38721.0,616
480275,15,36,55569,55569.0,647
480389,4,23,47781,71671.5,795
480435,6,24,46714,46714.0,0
480502,8,29,41334,41334.0,0
480675,3,38,69810,104715.0,0
480732,14,36,39060,39060.0,453
480760,13,33,54412,54412.0,1188
480846,11,28,39713,39713.0,553
480858,2,4,5542,5542.0,0
480864,18,48,54515,54515.0,383
480872,5,45,91413,137119.5,1822
480909,13,33,53660,53660.0,0
480934,14,37,54525,54525.0,1418
480957,14,33,46400,46400.0,951
481018,14,36,48859,48859.0,393
481028,10,26,41830,41830.0,1261
481048,17,53,85512,85512.0,1293
481076,13,36,55001,55001.0,1005
481105,17,36,61251,61251.0,843
481191,9,19,28718,28718.0,0
481262,0,0,0,0.0,0
481293,15,40,66361,66361.0,0
481450,1,4,5348,5348.0,0
481457,6,23,37540,56310.0,0
481531,0,0,0,0.0,0
481590,5,15,27944,27944.0,0
481660,7,42,61580,92370.0,1228
481699,0,0,0,0.0,0
481851,7,16,24570,24570.0,0
481857,17,53,96288,96288.0,569
481860,5,15,25687,25687.0,0
481893,16,38,53205,53205.0,1066
481902,5,13,12607,12607.0,0
481931,16,51,75352,75352.0,422
481955,17,40,59978,59978.0,1085
481987,2,9,19088,19088.0,0
482169,11,30,49516,49516.0,670
482218,14,47,72634,72634.0,0
482256,13,39,67038,67038.0,1681
482345,13,43,56585,56585.0,388
482351,6,69,95916,143874.0,612
482370,1,4,5232,5232.0,714
482402,16,39,61364,61364.0,1071
482424,0,0,0,0.0,0
482525,12,36,41468,41468.0,927
482528,9,24,33754,33754.0,515
482551,14,37,49862,49862.0,796
482561,14,37,52698,52698.0,386
482567,1,3,3327,3327.0,0
482673,4,9,9872,9872.0,1034
482681,16,46,58536,58536.0,2970
482711,15,55,81276,81276.0,600
482777,2,4,4812,4812.0,0
482796,0,0,0,0.0,0
482882,9,26,41027,41027.0,992
482922,5,68,89920,134880.0,0
482938,1,4,9464,9464.0,0
482940,16,45,75542,75542.0,1406
483125,11,31,47672,47672.0,711
483154,13,39,64758,64758.0,1057
483198,15,34,42504,42504.0,1258
483212,0,0,0,0.0,0
483274,0,0,0,0.0,0
483436,15,37,39820,39820.0,625
483623,16,45,66899,66899.0,572
483627,14,32,47886,47886.0,1452
483631,10,23,27056,27056.0,0
483747,7,18,24820,24820.0,475
483768,14,34,39671,39671.0,0
483802,0,0,0,0.0,0
483863,17,66,97341,97341.0,1517
483875,12,30,44423,44423.0,551
483899,10,25,44387,44387.0,521
483969,0,0,0,0.0,0
484194,14,31,46161,46161.0,2342
484225,1,3,1749,1749.0,0
484243,16,47,69447,69447.0,342
484317,16,39,63342,63342.0,1452
484422,10,21,28239,28239.0,926
484446,17,48,78602,78602.0,2103
484495,19,51,82584,82584.0,762
484504,15,37,51021,51021.0,606
484543,4,13,20767,20767.0,0
484592,18,49,68676,68676.0,0
484625,12,25,43970,43970.0,1540
484718,16,36,63812,63812.0,2102
484733,7,19,27495,27495.0,0
484765,1,5,6310,6310.0,0
484774,7,17,25323,25323.0,0
484811,11,33,49925,49925.0,0
484853,17,42,55635,55635.0,960
484894,15,43,55030,55030.0,1791
484939,0,0,0,0.0,0
485040,15,40,47488,47488.0,763
485062,10,19,30040,30040.0,912
485189,0,0,0,0.0,0
485196,13,33,48774,48774.0,499
485258,5,9,14688,14688.0,0
485280,10,25,40149,40149.0,497
485281,11,25,42114,42114.0,1940
485282,14,38,60286,60286.0,0
485283,8,19,37817,37817.0,564
485300,3,8,14270,14270.0,0
485330,7,47,57831,86746.5,933
485383,15,42,60324,60324.0,1442
485397,14,42,57539,57539.0,0
485486,0,0,0,0.0,0
485557,14,30,46432,46432.0,1173
485674,17,48,76455,76455.0,1425
485705,0,0,0,0.0,0
485742,14,35,50529,50529.0,572
485745,14,44,59638,59638.0,989
485787,14,43,67716,67716.0,988
485795,17,50,75714,75714.0,1436
485845,10,31,59077,59077.0,490
485933,18,50,71187,71187.0,910
486048,10,32,53527,53527.0,1116
486075,14,37,63195,63195.0,0
486112,9,25,37900,37900.0,1150
486117,13,31,48722,48722.0,479
486139,14,31,48496,48496.0,463
486143,14,46,70558,70558.0,529
486197,8,47,76751,115126.5,0
486200,8,56,93672,140508.0,322
486226,15,45,72485,72485.0,2014
486359,15,41,61709,61709.0,900
486422,0,0,0,0.0,0
486600,14,35,50987,50987.0,814
486708,14,39,59184,59184.0,461
486776,14,43,51222,51222.0,736
486812,2,9,12025,12025.0,389
486831,15,34,57944,57944.0,0
486860,9,55,81652,122478.0,2004
486880,0,0,0,0.0,0
486890,14,40,61620,61620.0,289
486897,8,38,51816,77724.0,0
486909,13,34,44171,44171.0,871
486933,8,20,22373,22373.0,426
486955,17,45,68234,68234.0,520
486956,17,39,50258,50258.0,399
487027,1,1,2412,2412.0,0
487070,14,43,63956,63956.0,1283
487195,16,37,62463,62463.0,1035
487212,16,48,63312,63312.0,2449
487228,6,9,14942,14942.0,480
487359,13,36,58082,58082.0,926
487486,10,28,49880,49880.0,709
487536,0,0,0,0.0,0
487605,12,37,39559,39559.0,474
487726,13,40,61692,61692.0,0
487727,11,27,42881,42881.0,2142
487777,14,45,65613,65613.0,842
487799,6,51,77703,116554.5,535
487807,15,41,64441,64441.0,437
487823,2,5,6659,6659.0,0
487901,15,42,66749,66749.0,0
487930,14,46,54418,54418.0,805
488009,8,16,28332,28332.0,0
488044,15,47,77085,77085.0,0
488071,15,41,75021,75021.0,687
488130,8,76,121112,181668.0,0
488151,2,6,6270,6270.0,1011
488188,14,29,39751,39751.0,0
488224,0,0,0,0.0,0
488268,18,45,76007,76007.0,1131
488303,11,26,45122,45122.0,0
488346,0,0,0,0.0,0
488535,13,33,52909,52909.0,437
488549,19,54,70537,70537.0,1065
488647,8,17,21951,21951.0,1083
488675,14,36,53823,53823.0,352
488679,12,23,32692,32692.0,1180
488724,0,0,0,0.0,0
488799,17,50,76630,76630.0,933
488811,5,26,47272,70908.0,453
488853,13,39,59502,59502.0,1425
488872,13,43,56605,56605.0,985
488884,13,36,53892,53892.0,0
488891,0,0,0,0.0,0
489108,13,26,38494,38494.0,412
489115,13,34,49239,49239.0,1423
489221,13,34,56295,56295.0,481
489244,15,48,73748,73748.0,2126
489279,13,34,47219,47219.0,1016
489301,16,41,71361,71361.0,811
489335,13,31,50845,50845.0,369
489371,16,44,68434,68434.0,1397
489391,6,33,50416,75624.0,634
489394,2,6,9882,9882.0,448
489443,0,0,0,0.0,0
489459,0,0,0,0.0,0
489501,1,1,1809,1809.0,0
489523,11,32,61252,61252.0,1247
489534,16,47,79262,79262.0,1408
489549,4,11,16732,16732.0,0
489592,2,4,9090,9090.0,594
489609,6,12,18342,18342.0,0
489628,8,14,18912,18912.0,0
489781,14,39,60025,60025.0,1520
489842,17,44,62414,62414.0,1195
489856,5,51,66026,99039.0,0
489956,13,29,44293,44293.0,1512
489985,8,22,37402,37402.0,750
490053,13,36,60922,60922.0,518
490250,12,30,42518,42518.0,726
490387,0,0,0,0.0,0
490439,8,23,36193,36193.0,703
490479,17,50,71954,71954.0,542
490487,14,41,66166,66166.0,1410
490553,16,48,72175,72175.0,776
490562,7,16,26976,26976.0,0
490563,11,24,35178,35178.0,386
490774,17,39,56774,56774.0,1691
490806,15,45,70186,70186.0,408
490824,13,30,48119,48119.0,0
490840,13,33,51505,51505.0,863
490860,10,33,47192,47192.0,587
490932,16,49,85384,85384.0,871
490984,14,38,64081,64081.0,1961
491005,13,28,41092,41092.0,3340
491122,9,30,44223,44223.0,1134
491242,7,58,81393,122089.5,0
491244,5,19,41084,61626.0,0
491253,10,27,33958,33958.0,626
491310,10,27,46352,46352.0,1129
491351,13,42,64428,64428.0,0
491369,14,44,61400,61400.0,471
491391,14,41,46253,46253.0,1850
491404,12,37,53020,53020.0,1199
491481,17,40,67766,67766.0,1888
491495,0,0,0,0.0,0
491513,11,33,43880,43880.0,0
491643,3,7,16047,16047.0,0
491690,7,68,104044,156066.0,0
491704,0,0,0,0.0,0
491773,16,49,71597,71597.0,1443
491907,13,32,47960,47960.0,951
491948,8,24,35629,35629.0,562
491986,16,44,62036,62036.0,325
491987,18,51,81745,81745.0,318
492011,13,37,55419,55419.0,414
492036,4,8,12750,12750.0,0
492090,6,49,93200,139800.0,0
492158,14,42,70595,70595.0,0
492159,13,38,63704,63704.0,368
492165,14,34,50332,50332.0,1562
492226,5,46,106289,159433.5,993
492265,4,8,14513,14513.0,1119
492367,9,25,40694,40694.0,0
492401,11,31,54757,54757.0,0
492433,17,46,73855,73855.0,982
492496,15,57,97617,97617.0,2093
492505,11,31,54600,54600.0,1151
492575,6,25,37754,37754.0,600
492695,8,54,53060,79590.0,0
492700,2,5,7785,7785.0,0
492757,16,43,68231,68231.0,432
492789,13,36,57754,57754.0,398
492812,12,28,44491,44491.0,0
492883,12,31,50819,50819.0,0
492966,14,41,57676,57676.0,364
492973,5,64,117874,176811.0,1232
493061,16,34,50207,50207.0,1007
493088,18,47,64437,64437.0,2609
493283,15,33,55416,55416.0,928
493337,0,0,0,0.0,0
493350,12,37,53940,53940.0,1815
493358,6,25,31160,31160.0,795
493369,6,62,67288,100932.0,0
493427,14,44,63488,63488.0,626
493598,15,48,75231,75231.0,1020
493606,0,0,0,0.0,0
493640,5,44,47360,71040.0,0
493677,20,59,84176,84176.0,343
493775,17,48,80989,80989.0,408
493800,14,33,56824,56824.0,3734
493819,15,44,53004,53004.0,463
493827,0,0,0,0.0,0
493894,15,41,68156,68156.0,0
493925,15,33,44550,44550.0,1183
493972,14,31,43139,43139.0,372
494062,14,33,53403,53403.0,637
494179,20,57,89195,89195.0,0
494206,18,53,67153,67153.0,1134
494213,17,45,58629,58629.0,465
494263,16,37,61391,61391.0,876
494284,11,31,43417,43417.0,0
494384,16,42,64697,64697.0,803
494438,3,5,8605,8605.0,1214
494498,17,35,61397,61397.0,770
494515,10,26,49928,49928.0,2178
494536,0,0,0,0.0,0
494552,1,2,4488,4488.0,467
494600,13,41,61218,61218.0,365
494885,19,52,79154,79154.0,983
494887,12,26,46512,46512.0,344
494899,17,45,76058,76058.0,940
495027,10,27,42867,42867.0,0
495058,15,40,58127,58127.0,1403
495148,12,33,55450,55450.0,1410
495168,16,42,59586,59586.0,343
495253,15,34,49020,49020.0,2611
495286,12,34,46400,46400.0,2332
495369,4,15,22072,22072.0,0
495381,13,40,65237,65237.0,0
495403,7,68,113515,170272.5,551
495473,17,42,65041,65041.0,0
495632,2,4,8252,8252.0,0
495707,11,23,38583,38583.0,0
495773,15,45,46374,46374.0,1478
495787,14,35,51327,51327.0,949
495912,13,33,56976,56976.0,2291
495926,1,4,3544,3544.0,0
495942,17,32,48594,48594.0,407
496014,16,39,61431,61431.0,504
496052,0,0,0,0.0,0
496159,12,31,36584,36584.0,1807
496191,15,40,59903,59903.0,0
496233,13,31,42998,42998.0,0
496325,16,48,65881,65881.0,1876
496329,13,46,57591,57591.0,469
496357,15,42,67083,67083.0,882
496371,16,39,64367,64367.0,1195
496387,9,22,26850,26850.0,1552
496403,9,25,48026,48026.0,483
496482,4,7,9829,9829.0,0
496668,1,3,2292,2292.0,0
496675,7,79,124800,187200.0,575
496686,5,19,43446,43446.0,0
496728,19,57,84329,84329.0,1468
496759,14,35,48831,48831.0,483
496820,11,32,51237,51237.0,1102
496830,0,0,0,0.0,0
496831,4,29,55699,83548.5,1385
497030,0,0,0,0.0,0
497070,3,8,5228,5228.0,0
497106,8,22,25312,25312.0,1008
497108,14,32,58033,58033.0,0
497194,13,39,55328,55328.0,380
497201,17,49,76414,76414.0,938
497226,3,8,17188,17188.0,1143
497281,7,54,88462,132693.0,0
497421,12,39,56834,56834.0,713
497467,15,38,51682,51682.0,438
497476,0,0,0,0.0,0
497494,11,29,45620,45620.0,1003
497576,10,63,87773,131659.5,1658
497613,17,35,47563,47563.0,1006
497648,7,20,32979,32979.0,943
497756,1,3,2061,2061.0,0
497784,13,40,52191,52191.0,2386
497836,14,29,46935,46935.0,643
497854,13,40,54583,54583.0,0
497861,15,43,79230,79230.0,608
497891,12,32,52824,52824.0,350
498028,10,27,39332,39332.0,1058
498030,12,31,46905,46905.0,554
498149,9,27,46219,46219.0,1295
498319,4,9,10545,10545.0,0
498514,4,52,77396,116094.0,0
498573,10,25,36629,36629.0,1020
498587,15,53,69265,69265.0,1063
498610,9,16,22947,22947.0,0
498632,15,47,66880,66880.0,2765
498643,15,38,50022,50022.0,643
498644,17,43,62773,62773.0,894
498694,15,41,68395,68395.0,1004
498793,18,42,64847,64847.0,1130
498897,6,22,40387,40387.0,477
498923,16,45,55342,55342.0,585
498932,12,40,45697,45697.0,1484
498989,10,27,34863,34863.0,0
498998,3,8,10988,10988.0,405
499027,13,42,71698,71698.0,0
499089,14,39,64113,64113.0,1731
499128,15,36,52937,52937.0,358
499132,10,34,63092,63092.0,431
499346,4,8,14868,14868.0,0
499423,3,6,11923,11923.0,453
499482,4,37,50387,75580.5,0
499518,15,42,63222,63222.0,1437
499563,5,43,40711,61066.5,635
499583,0,0,0,0.0,0
499658,12,33,50364,50364.0,1307
499874,31,76,110103,110103.0,837
499875,17,49,71522,71522.0,524
499890,16,34,50327,50327.0,1849
499913,4,10,13387,13387.0,607
499932,12,30,38141,38141.0,1994
499945,14,40,54007,54007.0,1545
499963,12,29,39217,39217.0,1209
500022,17,50,66681,66681.0,589
500026,11,24,30840,30840.0,583
500038,14,45,58952,58952.0,1105
500058,5,13,15643,15643.0,0
500060,18,45,70451,70451.0,1235
500115,5,13,19776,19776.0,0
500248,9,91,158747,238120.5,0
500280,18,45,71921,71921.0,2982
500374,8,65,108637,162955.5,0
500437,0,0,0,0.0,0
500455,12,34,51887,51887.0,537
500759,18,44,66192,66192.0,1801
500767,16,47,72847,72847.0,1280
500782,15,36,58938,58938.0,750
500788,18,51,75461,75461.0,1453
501030,12,26,32965,32965.0,0
501037,0,0,0,0.0,0
501109,14,40,64867,64867.0,427
501131,16,50,70377,70377.0,990
501165,3,5,7735,7735.0,752
501189,0,0,0,0.0,0
501209,11,34,55151,55151.0,0
501217,1,5,6625,6625.0,0
501278,15,40,41586,41586.0,0
501363,13,41,59791,59791.0,1231
501490,13,45,72164,72164.0,1786
501551,7,49,70508,105762.0,434
501552,17,46,75378,75378.0,908
501569,5,11,18158,18158.0,658
501602,14,43,56001,56001.0,398
501655,14,45,71200,71200.0,1067
501699,14,36,59549,59549.0,994
501704,14,39,41150,41150.0,3593
501854,12,24,28945,28945.0,2931
501856,19,48,71402,71402.0,0
501875,16,39,62782,62782.0,809
501877,8,65,86660,129990.0,2630
501885,2,3,2674,2674.0,453
501976,13,26,26617,26617.0,1711
502012,16,46,82027,82027.0,1946
502023,10,24,32829,32829.0,0
502047,0,0,0,0.0,0
502141,14,32,42584,42584.0,376
502152,1,4,3268,3268.0,0
502163,12,36,51804,51804.0,2239
502212,10,24,32400,32400.0,1277
502353,12,29,36962,36962.0,963
502376,13,34,47955,47955.0,595
502390,19,51,79402,79402.0,372
502534,15,34,53662,53662.0,352
502573,6,48,67284,100926.0,1047
502585,10,37,62635,62635.0,973
502592,14,31,44948,44948.0,850
502615,17,43,72675,72675.0,2709
502670,14,48,78063,78063.0,1828
502708,15,33,54563,54563.0,1846
502745,5,52,59924,89886.0,0
502784,2,5,3775,3775.0,0
502848,15,38,56099,56099.0,2487
502943,12,30,42544,42544.0,835
502946,6,18,35102,35102.0,0
502952,4,10,16937,16937.0,0
502977,13,39,57981,57981.0,0
503025,12,24,35574,35574.0,377
503096,0,0,0,0.0,0
503217,15,50,79936,79936.0,825
503242,2,6,9225,9225.0,0
503257,10,28,33891,33891.0,1384
503305,14,41,56052,56052.0,1140
503357,13,29,36939,36939.0,1173
503494,6,14,19922,19922.0,0
503560,10,31,43245,43245.0,484
503573,16,33,46066,46066.0,1623
503598,13,32,50305,50305.0,652
503615,16,50,64077,64077.0,0
503638,3,48,94704,142056.0,330
503673,14,32,47694,47694.0,0
503832,5,40,59060,88590.0,823
503938,16,34,52876,52876.0,567
503988,2,4,3527,3527.0,518
504078,7,39,68412,102618.0,438
504190,1,3,3261,3261.0,520
504208,15,37,55617,55617.0,424
504219,19,49,64672,64672.0,760
504260,15,34,52075,52075.0,0
504311,19,42,59276,59276.0,1481
504319,0,0,0,0.0,0
504403,11,26,28347,28347.0,384
504455,2,8,16922,16922.0,0
504525,15,48,67667,67667.0,335
504545,3,11,17369,17369.0,0
504564,7,16,22377,22377.0,0
504589,15,43,58501,58501.0,1198
504638,14,30,47066,47066.0,615
504663,2,9,12333,12333.0,0
504715,15,41,57475,57475.0,1283
504802,13,41,66500,66500.0,978
504860,16,35,51377,51377.0,0
504867,6,75,139569,209353.5,423
504919,16,50,70814,70814.0,2158
505070,2,5,6473,6473.0,0
505167,2,4,8586,8586.0,0
505179,11,20,33599,33599.0,0
505204,17,48,69092,69092.0,3171
505390,17,50,79913,79913.0,2062
505522,18,47,66664,66664.0,2176
505680,14,33,48666,48666.0,1146
505776,3,10,15917,15917.0,1534
505779,13,39,63176,63176.0,565
505790,13,33,32190,32190.0,0
505798,17,43,73401,73401.0,776
505871,0,0,0,0.0,0
505962,15,39,54183,54183.0,0
505988,14,35,50339,50339.0,594
506149,0,0,0,0.0,0
506170,13,34,55398,55398.0,583
506190,16,50,77169,77169.0,1218
506193,5,15,23625,23625.0,0
506252,8,23,38885,38885.0,490
506293,3,10,14902,14902.0,0
506372,5,13,17857,17857.0,617
506400,6,60,71660,107490.0,0
506418,5,26,40878,61317.0,0
506572,15,48,64990,64990.0,597
506746,15,35,67179,67179.0,0
506749,0,0,0,0.0,0
506776,12,39,63878,63878.0,761
506793,0,0,0,0.0,0
507005,18,48,68113,68113.0,797
507008,10,84,116182,174273.0,386
507112,12,29,36994,36994.0,951
507128,4,10,11814,11814.0,355
507189,14,34,55266,55266.0,1489
507281,11,30,50481,50481.0,0
507360,0,0,0,0.0,0
507486,13,36,65321,65321.0,2084
507503,12,42,52145,52145.0,745
507514,18,41,54299,54299.0,820
507555,18,49,63534,63534.0,3569
507567,17,33,44870,44870.0,1528
507838,18,36,61647,61647.0,443
507998,16,33,55224,55224.0,3079
508022,16,30,54775,54775.0,391
508080,12,33,43052,43052.0,2404
508115,14,39,64048,64048.0,1525
508126,13,30,46020,46020.0,0
508215,1,5,8045,8045.0,0
508399,17,56,88753,88753.0,2338
508402,8,24,41593,41593.0,1713
508443,0,0,0,0.0,0
508456,6,37,45038,67557.0,0
508488,16,37,50782,50782.0,1033
508501,17,44,74877,74877.0,1967
508728,0,0,0,0.0,0
508795,4,11,18282,18282.0,341
508821,12,31,50055,50055.0,1219
508824,13,39,69746,69746.0,342
508854,18,48,69217,69217.0,551
508923,10,24,42175,42175.0,1212
508934,12,29,48260,48260.0,1026
509044,14,39,57184,57184.0,923
509060,8,21,32694,32694.0,589
509108,3,36,41232,61848.0,0
509136,14,39,57166,57166.0,384
509149,7,19,20958,20958.0,421
509223,8,20,32701,32701.0,1402
509345,10,25,38671,38671.0,1276
509474,5,56,105064,157596.0,0
509513,17,49,93408,93408.0,576
509514,19,52,78262,78262.0,1476
509607,10,29,47356,47356.0,443
509614,0,0,0,0.0,0
509669,5,34,49512,74268.0,337
509686,17,39,56512,56512.0,863
509714,17,52,78819,78819.0,945
509746,12,28,51139,51139.0,852
509809,6,20,28263,28263.0,619
509810,15,32,37572,37572.0,422
509909,6,11,15448,15448.0,1001
509928,13,40,59802,59802.0,1572
509962,11,30,46565,46565.0,0
509965,14,37,58237,58237.0,559
510182,7,24,43570,43570.0,326
510224,15,37,48173,48173.0,2076
510264,6,13,14339,14339.0,578
510329,15,38,63902,63902.0,830
510353,8,17,28453,28453.0,790
510372,1,1,1285,1285.0,0
510440,12,23,31548,31548.0,895
510502,13,35,40552,40552.0,641
510505,15,42,73358,73358.0,477
510513,13,36,45157,45157.0,0
510537,10,26,42107,42107.0,942
510644,9,25,33101,33101.0,0
510841,14,29,42532,42532.0,582
510865,14,39,56275,56275.0,1653
511053,10,26,40795,40795.0,802
511226,6,52,70202,105303.0,849
511253,10,23,43374,43374.0,1455
511302,15,46,66693,66693.0,1393
511342,14,32,47230,47230.0,461
511437,5,11,13522,13522.0,784
511444,9,28,32096,32096.0,1068
511472,11,29,47936,47936.0,2127
511483,2,7,13196,13196.0,0
511541,10,30,38282,38282.0,0
511568,16,40,64758,64758.0,1397
511573,14,35,52836,52836.0,1590
511584,15,48,65398,65398.0,326
511588,17,45,55397,55397.0,1597
511626,0,0,0,0.0,0
511642,20,57,72281,72281.0,872
511765,14,27,35223,35223.0,1065
511835,1,4,7968,7968.0,0
511862,31,79,117595,117595.0,2810
511875,14,35,50152,50152.0,830
511922,9,25,34875,34875.0,511
511981,2,6,4584,4584.0,435
512071,20,50,83951,83951.0,638
512097,16,44,66410,66410.0,685
512169,0,0,0,0.0,0
512177,13,30,45704,45704.0,983
512179,14,36,63335,63335.0,976
512191,10,30,48748,48748.0,1018
512219,14,41,69743,69743.0,481
512262,15,37,53653,53653.0,0
512284,13,35,53485,53485.0,540
512296,28,91,123771,123771.0,2364
512358,6,56,91648,137472.0,819
512426,13,31,43384,43384.0,934
512471,11,26,41523,41523.0,1925
512522,15,48,68853,68853.0,770
512580,7,18,20892,20892.0,0
512599,9,24,33803,33803.0,437
512615,14,49,78002,78002.0,1361
512640,16,35,56563,56563.0,747
512869,15,43,60932,60932.0,1878
512897,11,33,49637,49637.0,876
512906,9,25,41036,41036.0,1822
513000,3,7,8059,8059.0,0
513081,13,24,35692,35692.0,2148
513099,11,26,40389,40389.0,803
513123,15,33,46465,46465.0,300
513125,11,29,32500,32500.0,471
513170,15,38,64001,64001.0,655
513229,11,30,51265,51265.0,520
513246,15,43,66945,66945.0,362
513446,14,38,53982,53982.0,872
513480,15,37,57061,57061.0,0
513553,10,22,31351,31351.0,1001
513590,15,31,42701,42701.0,0
513661,13,40,64096,64096.0,2279
513708,10,30,43481,43481.0,0
513778,14,40,60322,60322.0,2784
513820,15,30,43258,43258.0,518
514042,14,30,45819,45819.0,1908
514145,14,50,80597,80597.0,977
514235,13,36,72674,72674.0,1160
514272,17,46,76203,76203.0,467
514369,5,15,27104,27104.0,392
514395,12,29,40412,40412.0,1168
514403,18,39,48802,48802.0,347
514451,14,35,48360,48360.0,749
514493,1,5,10880,10880.0,0
514523,5,8,10251,10251.0,0
514530,13,35,48481,48481.0,529
514552,12,26,44288,44288.0,783
514559,15,38,62807,62807.0,2409
514616,6,20,23042,23042.0,0
514632,13,35,59982,59982.0,0
514652,4,39,39164,58746.0,715
514900,2,4,5931,5931.0,0
514917,15,40,65933,65933.0,966
515023,0,0,0,0.0,0
515049,17,45,76495,76495.0,546
515134,16,41,63225,63225.0,580
515142,0,0,0,0.0,0
515165,15,47,64928,64928.0,467
515185,12,35,55195,55195.0,572
515298,0,0,0,0.0,0
515315,0,0,0,0.0,0
515386,13,38,59280,59280.0,1541
515444,3,11,23178,23178.0,0
515579,1,1,2281,2281.0,425
515605,8,27,42939,42939.0,0
515634,6,57,100634,150951.0,0
515639,0,0,0,0.0,0
515645,15,36,53432,53432.0,607
515656,15,43,79873,79873.0,684
515663,18,53,72426,72426.0,691
515667,18,50,68429,68429.0,1205
515718,2,5,7301,7301.0,0
515775,13,36,45725,45725.0,1386
515790,0,0,0,0.0,0
515805,14,35,45208,45208.0,1721
515822,11,20,37219,37219.0,878
515826,14,34,52584,52584.0,2439
515860,16,41,60319,60319.0,2206
515905,15,38,52377,52377.0,0
515929,16,39,61480,61480.0,497
515969,14,40,59950,59950.0,1696
515981,12,38,56777,56777.0,808
516133,15,43,77054,77054.0,1249
516224,14,46,71221,71221.0,507
516242,14,41,66344,66344.0,1340
516255,7,15,24154,24154.0,710
516271,17,53,79706,79706.0,0
516276,4,14,18387,18387.0,0
516301,11,31,51408,51408.0,2036
516329,12,36,56932,56932.0,1426
516337,11,34,60679,60679.0,1316
516362,13,35,54580,54580.0,1502
516474,16,54,89174,89174.0,654
516491,14,46,82234,82234.0,581
516519,7,63,89442,134163.0,0
516544,14,38,47697,47697.0,1219
516594,16,43,58383,58383.0,0
516674,9,22,26690,26690.0,462
516791,12,36,63533,63533.0,506
516984,17,61,84224,84224.0,1634
516995,18,45,58375,58375.0,1176
517087,16,40,60283,60283.0,1470
517129,0,0,0,0.0,0
517190,12,25,40100,40100.0,1031
517222,10,25,34505,34505.0,542
517262,1,1,2010,2010.0,473
517267,11,25,37981,37981.0,0
517295,13,32,52735,52735.0,932
517405,15,41,61472,61472.0,2655
517472,4,19,33054,49581.0,0
517533,17,57,94165,94165.0,591
517538,19,49,68650,68650.0,936
517559,14,31,46723,46723.0,821
517612,0,0,0,0.0,0
517614,4,9,15232,15232.0,0
517702,4,15,30038,30038.0,0
517729,11,24,37008,37008.0,769
517739,13,30,44022,44022.0,1061
517758,15,44,65322,65322.0,0
517781,10,28,46524,46524.0,1555
517797,11,25,32248,32248.0,1429
517867,13,32,49805,49805.0,581
517940,3,8,11823,11823.0,362
517945,18,55,67776,67776.0,1416
518061,15,38,70465,70465.0,942
518064,12,26,40943,40943.0,0
518210,0,0,0,0.0,0
518236,15,45,76079,76079.0,0
518249,14,29,43032,43032.0,625
518305,14,45,64107,64107.0,375
518533,3,12,22229,22229.0,0
518561,11,22,24606,24606.0,744
518578,4,8,12066,12066.0,0
518582,11,27,48284,48284.0,1084
518622,12,24,32716,32716.0,1195
518677,13,41,62538,62538.0,1997
518771,14,34,40820,40820.0,0
518834,14,36,48559,48559.0,1112
519087,10,29,34427,34427.0,1886
519203,14,38,47790,47790.0,384
519213,0,0,0,0.0,0
519276,14,33,46063,46063.0,973
519300,9,24,34692,34692.0,1060
519419,17,43,55843,55843.0,1045
519442,14,27,44180,44180.0,750
519677,13,45,58999,58999.0,2870
519726,7,21,36973,36973.0,349
519742,17,49,71828,71828.0,0
519766,7,21,32980,32980.0,510
519796,13,34,51884,51884.0,1377
519826,8,60,92653,138979.5,0
519873,6,66,91828,137742.0,0
519933,15,41,64966,64966.0,538
519984,14,45,63777,63777.0,0
520091,11,24,43001,43001.0,994
520094,11,29,43653,43653.0,1838
520137,14,31,44264,44264.0,2050
520163,13,36,51555,51555.0,305
520202,10,18,27224,27224.0,1047
520207,14,38,52575,52575.0,2157
520321,0,0,0,0.0,0
520428,19,55,89946,89946.0,2813
520660,14,33,44658,44658.0,1766
520821,15,42,61944,61944.0,1182
521043,0,0,0,0.0,0
521111,15,38,60492,60492.0,1696
521176,12,36,49175,49175.0,1005
521217,14,36,41131,41131.0,1742
521225,11,23,37156,37156.0,1358
521252,15,37,56153,56153.0,1618
521311,11,39,69198,69198.0,1089
521384,15,39,52051,52051.0,0
521431,17,52,87665,87665.0,768
521486,16,49,71053,71053.0,2221
521545,16,41,65799,65799.0,450
521576,13,32,55929,55929.0,464
521653,14,39,44210,44210.0,867
521684,14,44,69194,69194.0,393
521699,6,22,39383,39383.0,981
521702,16,38,55653,55653.0,621
521875,12,32,46637,46637.0,1129
521949,5,11,21075,21075.0,0
522111,13,39,69828,69828.0,930
522234,12,31,42400,42400.0,327
522251,11,34,58862,58862.0,1671
522261,12,35,57760,57760.0,879
522285,4,41,62346,93519.0,957
522408,11,31,44471,44471.0,692
522493,16,38,68513,68513.0,1873
522572,11,30,55640,55640.0,1502
522618,16,52,67743,67743.0,1060
522677,13,36,48739,48739.0,937
522758,15,46,59841,59841.0,1393
522763,4,28,39264,58896.0,849
522788,2,4,6949,6949.0,481
522851,0,0,0,0.0,0
522866,14,32,46021,46021.0,1023
522924,18,45,62361,62361.0,1940
522935,10,30,37320,37320.0,569
523037,4,23,21468,32202.0,0
523110,17,53,79722,79722.0,757
523170,12,42,65623,65623.0,0
523188,6,47,72192,108288.0,0
523194,6,86,119380,179070.0,603
523210,17,50,72668,72668.0,1165
523246,15,38,54751,54751.0,1474
523272,17,51,68318,68318.0,446
523288,13,39,47266,47266.0,1065
523296,10,30,47746,47746.0,1076
523394,16,47,66258,66258.0,721
523399,5,12,13617,13617.0,446
523642,15,38,51943,51943.0,0
523722,12,24,37275,37275.0,739
523897,18,49,64312,64312.0,1049
523904,15,45,68495,68495.0,848
523979,2,9,9859,9859.0,0
524055,13,38,56444,56444.0,1171
524234,15,44,67329,67329.0,1028
524379,10,25,33506,33506.0,1625
524483,15,48,71423,71423.0,1343
524536,0,0,0,0.0,0
524586,5,15,27273,27273.0,0
524951,0,0,0,0.0,0
524968,3,18,22386,33579.0,0
525129,17,54,75946,75946.0,2108
525188,11,33,46502,46502.0,1466
525202,1,3,7086,7086.0,0
525245,3,14,21488,32232.0,371
525246,16,42,64471,64471.0,448
525476,0,0,0,0.0,0
525508,7,54,110238,165357.0,0
525525,14,35,60725,60725.0,708
525548,16,41,52746,52746.0,710
525579,15,36,52018,52018.0,477
525612,11,35,56488,56488.0,822
525740,16,39,72425,72425.0,1712
525765,19,50,85641,85641.0,1088
525866,0,0,0,0.0,0
525918,10,23,41273,41273.0,538
526020,5,46,71620,107430.0,0
526064,5,16,22580,22580.0,0
526094,17,46,76966,76966.0,0
526164,13,37,59005,59005.0,0
526165,18,50,77778,77778.0,0
526222,12,37,53271,53271.0,2363
526316,12,29,51496,51496.0,1459
526344,7,23,34372,34372.0,1963
526349,15,37,50719,50719.0,2396
526374,14,40,62226,62226.0,1212
526479,1,2,1094,1094.0,0
526481,13,24,41619,41619.0,2052
526508,13,37,52647,52647.0,447
526579,14,45,80717,80717.0,0
526586,19,64,111467,111467.0,966
526629,4,44,49002,73503.0,424
526644,19,51,72457,72457.0,1581
526663,12,25,38920,38920.0,1078
526736,2,5,10147,10147.0,0
526747,14,37,56464,56464.0,1901
526765,17,49,73082,73082.0,374
526784,21,57,99522,99522.0,0
526822,14,44,64736,64736.0,0
526867,3,7,13799,13799.0,0
526975,0,0,0,0.0,0
527004,11,28,41028,41028.0,397
527067,17,45,61817,61817.0,1478
527090,2,7,15007,15007.0,475
527194,11,31,44574,44574.0,0
527235,14,34,50291,50291.0,3101
527244,7,22,26207,26207.0,0
527337,16,42,70059,70059.0,1045
527414,0,0,0,0.0,0
527434,8,16,28053,28053.0,894
527565,14,40,56291,56291.0,447
527582,17,45,78779,78779.0,331
527622,14,41,63808,63808.0,1425
527640,12,34,52955,52955.0,0
527656,7,20,27492,27492.0,0
527712,16,41,74412,74412.0,2003
527773,10,24,32040,32040.0,0
527838,13,34,56170,56170.0,0
527941,14,44,65405,65405.0,828
527944,0,0,0,0.0,0
528055,19,59,80869,80869.0,1496
528074,0,0,0,0.0,0
528095,0,0,0,0.0,0
528122,15,40,52581,52581.0,1694
528160,13,33,48974,48974.0,974
528173,16,41,63942,63942.0,1439
528226,16,47,67359,67359.0,1334
528229,11,24,28272,28272.0,1302
528260,4,14,21862,21862.0,512
528331,12,30,40535,40535.0,2122
528332,15,51,80413,80413.0,698
528363,10,26,41386,41386.0,340
528413,14,29,43199,43199.0,370
528447,29,76,121023,121023.0,3133
528492,16,41,79740,79740.0,821
528693,11,29,52668,52668.0,296
528697,3,5,5636,5636.0,423
528712,11,25,36155,36155.0,504
528782,0,0,0,0.0,0
528809,18,40,62647,62647.0,2137
528985,16,50,76373,76373.0,1548
529085,16,39,61902,61902.0,659
529098,10,24,36853,36853.0,1682
529106,12,37,52598,52598.0,0
529140,17,43,72478,72478.0,888
529218,15,38,57990,57990.0,2013
529331,0,0,0,0.0,0
529390,12,28,34769,34769.0,395
529415,15,42,60190,60190.0,452
529458,16,48,69810,69810.0,1329
529471,14,43,70003,70003.0,0
529544,6,14,21368,21368.0,0
529579,2,4,5059,5059.0,0
529733,3,6,6921,6921.0,0
529746,6,21,28304,28304.0,0
529922,15,47,75516,75516.0,500
529988,0,0,0,0.0,0
530051,17,37,60712,60712.0,1609
530098,9,27,36903,36903.0,1246
530105,6,15,26318,26318.0,1222
530113,7,17,21735,21735.0,0
530119,7,13,20738,20738.0,0
530206,14,37,55721,55721.0,523
530214,4,9,12181,12181.0,429
530235,14,35,46497,46497.0,1596
530281,15,40,57694,57694.0,347
530299,14,36,50633,50633.0,497
530425,18,48,69038,69038.0,2021
530436,15,33,52361,52361.0,1092
530508,13,37,55515,55515.0,0
530517,11,25,32545,32545.0,0
530613,12,32,47400,47400.0,514
530621,5,21,38169,38169.0,587
530666,15,38,62881,62881.0,2379
530712,0,0,0,0.0,0
530770,16,40,61275,61275.0,2039
530833,16,43,71789,71789.0,1347
530839,13,31,46729,46729.0,1126
530880,18,44,66220,66220.0,1191
530955,11,29,50966,50966.0,959
530978,17,43,51866,51866.0,1513
531052,13,33,50644,50644.0,1435
531201,0,0,0,0.0,0
531286,14,32,51458,51458.0,1976
531290,9,21,28991,28991.0,574
531293,8,21,16157,16157.0,431
531398,11,26,33157,33157.0,577
531430,13,48,79100,79100.0,447
531514,13,44,69916,69916.0,0
531515,12,30,43261,43261.0,1221
531619,15,45,73605,73605.0,0
531793,13,42,76442,76442.0,561
531841,12,37,59878,59878.0,1643
531868,15,38,55792,55792.0,0
531976,14,43,63604,63604.0,673
532203,13,40,59282,59282.0,0
532333,18,41,49970,49970.0,2387
532334,0,0,0,0.0,0
532376,1,1,1644,1644.0,0
532378,16,42,54363,54363.0,518
532419,3,29,40941,61411.5,0
532422,17,44,69705,69705.0,1163
532464,14,38,67339,67339.0,1589
532592,16,45,78810,78810.0,474
532752,0,0,0,0.0,0
532759,9,25,41895,41895.0,730
532813,16,37,66255,66255.0,559
532832,20,49,74920,74920.0,1451
532848,1,3,3000,3000.0,501
532925,7,26,39210,39210.0,643
532945,5,51,89747,134620.5,1172
532978,12,26,40839,40839.0,0
532997,13,39,55201,55201.0,1724
533157,15,38,61627,61627.0,1898
533198,14,38,49767,49767.0,700
533213,6,17,23288,23288.0,0
533302,15,41,60400,60400.0,2231
533365,13,31,45008,45008.0,1316
533388,0,0,0,0.0,0
533391,5,20,28557,28557.0,0
533470,15,34,49715,49715.0,1339
533488,3,9,13759,13759.0,500
533509,18,60,85672,85672.0,1676
533539,12,37,43905,43905.0,1361
533638,14,45,70247,70247.0,368
533666,14,26,35052,35052.0,3271
533742,13,29,46679,46679.0,1387
533766,11,26,39626,39626.0,1170
533950,12,25,43387,43387.0,1200
534009,14,37,49906,49906.0,1366
534151,10,31,33491,33491.0,2071
534324,0,0,0,0.0,0
534452,17,41,58066,58066.0,589
534464,12,39,58038,58038.0,1596
534481,15,29,41512,41512.0,3633
534505,0,0,0,0.0,0
534510,6,17,30552,30552.0,0
534571,0,0,0,0.0,0
534649,10,24,23682,23682.0,0
534716,18,48,69204,69204.0,1448
534734,14,36,51648,51648.0,794
534764,3,5,4871,4871.0,535
534794,0,0,0,0.0,0
534805,3,8,13079,13079.0,0
534813,12,39,59806,59806.0,0
534904,11,25,34817,34817.0,632
534905,12,28,43832,43832.0,0
534972,16,45,64567,64567.0,704
535151,12,35,49887,49887.0,759
535183,6,15,20870,20870.0,306
535233,13,30,40483,40483.0,2717
535251,12,33,59309,59309.0,762
535320,13,31,39927,39927.0,1509
535327,1,2,1882,1882.0,0
535367,13,29,49254,49254.0,480
535413,7,15,25839,25839.0,409
535436,12,34,60440,60440.0,3190
535482,12,31,45523,45523.0,1127
535525,7,17,32572,32572.0,0
535539,16,46,54924,54924.0,949
535544,17,46,60333,60333.0,910
535587,13,37,57440,57440.0,1117
535852,12,33,53207,53207.0,410
535892,16,43,57341,57341.0,624
535944,19,54,86460,86460.0,1195
536018,13,30,39665,39665.0,0
536021,3,7,10813,10813.0,531
536066,17,51,75597,75597.0,1168
536082,16,34,55447,55447.0,1805
536092,15,33,45151,45151.0,2532
536124,7,22,32350,32350.0,0
536132,9,25,47094,47094.0,1261
536186,14,38,62636,62636.0,0
536371,4,9,12030,12030.0,0
536409,9,23,26608,26608.0,0
536485,16,38,63150,63150.0,1468
536517,14,31,55721,55721.0,494
536535,14,39,64701,64701.0,1223
536567,18,56,80852,80852.0,1245
536577,11,31,44943,44943.0,0
536603,8,26,31606,31606.0,0
536671,17,50,77124,77124.0,0
536699,3,7,16843,16843.0,0
536794,13,35,52153,52153.0,1233
536823,13,37,52380,52380.0,1094
536848,5,13,17559,17559.0,1699
536941,5,15,25982,25982.0,0
536959,0,0,0,0.0,0
537013,16,39,45927,45927.0,951
537038,16,34,54033,54033.0,1247
537124,15,36,53820,53820.0,801
537132,12,34,54279,54279.0,1284
537387,17,54,83394,83394.0,1246
537397,14,36,56629,56629.0,0
537405,8,48,69106,103659.0,1086
537421,15,43,57656,57656.0,2260
537613,16,44,58691,58691.0,893
537701,17,48,69849,69849.0,2120
537711,15,37,57069,57069.0,0
537722,15,37,57160,57160.0,424
537795,18,52,83272,83272.0,1107
537829,4,8,7554,7554.0,487
537852,15,43,60674,60674.0,1873
537887,7,18,22876,22876.0,554
537907,14,44,65225,65225.0,2272
537914,8,12,13983,13983.0,1545
537990,15,35,47092,47092.0,2269
538042,12,36,53029,53029.0,361
538308,0,0,0,0.0,0
538341,17,41,49947,49947.0,1296
538507,13,31,41391,41391.0,984
538550,13,34,47492,47492.0,1238
538760,7,19,30241,30241.0,0
538770,13,34,47061,47061.0,491
538795,8,17,27939,27939.0,1100
538854,17,49,70746,70746.0,408
538877,17,57,90718,90718.0,1164
538902,4,15,21004,21004.0,0
538949,6,20,33078,33078.0,535
538979,8,20,36918,36918.0,1324
539106,13,33,54686,54686.0,893
539125,13,35,47558,47558.0,0
539144,11,33,57389,57389.0,1429
539322,13,37,45071,45071.0,2269
539358,17,43,61974,61974.0,883
539370,12,26,43865,43865.0,0
539436,12,31,42754,42754.0,1524
539505,1,1,581,581.0,0
539537,16,49,65192,65192.0,1589
539599,1,5,9405,9405.0,0
539673,10,26,37427,37427.0,498
539674,16,45,77989,77989.0,1351
539704,20,51,82133,82133.0,4479
539705,0,0,0,0.0,0
539739,6,49,72877,109315.5,561
539742,19,46,78425,78425.0,1588
539746,5,15,34523,34523.0,0
539760,14,40,61271,61271.0,2292
539776,14,32,55971,55971.0,2917
539854,6,17,32516,32516.0,995
539941,0,0,0,0.0,0
540011,13,41,83002,83002.0,867
540109,12,35,60392,60392.0,645
540112,16,48,83722,83722.0,775
540142,14,31,49346,49346.0,1585
540268,7,16,21045,21045.0,396
540291,0,0,0,0.0,0
540316,14,38,55738,55738.0,1860
540380,4,11,10695,10695.0,469
540497,11,28,36723,36723.0,1903
540548,12,38,58645,58645.0,1106
540551,15,38,54632,54632.0,0
540628,14,40,53440,53440.0,0
540715,5,42,51546,77319.0,0
540751,17,43,73454,73454.0,1827
540756,12,25,31693,31693.0,333
540796,2,7,16483,16483.0,481
540836,0,0,0,0.0,0
540901,0,0,0,0.0,0
540905,14,36,60311,60311.0,1823
540918,17,45,73611,73611.0,1097
540966,12,26,39223,39223.0,462
541000,15,35,55802,55802.0,0
541008,5,51,58068,87102.0,0
541009,18,60,102542,102542.0,1081
541037,7,63,121242,181863.0,888
541040,6,13,15751,15751.0,615
541078,12,27,43521,43521.0,1359
541163,11,32,44451,44451.0,661
541178,17,54,85123,85123.0,1270
541239,9,21,26952,26952.0,1159
541358,12,38,52770,52770.0,3597
541410,3,6,10144,10144.0,0
541435,21,54,73188,73188.0,955
541557,15,44,77121,77121.0,448
541564,16,43,61646,61646.0,1643
541741,11,31,46186,46186.0,435
541751,10,29,40487,40487.0,0
541898,10,31,43788,43788.0,1011
541953,8,31,46261,46261.0,418
541961,16,51,102816,102816.0,458
542002,13,32,56433,56433.0,1592
542014,19,46,69173,69173.0,2006
542043,14,33,45024,45024.0,1349
542085,11,24,33674,33674.0,1905
542089,2,5,9893,9893.0,0
542118,14,33,53329,53329.0,760
542180,12,36,46404,46404.0,806
542182,14,34,53099,53099.0,329
542208,0,0,0,0.0,0
542287,12,34,60377,60377.0,0
542296,15,46,60150,60150.0,993
542574,1,2,4956,4956.0,0
542636,0,0,0,0.0,0
542696,12,39,50499,50499.0,1008
542893,14,41,57142,57142.0,330
542934,3,10,11644,11644.0,0
542976,7,46,83563,125344.5,814
543119,16,39,64466,64466.0,481
543285,6,16,22543,22543.0,0
543326,15,41,68000,68000.0,2645
543422,19,45,64853,64853.0,1085
543449,4,9,10261,10261.0,588
543456,1,1,2273,2273.0,0
543460,19,49,83897,83897.0,1355
543478,10,22,29198,29198.0,470
543553,1,2,4950,4950.0,0
543599,0,0,0,0.0,0
543693,13,42,56283,56283.0,403
543852,14,38,60270,60270.0,1611
543862,11,34,60064,60064.0,1202
543881,6,22,40797,40797.0,0
543901,15,43,63873,63873.0,2432
543918,18,52,76633,76633.0,3513
543956,8,47,76099,114148.5,490
543978,17,44,77291,77291.0,766
544167,12,28,45121,45121.0,1121
544182,13,40,57708,57708.0,514
544301,12,32,42486,42486.0,569
544306,3,6,7750,7750.0,0
544337,14,43,61310,61310.0,1173
544421,17,51,87162,87162.0,2321
544493,19,43,68244,68244.0,1233
544561,12,29,37222,37222.0,1231
544569,8,29,33161,33161.0,715
544619,7,12,12035,12035.0,0
544690,11,34,53926,53926.0,790
544752,15,32,50225,50225.0,503
544837,16,53,74202,74202.0,0
544890,13,32,50446,50446.0,960
545010,4,11,14581,14581.0,749
545087,13,36,55748,55748.0,1182
545127,15,32,59782,59782.0,1187
545144,9,24,36692,36692.0,371
545179,8,59,91550,137325.0,469
545278,14,37,50169,50169.0,1842
545378,15,33,51394,51394.0,0
545410,10,30,54014,54014.0,0
545421,12,24,40651,40651.0,959
545497,15,40,69826,69826.0,1530
545514,0,0,0,0.0,0
545534,16,40,67100,67100.0,2145
545541,14,24,42418,42418.0,538
545567,19,48,63611,63611.0,1051
545582,16,44,67365,67365.0,523
545586,9,26,40752,40752.0,440
545638,1,1,1515,1515.0,0
545659,14,33,48681,48681.0,1936
545744,11,26,39106,39106.0,0
545883,14,26,45766,45766.0,373
545889,0,0,0,0.0,0
545917,15,36,51134,51134.0,1006
545947,17,47,83278,83278.0,1466
546025,15,42,66795,66795.0,1547
546037,0,0,0,0.0,0
546039,13,31,47520,47520.0,0
546163,5,60,86022,129033.0,527
546171,0,0,0,0.0,0
546177,14,34,60919,60919.0,481
546231,10,33,59822,59822.0,0
546259,0,0,0,0.0,0
546456,10,31,49716,49716.0,894
546665,13,35,45213,45213.0,704
546736,2,7,13204,13204.0,0
546758,15,43,72239,72239.0,644
546773,16,37,52544,52544.0,328
546796,17,51,86534,86534.0,1303
546827,13,34,47669,47669.0,1715
546869,11,33,49563,49563.0,566
546994,3,7,11876,11876.0,528
546997,8,23,31780,31780.0,743
547016,14,34,51426,51426.0,1249
547190,16,47,71890,71890.0,742
547213,16,34,49139,49139.0,495
547217,0,0,0,0.0,0
547342,8,62,74400,111600.0,1072
547355,11,27,39834,39834.0,1591
547357,18,43,71023,71023.0,910
547360,14,39,50913,50913.0,2702
547407,13,33,50122,50122.0,0
547442,6,62,126476,189714.0,0
547500,13,44,52900,52900.0,2281
547522,13,34,52011,52011.0,2083
547542,13,41,57561,57561.0,0
547559,14,33,52135,52135.0,1184
547561,10,36,53131,53131.0,0
547575,15,39,50904,50904.0,1042
547649,10,24,31068,31068.0,1234
547699,17,44,56776,56776.0,918
547764,0,0,0,0.0,0
547802,12,38,66753,66753.0,1431
547994,0,0,0,0.0,0
548037,14,36,75233,75233.0,337
548126,17,50,75777,75777.0,1076
548202,0,0,0,0.0,0
548228,17,49,54577,54577.0,1044
548238,10,19,31433,31433.0,1285
548244,15,36,54303,54303.0,960
548251,11,19,31174,31174.0,1487
548335,16,52,81803,81803.0,1989
548390,6,39,48318,72477.0,1046
548565,12,32,52686,52686.0,848
548638,2,2,3842,3842.0,0
548682,16,49,62156,62156.0,1145
548722,14,42,57714,57714.0,0
548752,16,52,89616,89616.0,2114
548883,0,0,0,0.0,0
548999,16,34,45797,45797.0,0
549034,7,25,36991,36991.0,420
549064,17,42,57686,57686.0,982
549080,13,33,55800,55800.0,0
549091,8,23,36132,36132.0,1000
549132,9,20,26288,26288.0,1015
549200,11,37,44535,44535.0,578
549238,17,55,84378,84378.0,0
549402,16,36,58187,58187.0,2423
549404,8,59,78713,118069.5,466
549415,15,47,61647,61647.0,526
549444,16,40,50651,50651.0,953
549537,10,29,40961,40961.0,1123
549540,12,41,63354,63354.0,625
549541,12,31,40619,40619.0,1351
549562,9,24,36439,36439.0,1009
549598,7,19,34540,34540.0,675
549612,18,58,77487,77487.0,1971
549686,14,34,48028,48028.0,932
549715,15,34,60257,60257.0,900
549751,16,48,61247,61247.0,1583
549757,13,37,61037,61037.0,991
549858,18,40,60677,60677.0,1461
549862,14,37,51944,51944.0,2538
549982,15,45,71186,71186.0,838
550058,8,23,38027,38027.0,320
550173,12,29,36893,36893.0,720
550213,12,39,47616,47616.0,939
550262,6,20,26631,26631.0,649
550303,0,0,0,0.0,0
550352,14,37,54783,54783.0,1434
550434,17,49,63793,63793.0,501
550519,12,33,47732,47732.0,350
550539,7,19,32402,32402.0,1462
550575,3,6,11573,11573.0,0
550598,4,33,35472,53208.0,1272
550686,15,35,49351,49351.0,1751
550769,10,26,42107,42107.0,0
550834,0,0,0,0.0,0
550839,11,28,43492,43492.0,954
550856,14,46,57526,57526.0,2636
550896,14,41,58883,58883.0,508
551055,15,41,53898,53898.0,0
551154,12,35,50732,50732.0,2387
551248,15,32,42303,42303.0,2672
551296,17,44,77911,77911.0,0
551300,19,60,87617,87617.0,386
551313,3,9,15606,15606.0,0
551391,13,38,57905,57905.0,333
551429,15,31,51665,51665.0,499
551510,17,57,81154,81154.0,1071
551533,0,0,0,0.0,0
551652,16,42,70338,70338.0,786
551710,8,19,29311,29311.0,389
551809,18,52,73377,73377.0,1473
551828,17,50,64375,64375.0,1019
551833,11,31,42885,42885.0,699
551837,15,41,67890,67890.0,930
551938,15,37,51681,51681.0,1025
551946,17,44,59379,59379.0,1809
551961,1,3,6300,6300.0,0
551975,17,54,67351,67351.0,0
551981,14,43,69373,69373.0,1143
552016,15,43,71736,71736.0,1066
552221,0,0,0,0.0,0
552235,0,0,0,0.0,0
552278,14,43,59361,59361.0,0
552328,13,35,48358,48358.0,0
552364,11,21,31367,31367.0,1433
552441,7,68,98974,148461.0,716
552546,0,0,0,0.0,0
552568,0,0,0,0.0,0
552576,17,52,87542,87542.0,853
552669,15,48,63827,63827.0,0
552747,10,31,49951,49951.0,1757
552755,6,18,31109,31109.0,372
552776,2,6,4430,4430.0,0
552818,17,52,76089,76089.0,2535
552823,10,23,33050,33050.0,0
552936,4,9,14496,14496.0,0
552945,2,6,9032,9032.0,0
552965,1,3,6783,6783.0,0
552966,16,43,68893,68893.0,0
553018,0,0,0,0.0,0
553061,19,49,73312,73312.0,993
553089,19,56,90234,90234.0,1123
553254,13,32,54232,54232.0,516
553261,14,37,49649,49649.0,2590
553389,14,42,69021,69021.0,1171
553396,14,40,62017,62017.0,1027
553412,15,43,71147,71147.0,2158
553453,11,15,19818,19818.0,1709
553530,17,50,59889,59889.0,1207
553558,11,26,28125,28125.0,989
553567,5,12,18481,18481.0,0
553879,9,24,34937,34937.0,645
553936,0,0,0,0.0,0
553943,16,42,59759,59759.0,334
553944,0,0,0,0.0,0
553954,12,28,48990,48990.0,446
553956,16,45,65183,65183.0,1353
553973,19,60,84213,84213.0,1814
554104,12,33,49306,49306.0,1033
554136,15,22,37062,37062.0,1513
554155,12,34,38503,38503.0,0
554255,3,5,10145,10145.0,0
554442,18,50,69668,69668.0,554
554449,10,31,58733,58733.0,418
554453,13,39,46316,46316.0,430
554487,13,31,41664,41664.0,1843
554572,0,0,0,0.0,0
554636,12,28,46447,46447.0,907
554712,4,10,12261,12261.0,1032
554761,11,27,40316,40316.0,0
554888,6,14,23106,23106.0,0
554983,14,40,59277,59277.0,1209
555001,14,42,40996,40996.0,793
555024,1,3,4899,4899.0,0
555050,15,38,56288,56288.0,0
555081,18,49,84191,84191.0,1314
555102,17,50,84108,84108.0,516
555112,3,8,11833,11833.0,0
555118,11,29,39137,39137.0,568
555205,11,32,53512,53512.0,359
555218,4,7,9300,9300.0,0
555298,18,46,80053,80053.0,1492
555301,13,33,43928,43928.0,357
555398,15,34,49667,49667.0,1132
555517,3,5,5124,5124.0,0
555541,13,27,29395,29395.0,2212
555576,12,38,54766,54766.0,1073
555745,13,50,81781,81781.0,1625
555831,3,7,7550,7550.0,603
555947,7,15,19503,19503.0,1496
556050,12,28,36205,36205.0,571
556136,14,39,49857,49857.0,521
556164,13,27,34004,34004.0,0
556188,16,44,64608,64608.0,383
556266,17,43,51224,51224.0,358
556313,18,46,58005,58005.0,1282
556453,10,24,43141,43141.0,1246
556492,9,95,149782,224673.0,543
556622,16,38,53343,53343.0,1696
556626,18,49,68125,68125.0,1576
556649,15,35,50711,50711.0,1368
556688,14,37,56066,56066.0,0
556755,0,0,0,0.0,0
556778,16,47,64463,64463.0,1468
556808,11,31,43760,43760.0,1080
556865,10,24,34247,34247.0,536
556879,3,10,17166,17166.0,0
556958,19,56,85595,85595.0,1079
556982,13,31,43348,43348.0,827
557138,7,59,101322,151983.0,489
557289,14,30,54919,54919.0,2200
557458,16,44,65857,65857.0,334
557469,0,0,0,0.0,0
557500,14,43,63888,63888.0,2077
557519,16,44,67356,67356.0,851
557525,16,36,45637,45637.0,2010
557597,3,7,15031,15031.0,0
557633,12,31,44760,44760.0,2401
557640,12,40,62952,62952.0,994
557723,17,49,71042,71042.0,635
557739,18,53,92775,92775.0,872
557752,7,22,31868,31868.0,1340
557852,0,0,0,0.0,0
557867,16,40,68696,68696.0,930
557872,12,27,40095,40095.0,0
557880,17,49,66070,66070.0,1564
557932,11,35,61020,61020.0,356
557996,15,33,52922,52922.0,442
558040,13,32,47604,47604.0,1063
558097,11,26,38635,38635.0,405
558138,2,3,6853,6853.0,0
558248,0,0,0,0.0,0
558258,6,14,23434,23434.0,0
558288,0,0,0,0.0,0
558451,12,28,52547,52547.0,469
558469,0,0,0,0.0,0
558511,8,67,103926,155889.0,712
558543,13,29,42476,42476.0,394
558598,17,46,66802,66802.0,426
558686,17,43,62293,62293.0,474
558854,12,39,62942,62942.0,589
558969,17,50,79612,79612.0,1016
559005,7,59,65099,97648.5,0
559007,15,34,50670,50670.0,0
559016,14,27,37639,37639.0,541
559111,7,17,30059,30059.0,0
559124,16,48,70022,70022.0,615
559127,5,9,14965,14965.0,0
559233,2,4,4308,4308.0,730
559261,4,7,12086,12086.0,0
559279,17,42,59713,59713.0,2738
559304,9,26,36230,36230.0,537
559342,9,24,43867,43867.0,571
559362,16,48,75877,75877.0,0
559388,14,44,70185,70185.0,0
559483,15,43,71621,71621.0,2260
559519,3,30,37742,56613.0,0
559576,19,44,66176,66176.0,742
559619,1,2,3032,3032.0,424
559622,14,46,70879,70879.0,848
559657,0,0,0,0.0,0
559721,4,21,26703,40054.5,0
559723,12,40,58937,58937.0,1104
559726,11,37,60671,60671.0,469
559879,10,22,35186,35186.0,2031
560024,19,44,58796,58796.0,919
560104,12,36,50773,50773.0,946
560149,12,39,50460,50460.0,0
560283,9,25,35138,35138.0,531
560505,12,26,50541,50541.0,766
560528,12,45,74162,74162.0,0
560597,7,50,95490,143235.0,639
560713,16,49,61705,61705.0,377
560714,10,21,31598,31598.0,1493
560936,11,33,52306,52306.0,542
560990,7,19,28310,28310.0,395
561041,11,32,40122,40122.0,1038
561053,11,31,40713,40713.0,353
561072,19,44,71363,71363.0,2378
561092,13,40,60887,60887.0,1576
561107,16,36,50733,50733.0,1693
561219,16,40,48535,48535.0,357
561228,14,32,55461,55461.0,1379
561251,17,45,68755,68755.0,293
561284,11,36,52919,52919.0,0
561307,3,9,11145,11145.0,0
561321,17,45,47538,47538.0,516
561413,19,49,69087,69087.0,987
561481,14,44,58961,58961.0,1365
561520,17,47,69387,69387.0,1563
561570,12,26,34748,34748.0,1979
561620,15,34,55462,55462.0,0
561621,11,32,45596,45596.0,1592
561640,14,35,59062,59062.0,1654
561654,19,63,98727,98727.0,710
561722,0,0,0,0.0,0
561801,5,59,78721,118081.5,0
561873,13,40,60884,60884.0,0
561874,15,40,52099,52099.0,1029
561917,3,6,7250,7250.0,0
561933,2,7,11171,11171.0,0
561961,17,43,73728,73728.0,800
561981,6,20,34504,34504.0,0
562084,19,56,81695,81695.0,1676
562093,15,35,54027,54027.0,1045
562234,12,38,47439,47439.0,1724
562305,12,30,45597,45597.0,1628
562324,0,0,0,0.0,0
562358,3,6,13479,13479.0,0
562361,6,41,66310,99465.0,527
562376,19,43,64763,64763.0,1498
562404,13,34,48989,48989.0,0
562411,11,24,38339,38339.0,833
562501,0,0,0,0.0,0
562510,3,12,16688,16688.0,0
562588,5,9,14331,14331.0,0
562644,12,35,51792,51792.0,2040
562655,11,22,24958,24958.0,1233
562661,8,64,124342,186513.0,0
562677,13,33,45333,45333.0,539
562703,0,0,0,0.0,0
562734,11,28,36198,36198.0,381
562737,18,48,63244,63244.0,1982
563076,14,37,57282,57282.0,0
563086,14,41,67297,67297.0,1805
563094,5,51,59340,89010.0,0
563142,1,2,3656,3656.0,0
563188,15,37,64455,64455.0,862
563217,13,28,32112,32112.0,1010
563386,10,21,28800,28800.0,0
563410,19,60,98993,98993.0,1529
563428,0,0,0,0.0,0
563587,14,47,64769,64769.0,2042
563633,10,25,38756,38756.0,0
563749,15,37,55864,55864.0,1493
563774,8,28,44007,44007.0,784
563945,13,41,71073,71073.0,622
563977,12,26,37684,37684.0,0
563981,15,42,60789,60789.0,907
564111,13,33,55969,55969.0,2062
564114,14,43,67065,67065.0,818
564138,14,36,49455,49455.0,837
564141,15,34,50374,50374.0,0
564201,16,36,46002,46002.0,0
564305,4,29,37324,55986.0,434
564449,12,32,56793,56793.0,696
564650,14,35,57097,57097.0,1897
564707,10,29,47935,47935.0,585
564813,3,6,7915,7915.0,0
564838,2,4,5718,5718.0,0
564841,15,43,56075,56075.0,0
564882,16,48,82559,82559.0,437
564909,14,37,58860,58860.0,1439
564959,13,33,55167,55167.0,1071
564973,14,34,62797,62797.0,377
565008,4,7,7815,7815.0,0
565040,11,32,59513,59513.0,816
565041,14,37,61393,61393.0,1698
565074,0,0,0,0.0,0
565133,17,43,75674,75674.0,472
565171,15,44,75375,75375.0,1349
565227,0,0,0,0.0,0
565242,5,15,17215,17215.0,0
565351,19,38,58866,58866.0,2646
565452,13,34,47095,47095.0,538
565533,16,39,58189,58189.0,2115
565602,10,20,28453,28453.0,419
565634,0,0,0,0.0,0
565690,12,29,42729,42729.0,1083
565710,15,40,62408,62408.0,1907
565787,0,0,0,0.0,0
565805,16,47,76872,76872.0,1603
565811,16,47,76571,76571.0,921
565841,7,28,35702,53553.0,362
565876,15,41,53810,53810.0,507
565900,15,46,74486,74486.0,911
565960,13,35,60334,60334.0,1232
565991,6,21,25446,25446.0,527
566033,0,0,0,0.0,0
566165,16,38,61122,61122.0,2415
566182,10,25,24816,24816.0,1691
566343,0,0,0,0.0,0
566374,12,25,36349,36349.0,571
566550,3,7,8286,8286.0,0
566630,12,38,71017,71017.0,520
566640,14,37,55127,55127.0,2588
566663,0,0,0,0.0,0
566696,15,42,62348,62348.0,489
566714,11,32,53191,53191.0,770
566737,16,40,61547,61547.0,350
566767,14,36,49477,49477.0,2548
566802,0,0,0,0.0,0
566808,16,47,74487,74487.0,1764
566851,14,37,48488,48488.0,327
566951,11,23,37354,37354.0,581
566957,13,31,45391,45391.0,1746
566961,16,43,65316,65316.0,2291
566991,5,11,23329,23329.0,515
567048,11,31,60839,60839.0,2178
567070,17,52,76938,76938.0,0
567082,0,0,0,0.0,0
567151,6,22,26615,26615.0,513
567210,10,29,43334,43334.0,431
567219,3,7,6676,6676.0,0
567227,14,42,73347,73347.0,872
567256,14,36,48838,48838.0,541
567261,12,32,50543,50543.0,0
567319,12,37,54374,54374.0,2019
567412,12,29,43764,43764.0,393
567420,18,58,87152,87152.0,940
567571,12,34,45285,45285.0,440
567670,4,34,57328,85992.0,376
567805,1,3,6681,6681.0,365
567865,9,17,24139,24139.0,1109
567875,7,15,24199,24199.0,0
568111,12,35,39432,39432.0,0
568171,11,28,39430,39430.0,0
568172,12,43,64086,64086.0,1278
568205,7,60,125314,187971.0,953
568286,13,29,52020,52020.0,1447
568329,13,39,62897,62897.0,605
568442,19,47,79721,79721.0,1864
568484,14,41,62676,62676.0,0
568525,15,29,35905,35905.0,389
568547,16,38,46042,46042.0,0
568594,10,21,29295,29295.0,648
568667,0,0,0,0.0,0
568678,15,43,69204,69204.0,1079
568681,0,0,0,0.0,0
568712,15,41,63431,63431.0,0
568734,15,35,59122,59122.0,480
568769,13,39,45940,45940.0,1693
568786,17,42,56814,56814.0,1447
568798,7,18,36765,36765.0,0
568814,13,32,38627,38627.0,1080
568870,14,41,56975,56975.0,305
568880,14,33,50018,50018.0,759
568953,14,32,46866,46866.0,0
569188,3,8,15038,15038.0,0
569236,13,34,57184,57184.0,1715
569313,14,41,76518,76518.0,1915
569315,18,47,75295,75295.0,0
569319,13,27,39948,39948.0,3629
569347,14,44,87421,87421.0,839
569369,14,47,61716,61716.0,1336
569603,17,46,69996,69996.0,672
569677,2,8,8500,12750.0,0
569720,11,26,43780,43780.0,1675
569769,5,19,25735,25735.0,0
569846,6,18,30686,30686.0,359
569880,17,45,64342,64342.0,2002
569940,15,40,55790,55790.0,394
569972,4,13,23693,23693.0,0
570116,15,45,74391,74391.0,904
570299,16,41,48501,48501.0,353
570318,16,48,69025,69025.0,1010
570406,13,39,48181,48181.0,982
570469,14,32,56194,56194.0,1112
570531,0,0,0,0.0,0
570600,11,28,40521,40521.0,351
570637,10,23,35176,35176.0,0
570668,0,0,0,0.0,0
570683,14,44,73637,73637.0,430
570784,16,43,65800,65800.0,703
570796,14,40,50708,50708.0,515
570806,17,47,63204,63204.0,1863
570920,14,46,69900,69900.0,696
570971,6,15,23643,23643.0,0
571017,17,52,76360,76360.0,0
571123,13,37,44211,44211.0,1739
571163,14,44,68698,68698.0,563
571169,3,11,17908,17908.0,0
571180,14,33,43804,43804.0,775
571215,11,30,42280,42280.0,2632
571239,13,36,42747,42747.0,1077
571340,5,10,17199,17199.0,0
571406,0,0,0,0.0,0
571409,2,5,5740,5740.0,0
571479,0,0,0,0.0,0
571498,12,31,45400,45400.0,980
571603,6,35,31502,47253.0,0
571643,16,53,88391,88391.0,1317
571670,15,48,79515,79515.0,1408
571760,16,39,52839,52839.0,527
571845,0,0,0,0.0,0
571942,15,40,58888,58888.0,556
571964,14,40,64833,64833.0,0
571970,15,27,36906,36906.0,437
571992,17,36,53977,53977.0,930
572015,14,38,51382,51382.0,1061
572045,11,31,45994,45994.0,0
572062,0,0,0,0.0,0
572066,3,12,14502,14502.0,983
572073,15,35,54576,54576.0,1102
572094,7,20,35536,35536.0,544
572263,13,40,41576,41576.0,745
572265,16,48,63801,63801.0,1428
572282,15,41,59291,59291.0,933
572345,17,47,68924,68924.0,855
572410,14,46,62977,62977.0,416
572448,3,8,14607,14607.0,0
572463,0,0,0,0.0,0
572505,4,15,24972,24972.0,332
572547,11,23,35741,35741.0,435
572647,10,25,39722,39722.0,1231
572663,14,35,55452,55452.0,890
572668,12,31,52848,52848.0,0
572768,2,6,4257,4257.0,0
572811,13,41,64327,64327.0,0
572812,6,11,13840,13840.0,360
572836,3,8,12457,12457.0,458
572890,5,11,18024,18024.0,0
572927,7,18,27036,27036.0,977
573078,5,11,13406,13406.0,608
573217,16,37,51443,51443.0,0
573290,5,55,69389,104083.5,656
573332,16,41,56504,56504.0,0
573344,15,39,50541,50541.0,1052
573347,0,0,0,0.0,0
573446,27,68,92748,92748.0,963
573458,19,51,83835,83835.0,2060
573475,15,45,68057,68057.0,1048
573505,15,41,73690,73690.0,392
573649,15,39,54657,54657.0,0
573661,3,5,5050,5050.0,0
573681,18,45,69227,69227.0,970
573830,4,11,11645,11645.0,0
573897,18,47,72363,72363.0,1018
573954,14,33,51970,51970.0,1162
573964,10,30,45725,45725.0,983
573972,14,29,43134,43134.0,396
573986,3,7,16665,16665.0,0
573995,2,7,14264,14264.0,503
574005,4,17,24166,24166.0,403
574081,9,26,34892,34892.0,576
574163,15,38,43622,43622.0,1856
574302,8,21,33119,33119.0,498
574330,14,36,55503,55503.0,323
574391,9,19,26278,26278.0,1399
574492,0,0,0,0.0,0
574506,7,28,34159,34159.0,418
574542,18,48,66419,66419.0,374
574560,0,0,0,0.0,0
574613,0,0,0,0.0,0
574627,0,0,0,0.0,0
574640,16,48,76336,76336.0,1141
574674,14,37,52493,52493.0,340
574688,0,0,0,0.0,0
574723,10,24,28529,28529.0,1193
574726,17,48,56545,56545.0,1077
574745,0,0,0,0.0,0
574771,19,47,61622,61622.0,0
574835,15,37,63414,63414.0,3446
574899,13,25,33924,33924.0,657
574930,3,7,15010,15010.0,0
575015,3,8,10762,10762.0,299
575030,7,18,23929,23929.0,1333
575070,13,36,48221,48221.0,1096
575089,0,0,0,0.0,0
575123,13,32,45502,45502.0,471
575145,0,0,0,0.0,0
575147,14,35,53779,53779.0,1897
575342,8,23,26772,26772.0,556
575411,0,0,0,0.0,0
575434,16,39,48959,48959.0,822
575487,5,28,63043,94564.5,521
575571,15,37,53162,53162.0,491
575573,16,46,68302,68302.0,1443
575574,19,53,74761,74761.0,801
575612,11,31,44202,44202.0,444
575818,13,32,56027,56027.0,2011
575821,6,16,20190,20190.0,1114
575833,15,42,56753,56753.0,3277
575844,15,32,41814,41814.0,1237
575849,12,27,33407,33407.0,0
575948,17,42,67521,67521.0,635
576051,16,47,77299,77299.0,2359
576057,2,5,9862,9862.0,0
576071,12,32,54390,54390.0,660
576074,12,35,52070,52070.0,495
576110,14,33,47042,47042.0,1470
576176,2,2,3111,3111.0,0
576184,10,25,39820,39820.0,1429
576217,12,30,48150,48150.0,598
576294,15,39,62926,62926.0,880
576345,11,27,50798,50798.0,0
576354,17,40,61854,61854.0,427
576363,15,35,47932,47932.0,431
576498,10,31,40522,40522.0,300
576576,15,41,52564,52564.0,1914
576587,17,50,75359,75359.0,0
576654,0,0,0,0.0,0
576658,6,58,89356,134034.0,508
576690,18,47,68384,68384.0,0
576692,15,36,45357,45357.0,1097
576716,13,37,56511,56511.0,1178
576736,4,19,22160,33240.0,1358
576871,13,28,41796,41796.0,1391
576878,15,37,66704,66704.0,2113
576911,17,50,68566,68566.0,2780
576936,14,36,55921,55921.0,628
576947,9,31,46976,46976.0,0
577124,10,27,34512,34512.0,1426
577151,7,59,99235,148852.5,474
577156,18,56,92639,92639.0,781
577195,1,3,3402,3402.0,0
577232,0,0,0,0.0,0
577265,14,34,55596,55596.0,1388
577278,9,19,24898,24898.0,2064
577322,14,33,46428,46428.0,1987
577360,15,47,68670,68670.0,1204
577374,10,28,42437,42437.0,574
577386,12,38,58712,58712.0,499
577398,14,42,66637,66637.0,1391
577405,18,55,95121,95121.0,562
577467,13,42,51309,51309.0,0
577501,14,40,52752,52752.0,0
577535,17,47,68263,68263.0,1099
577726,12,31,42814,42814.0,1788
577795,19,53,78339,78339.0,1440
577844,15,46,59939,59939.0,332
577860,9,23,30264,30264.0,1229
577872,10,21,34124,34124.0,0
577901,4,13,23901,23901.0,386
577998,0,0,0,0.0,0
578013,13,32,50903,50903.0,488
578020,7,25,29991,29991.0,993
578114,15,31,41532,41532.0,771
578167,13,33,61274,61274.0,453
578203,14,36,47749,47749.0,1536
578234,4,11,17420,17420.0,555
578688,12,32,45351,45351.0,0
578751,0,0,0,0.0,0
578788,3,13,16816,16816.0,0
578811,14,39,58989,58989.0,1977
578837,13,25,34177,34177.0,1028
578944,18,53,77628,77628.0,499
578998,17,44,68537,68537.0,896
579005,17,52,82665,82665.0,506
579015,9,26,50670,50670.0,1234
579034,15,40,63881,63881.0,956
579093,3,9,17872,17872.0,0
579245,0,0,0,0.0,0
579283,5,14,24778,24778.0,1039
579318,17,35,64110,64110.0,610
579322,16,29,41891,41891.0,2104
579377,16,44,74059,74059.0,2633
579424,9,29,45668,45668.0,0
579438,5,12,19086,19086.0,0
579581,14,30,37931,37931.0,1002
579584,0,0,0,0.0,0
579684,11,34,56382,56382.0,0
579710,12,31,46477,46477.0,0
579726,13,32,47708,47708.0,557
579785,3,18,25936,38904.0,0
579847,15,36,45159,45159.0,392
579883,5,17,29622,29622.0,726
579890,17,48,77388,77388.0,2125
579931,11,28,47541,47541.0,1058
579943,11,27,42986,42986.0,320
579990,14,37,58166,58166.0,725
580068,4,12,18473,18473.0,0
580159,10,26,36595,36595.0,1259
580169,10,27,37908,37908.0,1593
580201,12,26,40295,40295.0,643
580212,13,26,32265,32265.0,1476
580324,10,22,39372,39372.0,1089
580341,16,47,83130,83130.0,1453
580356,15,35,51291,51291.0,344
580472,15,36,56031,56031.0,2161
580493,7,23,29273,29273.0,910
580500,5,45,69786,104679.0,433
580508,16,53,61746,61746.0,2086
580554,16,44,76885,76885.0,2021
580586,13,28,49692,49692.0,1007
580592,0,0,0,0.0,0
580628,0,0,0,0.0,0
580834,14,44,61932,61932.0,741
580979,4,8,15340,15340.0,0
581007,14,36,49057,49057.0,343
581079,14,36,43285,43285.0,1100
581260,12,32,45230,45230.0,0
581294,17,49,86011,86011.0,0
581380,0,0,0,0.0,0
581396,9,24,32240,32240.0,0
581419,0,0,0,0.0,0
581427,13,31,42069,42069.0,539
581481,19,46,72104,72104.0,1673
581513,10,23,41258,41258.0,372
581531,11,29,38087,38087.0,1138
581533,15,36,47670,47670.0,0
581596,15,44,74330,74330.0,616
581651,3,5,9552,9552.0,0
581661,14,44,56707,56707.0,1364
581668,13,33,44514,44514.0,321
581682,12,30,40943,40943.0,687
581712,15,39,55712,55712.0,1471
581913,6,12,14712,14712.0,1923
581999,12,25,30716,30716.0,0
582066,13,35,53958,53958.0,723
582067,2,4,9026,9026.0,0
582097,0,0,0,0.0,0
582166,0,0,0,0.0,0
582244,0,0,0,0.0,0
582256,0,0,0,0.0,0
582257,19,54,82444,82444.0,1150
582364,17,46,74507,74507.0,1479
582427,14,44,66650,66650.0,0
582429,6,16,25053,25053.0,0
582493,31,71,95746,95746.0,3605
582646,7,20,31204,31204.0,863
582674,5,59,96449,144673.5,575
582690,14,45,60854,60854.0,0
582843,1,3,7092,7092.0,0
582861,12,25,37048,37048.0,0
582874,4,52,80212,120318.0,482
582883,16,39,67305,67305.0,1273
582929,13,44,61793,61793.0,354
582930,12,37,56923,56923.0,0
582990,1,2,2546,2546.0,0
583003,7,15,19276,19276.0,1284
583005,18,42,62340,62340.0,1055
583165,0,0,0,0.0,0
583175,5,8,12063,12063.0,0
583223,12,28,46830,46830.0,525
583227,14,38,67336,67336.0,2116
583252,12,27,39165,39165.0,2083
583271,2,3,5476,5476.0,0
583272,5,14,19367,19367.0,0
583327,14,38,59974,59974.0,1611
583415,15,41,65882,65882.0,0
583513,17,50,79691,79691.0,607
583539,16,43,68512,68512.0,1183
583565,17,48,80106,80106.0,2946
583601,2,6,5526,5526.0,0
583610,16,35,46004,46004.0,939
583648,12,28,46088,46088.0,668
583670,12,37,49566,49566.0,464
583718,10,29,41384,41384.0,1951
583754,5,8,16376,16376.0,1529
583788,1,4,6764,6764.0,0
584017,18,43,71338,71338.0,1181
584173,15,48,65875,65875.0,354
584285,15,43,73047,73047.0,1316
584377,12,31,46488,46488.0,847
584405,14,35,53956,53956.0,0
584426,0,0,0,0.0,0
584458,18,42,66084,66084.0,1396
584463,14,36,53639,53639.0,2416
584536,17,39,58722,58722.0,495
584537,13,35,52574,52574.0,0
584564,16,40,52415,52415.0,1774
584727,11,42,72415,72415.0,945
584737,3,5,5891,5891.0,0
584782,9,23,31433,31433.0,1243
584796,2,6,7692,7692.0,0
584833,14,43,59344,59344.0,780
584845,18,48,68564,68564.0,507
584880,12,25,38775,38775.0,1334
585039,16,46,62134,62134.0,1231
585066,0,0,0,0.0,0
585082,9,27,36294,36294.0,933
585162,0,0,0,0.0,0
585271,11,27,46041,46041.0,754
585275,11,33,49343,49343.0,1329
585277,11,32,51904,51904.0,0
585316,11,25,35853,35853.0,562
585357,20,51,84589,84589.0,1935
585377,12,28,34045,34045.0,453
585386,15,40,66167,66167.0,746
585420,10,23,36590,36590.0,598
585495,0,0,0,0.0,0
585509,6,20,30223,30223.0,0
585629,19,56,100777,100777.0,408
585642,16,40,57359,57359.0,336
585756,29,65,93016,93016.0,1106
585780,15,40,70664,70664.0,3436
585793,13,34,54018,54018.0,521
585850,15,45,73919,73919.0,1112
585853,17,47,74690,74690.0,2535
585854,17,40,68651,68651.0,1195
585947,16,48,66272,66272.0,0
585975,12,38,58818,58818.0,910
585976,1,5,3720,3720.0,0
585978,10,26,42370,42370.0,399
586056,10,27,43629,43629.0,0
586076,5,32,49546,74319.0,0
586100,13,34,51092,51092.0,384
586164,14,38,69418,69418.0,1322
586191,10,22,26876,26876.0,367
586199,6,26,39883,59824.5,0
586365,8,22,28083,28083.0,624
586401,10,27,33631,33631.0,358
586446,13,33,54933,54933.0,564
586542,17,50,68189,68189.0,0
586686,14,35,56973,56973.0,584
586711,17,49,80995,80995.0,636
586734,16,52,81065,81065.0,936
586753,19,54,79242,79242.0,1046
586870,14,34,46204,46204.0,0
586891,12,28,42808,42808.0,412
586944,15,39,50724,50724.0,598
587136,5,18,18821,18821.0,750
587196,6,16,24803,24803.0,1122
587284,5,13,27543,27543.0,341
587378,16,30,45638,45638.0,1485
587420,13,35,61687,61687.0,956
587480,17,49,82187,82187.0,0
587543,3,7,9818,9818.0,476
587591,11,29,49251,49251.0,447
587619,15,40,63461,63461.0,823
587623,13,30,47072,47072.0,1480
587633,12,25,34572,34572.0,975
587769,0,0,0,0.0,0
587800,13,35,46026,46026.0,823
587867,12,31,40596,40596.0,463
588015,13,31,45899,45899.0,753
588095,16,40,66714,66714.0,0
588220,15,40,65656,65656.0,1898
588237,12,33,31726,31726.0,2056
588292,4,16,25934,25934.0,449
588445,17,45,63553,63553.0,2260
588516,16,48,75724,75724.0,1886
588657,15,37,56150,56150.0,1505
588789,14,37,55524,55524.0,1901
588864,1,2,1792,1792.0,0
588917,14,35,54787,54787.0,728
588943,3,7,11543,11543.0,0
588980,13,40,54595,54595.0,409
588993,2,5,9794,9794.0,0
589074,2,16,20552,30828.0,0
589101,11,22,28955,28955.0,332
589394,0,0,0,0.0,0
589427,9,24,27336,27336.0,0
589430,4,14,12963,12963.0,517
589466,6,20,35509,35509.0,1925
589580,15,52,78121,78121.0,1159
589745,20,43,70765,70765.0,2277
589765,13,32,52701,52701.0,523
589795,12,36,51948,51948.0,0
589818,1,2,3834,3834.0,0
589840,12,26,42597,42597.0,469
590012,0,0,0,0.0,0
590025,10,25,40931,40931.0,586
590098,13,25,39665,39665.0,1662
590246,15,33,47363,47363.0,1942
590280,11,40,69529,69529.0,623
590301,9,28,39568,39568.0,440
590393,2,7,12108,12108.0,0
590485,17,41,61938,61938.0,1617
590514,14,31,37945,37945.0,1473
590621,1,2,4866,4866.0,0
590647,15,40,69729,69729.0,2074
590727,6,16,23731,23731.0,1238
590752,18,44,77905,77905.0,1366
590778,13,24,33523,33523.0,568
590936,13,32,49102,49102.0,1281
590981,11,30,42656,42656.0,0
590989,9,20,22468,22468.0,448
591174,10,29,46914,46914.0,1761
591234,2,7,9378,9378.0,0
591272,18,42,77323,77323.0,1410
591367,14,40,49909,49909.0,2217
591377,14,32,44226,44226.0,0
591414,5,26,40815,61222.5,447
591476,5,9,12837,12837.0,0
591547,14,36,62207,62207.0,660
591576,0,0,0,0.0,0
591579,4,6,8103,8103.0,552
591608,11,34,51160,51160.0,976
591641,11,30,49612,49612.0,0
591731,20,47,70582,70582.0,645
591758,14,29,56269,56269.0,1058
591841,13,46,68436,68436.0,447
591854,10,19,27457,27457.0,1632
592003,7,38,58764,88146.0,0
592034,6,41,61291,91936.5,0
592064,5,15,26538,26538.0,905
592088,17,51,82572,82572.0,657
592145,14,31,42315,42315.0,431
592213,0,0,0,0.0,0
592218,1,3,5739,5739.0,0
592251,14,34,49315,49315.0,980
592302,9,19,22164,22164.0,0
592350,16,50,69656,69656.0,0
592431,16,33,53106,53106.0,664
592485,15,46,69523,69523.0,603
592515,0,0,0,0.0,0
592532,0,0,0,0.0,0
592966,12,36,59640,59640.0,501
592992,7,21,31945,31945.0,0
593007,13,30,47093,47093.0,1255
593039,8,27,40330,40330.0,0
593116,17,52,79409,79409.0,0
593190,15,42,59208,59208.0,479
593252,18,48,61377,61377.0,1003
593277,9,24,31499,31499.0,0
593327,4,12,12568,12568.0,0
593340,15,39,65558,65558.0,437
593386,6,38,74937,112405.5,470
593421,16,48,60314,60314.0,2162
593506,15,39,48773,48773.0,0
593651,11,30,54308,54308.0,596
593684,16,39,60131,60131.0,642
593710,12,24,33661,33661.0,630
593781,9,24,35934,35934.0,1005
593868,15,41,63591,63591.0,884
593885,0,0,0,0.0,0
594028,15,40,56307,56307.0,537
594044,4,8,9860,9860.0,0
594200,0,0,0,0.0,0
594468,0,0,0,0.0,0
594598,6,64,98404,147606.0,1120
594606,1,2,3412,3412.0,0
594626,0,0,0,0.0,0
594636,6,21,41148,41148.0,333
594649,14,39,59226,59226.0,1376
594672,16,46,83704,83704.0,1086
594681,4,11,21107,21107.0,0
594997,11,32,42367,42367.0,1328
595024,14,39,55559,55559.0,2200
595027,12,34,36165,36165.0,0
595028,17,47,74129,74129.0,0
595083,13,41,53145,53145.0,613
595169,18,54,81658,81658.0,0
595215,12,28,43077,43077.0,437
595235,15,40,63847,63847.0,1623
595236,6,19,28557,28557.0,0
595320,15,52,80690,80690.0,2220
595323,16,37,62834,62834.0,635
595325,15,43,67236,67236.0,585
595334,2,6,4734,4734.0,0
595529,0,0,0,0.0,0
595624,2,5,6152,6152.0,0
595658,14,41,59660,59660.0,2435
595681,13,30,46085,46085.0,360
595747,16,33,40693,40693.0,898
595775,0,0,0,0.0,0
595965,16,49,80812,80812.0,523
595978,10,27,36057,36057.0,0
595980,15,38,58255,58255.0,1553
596004,15,34,58198,58198.0,1751
596033,0,0,0,0.0,0
596153,10,27,36417,36417.0,382
596171,4,9,17441,17441.0,1817
596173,0,0,0,0.0,0
596179,15,44,79867,79867.0,0
596297,8,23,33388,33388.0,983
596327,12,33,36485,36485.0,492
596390,11,26,42406,42406.0,0
596462,7,68,106264,159396.0,1193
596544,7,52,71006,106509.0,777
596586,14,41,71541,71541.0,1488
596674,17,43,73566,73566.0,0
596787,15,45,65907,65907.0,802
596818,11,19,30387,30387.0,404
596911,12,28,38461,38461.0,1588
597023,14,38,54923,54923.0,505
597124,0,0,0,0.0,0
597156,3,20,31488,47232.0,0
597189,11,31,42131,42131.0,1023
597191,14,25,38821,38821.0,824
597197,12,33,40342,40342.0,2356
597209,13,45,77039,77039.0,516
597228,15,39,52866,52866.0,1003
597237,14,31,43899,43899.0,1876
597267,13,37,49927,49927.0,0
597294,5,41,49777,74665.5,0
597300,14,36,47705,47705.0,432
597313,11,33,54316,54316.0,0
597522,0,0,0,0.0,0
597532,12,29,47549,47549.0,658
597630,2,7,6945,6945.0,0
597837,18,44,70480,70480.0,1217
597897,4,5,6953,6953.0,0
597981,15,34,50961,50961.0,838
598016,14,42,44891,44891.0,1952
598059,15,33,43226,43226.0,1771
598258,0,0,0,0.0,0
598360,12,32,51673,51673.0,1761
598364,12,35,37308,37308.0,424
598369,16,42,63920,63920.0,1276
598398,9,25,32739,32739.0,1402
598705,15,44,66447,66447.0,0
598706,10,28,43201,43201.0,486
598711,9,26,42145,42145.0,868
598760,13,36,52224,52224.0,0
598799,17,42,69581,69581.0,1458
599078,9,22,23185,23185.0,1793
599145,10,38,39749,39749.0,687
599184,14,42,52848,52848.0,0
599341,22,58,102009,102009.0,1863
599369,9,24,35299,35299.0,565
599372,12,28,41541,41541.0,506
599394,4,13,22291,22291.0,0
599442,14,31,44746,44746.0,915
599483,18,48,65847,65847.0,1166
599491,17,48,63895,63895.0,1290
599560,9,20,27808,27808.0,1973
599746,13,34,39505,39505.0,796
599778,8,45,58915,88372.5,340
599873,2,4,4900,4900.0,562
599925,9,18,26349,26349.0,433
600013,7,20,34821,34821.0,0
600021,5,14,17999,17999.0,0
600063,14,46,75744,75744.0,440
600220,0,0,0,0.0,0
600302,14,38,57608,57608.0,338
600309,7,57,86733,130099.5,0
600432,14,39,62047,62047.0,1652
600482,12,28,42979,42979.0,316
600541,2,4,6330,6330.0,0
600563,14,40,64572,64572.0,1513
600598,13,39,60162,60162.0,1976
600651,14,45,56556,56556.0,2283
600664,20,57,80599,80599.0,1209
600712,10,19,28318,28318.0,1345
600746,17,36,59138,59138.0,0
600756,15,39,57372,57372.0,1075
600785,13,45,70427,70427.0,0
600792,4,8,11163,11163.0,463
600820,0,0,0,0.0,0
600884,12,37,48762,48762.0,1068
600914,14,37,54453,54453.0,396
600923,0,0,0,0.0,0
601027,18,45,69524,69524.0,1210
601068,0,0,0,0.0,0
601105,11,39,72972,72972.0,0
601131,22,52,77886,77886.0,1666
601143,10,21,24581,24581.0,606
601167,14,37,55689,55689.0,0
601332,18,52,76508,76508.0,514
601341,12,33,44963,44963.0,748
601407,10,37,56805,56805.0,0
601448,17,46,75006,75006.0,2500
601583,9,26,25583,25583.0,0
601586,17,47,65729,65729.0,572
601597,8,18,26379,26379.0,547
601625,8,63,93277,139915.5,880
601626,15,46,73946,73946.0,1746
601681,16,44,49565,49565.0,1203
601775,16,48,65634,65634.0,1111
601834,15,39,58139,58139.0,0
601940,13,25,39660,39660.0,1902
601997,0,0,0,0.0,0
602014,15,47,68636,68636.0,1383
602043,0,0,0,0.0,0
602068,8,22,27415,27415.0,525
602086,7,22,29406,29406.0,0
602150,15,38,46668,46668.0,0
602176,9,22,38288,38288.0,1091
602213,15,33,53070,53070.0,654
602222,11,24,33787,33787.0,648
602275,3,11,22126,22126.0,0
602346,12,26,37726,37726.0,1012
602361,11,36,55258,55258.0,2362
602384,4,8,15006,15006.0,417
602574,13,38,57292,57292.0,595
602585,10,24,37821,37821.0,0
602587,12,27,36521,36521.0,1242
602649,4,13,19567,19567.0,1392
602685,18,43,66558,66558.0,1219
602694,3,9,16515,16515.0,0
602783,17,34,44540,44540.0,1349
602900,14,35,58374,58374.0,443
602931,12,29,37352,37352.0,653
603005,4,26,50266,75399.0,0
603009,6,37,64078,96117.0,617
603050,5,10,12821,12821.0,1219
603070,7,63,53388,80082.0,1140
603077,13,33,55838,55838.0,1161
603079,15,36,49933,49933.0,1558
603082,5,18,31701,31701.0,0
603248,0,0,0,0.0,0
603371,8,22,32752,32752.0,1148
603407,15,41,75151,75151.0,1202
603433,2,8,10964,10964.0,620
603446,16,40,56839,56839.0,1064
603531,15,44,61444,61444.0,477
603539,14,38,68254,68254.0,989
603545,11,26,49037,49037.0,0
603587,12,28,35923,35923.0,1266
603653,5,35,48341,72511.5,441
603658,17,40,64556,64556.0,2023
603674,13,38,56707,56707.0,1551
603739,17,47,68512,68512.0,888
603744,12,33,51491,51491.0,367
603775,16,43,58077,58077.0,1816
603968,13,30,46172,46172.0,1359
604019,15,44,56848,56848.0,513
604039,0,0,0,0.0,0
604076,0,0,0,0.0,0
604077,1,2,4554,4554.0,0
604116,5,46,58616,87924.0,0
604274,26,79,113245,113245.0,987
604328,0,0,0,0.0,0
604332,13,34,57034,57034.0,0
604436,1,1,1404,1404.0,350
604461,10,29,35309,35309.0,428
604470,16,55,95279,95279.0,789
604471,2,4,4612,4612.0,0
604510,6,68,72068,108102.0,0
604526,10,35,37528,37528.0,695
604630,0,0,0,0.0,0
604645,9,29,40657,40657.0,1072
604681,10,30,51865,51865.0,2057
604724,15,44,75389,75389.0,372
604772,16,46,78860,78860.0,1642
604783,9,26,37756,37756.0,0
604792,13,30,44049,44049.0,516
604822,16,40,64762,64762.0,457
604825,0,0,0,0.0,0
604839,0,0,0,0.0,0
604870,28,75,128710,128710.0,1685
604943,14,41,62608,62608.0,922
605127,18,44,77243,77243.0,630
605134,14,35,57237,57237.0,2050
605184,12,30,43680,43680.0,732
605269,11,24,33091,33091.0,887
605320,19,66,98676,98676.0,838
605322,16,33,56971,56971.0,1502
605341,12,33,56511,56511.0,694
605343,12,29,44234,44234.0,0
605421,13,38,56659,56659.0,1082
605500,19,56,80774,80774.0,825
605505,11,41,53596,53596.0,1131
605723,10,26,44780,44780.0,1492
605761,10,15,19206,19206.0,509
605768,0,0,0,0.0,0
605787,15,41,58133,58133.0,1190
605790,13,31,42045,42045.0,496
605803,18,56,87079,87079.0,477
605849,16,52,80877,80877.0,350
605874,7,19,36102,36102.0,618
605877,15,41,72699,72699.0,1877
605907,14,40,59109,59109.0,1602
605926,13,38,53400,53400.0,786
606004,5,16,29694,29694.0,1049
606026,18,50,73750,73750.0,1084
606060,14,33,54093,54093.0,1174
606074,11,16,20626,20626.0,721
606076,0,0,0,0.0,0
606117,0,0,0,0.0,0
606214,15,34,49041,49041.0,2173
606344,6,21,38061,38061.0,0
606371,13,28,43144,43144.0,1121
606396,4,29,47488,71232.0,0
606455,15,38,60718,60718.0,1049
606563,10,31,48746,48746.0,521
606600,12,22,27839,27839.0,2062
606712,9,26,33126,33126.0,610
606811,0,0,0,0.0,0
606846,15,44,62201,62201.0,462
606852,16,39,57602,57602.0,541
606875,20,54,79563,79563.0,2950
606877,9,25,36299,36299.0,0
606962,5,15,18912,18912.0,320
606989,14,43,67859,67859.0,1656
607115,15,33,44834,44834.0,1048
607117,13,31,52117,52117.0,721
607123,16,40,53960,53960.0,1791
607266,0,0,0,0.0,0
607275,16,38,52005,52005.0,1134
607292,15,41,54205,54205.0,1270
607347,13,33,47844,47844.0,1832
607405,14,36,54831,54831.0,0
607453,17,40,64683,64683.0,1736
607480,11,27,43213,43213.0,697
607489,12,32,47648,47648.0,642
607538,7,24,33066,33066.0,1062
607548,10,29,44579,44579.0,1101
607555,13,32,62178,62178.0,605
607565,15,34,48041,48041.0,1026
607588,4,38,64502,96753.0,532
607662,16,42,66108,66108.0,2284
607696,13,36,57127,57127.0,394
607752,0,0,0,0.0,0
607769,5,69,84579,126868.5,506
607847,6,12,17659,17659.0,406
607856,10,30,56894,56894.0,1041
607885,16,45,66502,66502.0,388
607993,4,10,18304,18304.0,521
607997,12,35,59731,59731.0,548
608070,19,59,78432,78432.0,1535
608087,11,28,35451,35451.0,0
608116,15,32,41023,41023.0,1616
608159,12,27,42590,42590.0,400
608241,16,34,61154,61154.0,503
608326,5,16,18440,18440.0,0
608370,15,35,48432,48432.0,1291
608384,17,39,56430,56430.0,1536
608419,16,49,75464,75464.0,1144
608493,14,41,60735,60735.0,511
608504,0,0,0,0.0,0
608508,14,41,67846,67846.0,1255
608517,19,46,81758,81758.0,0
608537,4,12,20105,20105.0,0
608601,9,23,33495,33495.0,1614
608605,11,31,44134,44134.0,1081
608739,16,47,66543,66543.0,1454
608758,17,40,60258,60258.0,0
608850,19,48,68676,68676.0,1256
608974,11,35,53828,53828.0,698
609009,16,37,60325,60325.0,1112
609072,13,39,56448,56448.0,0
609174,15,44,77866,77866.0,1502
609184,12,33,54829,54829.0,1816
609296,15,41,54015,54015.0,933
609532,14,42,59434,59434.0,1922
609650,9,17,30308,30308.0,0
609664,2,5,7415,7415.0,0
609667,12,32,37323,37323.0,1673
609730,16,37,50573,50573.0,1858
609778,10,27,43908,43908.0,297
609878,0,0,0,0.0,0
609971,12,43,58948,58948.0,1810
610096,15,38,45331,45331.0,1873
610393,14,28,45516,45516.0,440
610432,18,58,91523,91523.0,2266
610465,9,26,38207,38207.0,666
610482,9,22,36831,36831.0,772
610573,14,37,52716,52716.0,1060
610585,14,39,65719,65719.0,607
610631,0,0,0,0.0,0
610684,15,39,73082,73082.0,2295
610860,0,0,0,0.0,0
610916,4,7,6963,6963.0,429
610946,18,45,58573,58573.0,3141
611029,11,24,50093,50093.0,2226
611046,4,12,20837,20837.0,0
611051,14,31,46389,46389.0,1479
611084,13,33,59571,59571.0,647
611086,14,41,68328,68328.0,1169
611247,0,0,0,0.0,0
611356,18,37,63695,63695.0,0
611366,7,19,33745,33745.0,644
611415,16,36,56658,56658.0,789
611436,14,39,51801,51801.0,607
611464,12,35,61011,61011.0,2571
611481,10,32,53372,53372.0,766
611538,12,40,58576,58576.0,604
611582,14,31,36011,36011.0,2149
611618,16,33,54854,54854.0,622
611667,9,72,112085,168127.5,1220
611673,14,39,53501,53501.0,503
611689,17,38,48477,48477.0,664
611765,9,26,38476,38476.0,436
611817,16,46,60069,60069.0,766
611873,16,46,66053,66053.0,1477
611990,12,32,43350,43350.0,0
612013,4,12,23667,23667.0,0
612019,6,16,23846,23846.0,1231
612060,12,36,50784,50784.0,1152
612074,10,26,41506,41506.0,0
612122,10,25,31982,31982.0,899
612140,14,32,48321,48321.0,978
612144,16,37,48920,48920.0,876
612162,11,32,57144,57144.0,783
612186,13,35,50450,50450.0,1776
612233,10,24,41088,41088.0,0
612269,15,34,58232,58232.0,0
612294,9,19,36039,36039.0,1763
612311,12,35,47021,47021.0,2049
612339,16,32,50693,50693.0,910
612370,0,0,0,0.0,0
612488,16,54,86765,86765.0,1668
612510,16,47,69642,69642.0,1217
612555,17,41,66017,66017.0,2084
612595,0,0,0,0.0,0
612650,7,21,35085,35085.0,323
612664,12,35,59087,59087.0,0
612703,15,43,69189,69189.0,645
612719,17,41,59018,59018.0,2211
612742,0,0,0,0.0,0
612795,17,48,63937,63937.0,409
612834,13,39,57054,57054.0,1806
612905,14,35,48796,48796.0,569
612955,9,30,51186,51186.0,319
612963,1,3,3168,3168.0,0
612995,12,29,41796,41796.0,2617
613076,13,28,41760,41760.0,2377
613185,12,35,55247,55247.0,521
613195,11,26,36480,36480.0,1022
613234,15,42,70148,70148.0,0
613265,18,46,70970,70970.0,2047
613303,17,43,48385,48385.0,574
613546,15,36,56165,56165.0,1344
613709,0,0,0,0.0,0
613747,16,45,56538,56538.0,0
613804,13,34,51586,51586.0,963
613860,7,66,114252,171378.0,523
613908,13,38,43562,43562.0,471
613925,3,13,26469,26469.0,0
614000,14,38,56094,56094.0,0
614063,16,50,94083,94083.0,1081
614100,14,42,57601,57601.0,532
614106,12,39,61488,61488.0,1067
614122,12,29,40548,40548.0,1046
614164,16,45,53630,53630.0,2859
614219,17,49,85651,85651.0,0
614221,5,17,21708,21708.0,0
614246,15,47,68693,68693.0,955
614307,12,26,47512,47512.0,1562
614350,17,50,63590,63590.0,933
614373,15,35,46961,46961.0,2277
614377,3,10,19404,19404.0,0
614379,12,38,62525,62525.0,1310
614428,0,0,0,0.0,0
614441,14,35,47015,47015.0,1420
614574,8,19,24855,24855.0,0
614634,14,45,77436,77436.0,2687
614720,0,0,0,0.0,0
614721,8,41,66376,99564.0,1704
614782,10,20,23191,23191.0,509
614787,1,3,2448,2448.0,0
614810,12,33,52661,52661.0,575
614830,20,68,118184,118184.0,924
614871,2,5,5893,5893.0,686
615022,10,34,56447,56447.0,383
615054,11,29,31695,31695.0,487
615131,12,26,40923,40923.0,418
615201,17,41,59568,59568.0,1280
615214,14,45,54443,54443.0,0
615244,11,29,34665,34665.0,1501
615251,18,41,73534,73534.0,899
615327,11,29,43372,43372.0,0
615385,6,22,40217,40217.0,0
615394,13,39,52144,52144.0,1201
615411,16,54,81239,81239.0,1966
615439,30,72,113411,113411.0,2852
615459,5,52,82168,123252.0,631
615528,13,24,34658,34658.0,3957
615529,14,37,57226,57226.0,1788
615561,29,80,130152,130152.0,346
615578,16,42,53277,53277.0,1980
615617,11,26,42643,42643.0,680
615662,15,45,67784,67784.0,1753
615673,17,36,50818,50818.0,2252
615678,8,19,26029,26029.0,0
615826,13,34,49647,49647.0,975
615854,16,46,75223,75223.0,530
615945,5,7,11208,11208.0,0
615989,15,42,68474,68474.0,1679
616083,15,45,70281,70281.0,2703
616137,4,8,14167,14167.0,0
616162,19,40,66564,66564.0,789
616183,4,9,12338,12338.0,313
616207,3,6,9337,9337.0,585
616220,13,30,50816,50816.0,0
616226,14,43,64191,64191.0,0
616342,13,31,48572,48572.0,531
616350,11,26,41511,41511.0,0
616374,4,10,7739,7739.0,474
616416,13,34,40543,40543.0,919
616447,3,8,7462,7462.0,632
616500,13,36,58057,58057.0,861
616522,0,0,0,0.0,0
616611,0,0,0,0.0,0
616641,2,6,10095,10095.0,0
616650,15,36,58319,58319.0,543
616667,13,32,56724,56724.0,1637
616722,13,20,33317,33317.0,1065
616739,11,19,24237,24237.0,747
616746,8,20,27332,27332.0,549
616835,8,62,126853,190279.5,459
616857,12,28,47384,47384.0,1389
616875,11,28,48045,48045.0,0
616920,14,42,45981,45981.0,1607
616956,2,4,6939,6939.0,562
617008,11,31,48116,48116.0,386
617079,14,34,41565,41565.0,914
617099,16,39,54339,54339.0,760
617108,3,12,16880,16880.0,0
617171,14,43,65296,65296.0,853
617263,14,41,72450,72450.0,340
617296,12,26,39235,39235.0,834
617326,16,37,54704,54704.0,1560
617348,15,46,77396,77396.0,1562
617447,16,42,74850,74850.0,1911
617471,14,33,62705,62705.0,1103
617484,10,38,49535,49535.0,663
617489,30,74,113292,113292.0,3128
617516,10,28,29319,29319.0,1446
617670,17,45,61273,61273.0,804
617916,14,37,57228,57228.0,311
617960,14,37,57201,57201.0,628
618022,14,33,45310,45310.0,583
618089,7,12,13979,13979.0,506
618100,10,16,22953,22953.0,0
618112,11,29,47342,47342.0,0
618124,14,31,39034,39034.0,667
618226,4,13,22590,22590.0,0
618300,13,31,40818,40818.0,1010
618302,14,35,41917,41917.0,999
618309,13,32,41300,41300.0,0
618329,14,35,59735,59735.0,416
618379,15,50,71314,71314.0,584
618390,16,38,47945,47945.0,958
618409,13,41,56151,56151.0,517
618461,13,39,54603,54603.0,836
618494,9,25,31547,31547.0,0
618523,12,36,54986,54986.0,506
618524,13,28,45457,45457.0,345
618601,14,28,48978,48978.0,1796
618656,9,27,40948,40948.0,0
618719,17,48,82668,82668.0,1652
618731,13,37,48387,48387.0,717
618817,15,38,53786,53786.0,0
618823,13,30,39519,39519.0,383
618824,15,34,54228,54228.0,0
618830,19,61,77881,77881.0,644
618871,6,15,18778,18778.0,1358
618877,3,6,5301,5301.0,572
618886,12,38,50240,50240.0,857
619141,6,20,37655,37655.0,665
619268,18,42,59763,59763.0,335
619337,4,12,14490,14490.0,0
619404,13,32,38174,38174.0,651
619483,14,39,50602,50602.0,445
619537,13,36,48496,48496.0,1728
619548,12,39,58043,58043.0,1196
619596,5,10,15769,15769.0,353
619693,15,37,52933,52933.0,1784
619826,13,36,49315,49315.0,420
619840,17,39,57092,57092.0,0
619916,13,27,39348,39348.0,513
619920,19,58,90160,90160.0,1588
620078,5,64,71468,107202.0,813
620084,9,20,35911,35911.0,0
620094,16,48,52778,52778.0,1022
620122,16,41,68523,68523.0,1489
620406,14,31,48489,48489.0,1867
620446,12,37,62703,62703.0,485
620465,15,45,76983,76983.0,427
620480,14,35,52745,52745.0,985
620563,13,38,48908,48908.0,2512
620584,12,28,46056,46056.0,1631
620587,0,0,0,0.0,0
620674,1,2,4472,4472.0,0
620741,10,25,42022,42022.0,432
620792,4,11,20218,20218.0,0
620858,17,43,68675,68675.0,1174
620969,5,12,17455,17455.0,502
620990,6,22,34743,34743.0,610
621006,18,47,80732,80732.0,378
621072,6,57,107920,161880.0,0
621093,16,49,75428,75428.0,1065
621180,12,28,44559,44559.0,1703
621190,17,42,60448,60448.0,457
621218,18,49,66433,66433.0,517
621279,11,23,31939,31939.0,351
621583,18,43,66184,66184.0,0
621695,17,46,69201,69201.0,0
621731,9,28,46315,46315.0,501
621750,14,36,58321,58321.0,803
621814,13,41,67475,67475.0,366
621823,6,19,16724,16724.0,532
621832,15,36,45610,45610.0,513
621876,14,42,61586,61586.0,859
621940,6,14,18708,18708.0,1888
621951,16,39,67445,67445.0,1616
622006,16,43,59999,59999.0,916
622019,15,39,53922,53922.0,1497
622036,3,8,17017,17017.0,0
622171,1,5,6295,6295.0,0
622269,0,0,0,0.0,0
622302,3,9,12854,12854.0,0
622324,13,31,38618,38618.0,0
622334,13,33,33846,33846.0,0
622527,15,47,71170,71170.0,0
622610,10,25,33841,33841.0,453
622632,0,0,0,0.0,0
622697,12,26,43599,43599.0,0
622776,8,22,36944,36944.0,1170
622794,1,1,2245,2245.0,0
622801,0,0,0,0.0,0
622822,6,11,16979,16979.0,0
622883,16,42,62308,62308.0,925
622906,15,41,66307,66307.0,684
622953,0,0,0,0.0,0
622975,13,41,65788,65788.0,0
622992,0,0,0,0.0,0
623008,4,14,22900,22900.0,0
623071,9,23,45470,45470.0,730
623144,16,44,77053,77053.0,2221
623154,3,11,16302,16302.0,0
623222,11,33,43159,43159.0,769
623327,9,24,40771,40771.0,0
623341,0,0,0,0.0,0
623478,8,19,28612,28612.0,434
623537,14,39,59712,59712.0,1759
623569,13,35,31427,31427.0,879
623654,7,14,23389,23389.0,1518
623688,18,54,86566,86566.0,1839
623861,13,27,45168,45168.0,939
623903,13,38,67150,67150.0,875
623946,1,4,6372,6372.0,505
624065,10,27,37123,37123.0,992
624216,17,45,68719,68719.0,1626
624407,15,44,64032,64032.0,697
624463,14,37,61237,61237.0,1085
624485,0,0,0,0.0,0
624487,18,37,52941,52941.0,390
624528,0,0,0,0.0,0
624569,6,49,84645,126967.5,0
624621,6,13,23099,23099.0,1389
624704,5,16,30611,30611.0,0
624881,11,31,36510,36510.0,338
624929,17,50,75789,75789.0,2019
624935,16,41,64239,64239.0,706
624980,13,41,69088,69088.0,914
625033,15,40,57981,57981.0,1420
625123,18,35,53408,53408.0,0
625183,13,36,50033,50033.0,1181
625318,3,9,14680,14680.0,1210
625320,8,96,111648,167472.0,0
625434,21,46,66341,66341.0,1556
625451,15,32,41134,41134.0,2314
625458,13,32,47562,47562.0,504
625497,17,43,72001,72001.0,1768
625524,13,26,45954,45954.0,507
625557,16,40,64281,64281.0,889
625599,13,40,71066,71066.0,972
625621,15,37,50989,50989.0,0
625784,12,32,55197,55197.0,1137
625859,12,35,61746,61746.0,364
625870,17,45,63589,63589.0,546
625945,12,37,56421,56421.0,383
626030,12,35,59287,59287.0,439
626046,2,7,13343,13343.0,0
626068,2,4,8216,8216.0,0
626070,0,0,0,0.0,0
626149,17,54,81105,81105.0,1525
626211,12,31,40572,40572.0,746
626217,0,0,0,0.0,0
626312,0,0,0,0.0,0
626326,0,0,0,0.0,0
626474,19,46,69108,69108.0,1691
626510,0,0,0,0.0,0
626542,15,35,49252,49252.0,2583
626560,5,33,45601,68401.5,643
626664,16,42,70094,70094.0,1360
626746,11,28,38452,38452.0,1035
626762,11,29,44902,44902.0,0
626767,7,19,26373,26373.0,441
626973,14,37,53853,53853.0,430
627107,1,3,6057,6057.0,0
627191,5,14,16462,16462.0,532
627244,0,0,0,0.0,0
627354,16,48,67598,67598.0,1236
627373,3,3,4417,4417.0,0
627428,15,48,64653,64653.0,434
627485,19,53,78965,78965.0,341
627489,17,42,63928,63928.0,3185
627502,3,8,16443,16443.0,0
627568,3,7,10174,10174.0,0
627670,14,43,60744,60744.0,1031
627778,10,20,35881,35881.0,2142
627791,12,31,54377,54377.0,0
627826,13,28,44495,44495.0,1612
627869,0,0,0,0.0,0
627893,13,36,58573,58573.0,485
627913,0,0,0,0.0,0
627915,15,38,58588,58588.0,1626
627970,14,32,50463,50463.0,0
628017,15,36,60691,60691.0,1168
628081,13,31,52869,52869.0,0
628096,15,49,74463,74463.0,0
628130,15,39,54314,54314.0,0
628169,18,54,92055,92055.0,2327
628180,13,35,56146,56146.0,1108
628211,16,57,82775,82775.0,885
628258,17,53,87422,87422.0,1341
628320,13,37,58786,58786.0,569
628409,14,39,69625,69625.0,975
628431,13,35,59185,59185.0,2584
628452,0,0,0,0.0,0
628475,17,49,68036,68036.0,1609
628533,15,36,53255,53255.0,1572
628578,14,47,71265,71265.0,449
628596,15,39,55538,55538.0,439
628618,16,50,80357,80357.0,1360
628669,14,32,49066,49066.0,1546
628837,1,1,870,870.0,0
628840,4,12,17552,17552.0,0
628844,10,28,43966,43966.0,491
628860,16,45,70276,70276.0,1502
628917,11,25,36015,36015.0,1829
628924,16,45,57941,57941.0,3550
628952,13,31,48306,48306.0,507
629177,13,32,37656,37656.0,569
629267,0,0,0,0.0,0
629299,10,23,40634,40634.0,0
629341,0,0,0,0.0,0
629394,10,30,52695,52695.0,1101
629410,18,35,50430,50430.0,1158
629642,16,38,53540,53540.0,1701
629706,14,38,68858,68858.0,1533
629753,14,43,78369,78369.0,0
629966,2,7,6497,6497.0,501
629995,3,5,8242,8242.0,0
630034,10,29,51102,51102.0,338
630071,15,38,64704,64704.0,1385
630209,7,19,30341,30341.0,1038
630265,17,42,58175,58175.0,1094
630290,6,13,18178,18178.0,0
630320,15,50,87384,87384.0,0
630338,13,40,50698,50698.0,594
630396,17,49,69066,69066.0,363
630588,17,51,90358,90358.0,0
630694,2,5,6546,6546.0,561
630711,12,30,55539,55539.0,356
630869,12,40,55580,55580.0,1248
630880,12,20,29466,29466.0,315
630920,5,47,57319,85978.5,0
631051,13,34,40366,40366.0,1013
631070,5,30,50200,75300.0,650
631100,1,4,4432,4432.0,454
631200,10,22,35957,35957.0,1170
631232,0,0,0,0.0,0
631369,0,0,0,0.0,0
631379,20,50,67855,67855.0,0
631406,10,31,39892,39892.0,1731
631442,0,0,0,0.0,0
631543,17,54,76085,76085.0,1692
631557,13,32,49329,49329.0,1624
631583,14,33,56277,56277.0,496
631661,13,33,43871,43871.0,866
631683,13,38,50358,50358.0,2108
631704,18,62,97446,97446.0,905
631714,0,0,0,0.0,0
631801,7,49,79453,119179.5,0
631821,11,29,54832,54832.0,1210
631839,14,39,46849,46849.0,302
631853,19,64,96730,96730.0,1858
631854,18,38,63187,63187.0,1210
631869,16,37,65281,65281.0,506
632097,19,39,58889,58889.0,0
632103,13,30,45670,45670.0,2168
632130,17,49,77331,77331.0,0
632199,21,56,80884,80884.0,2645
632352,14,40,64459,64459.0,429
632398,17,43,55982,55982.0,1483
632399,15,35,58093,58093.0,870
632435,10,30,42755,42755.0,1235
632515,6,75,100562,150843.0,672
632556,13,41,71361,71361.0,1021
632638,17,52,86111,86111.0,407
632720,18,53,80636,80636.0,551
632793,15,33,39155,39155.0,506
632816,0,0,0,0.0,0
632826,17,42,62966,62966.0,925
632951,3,9,12355,12355.0,507
632974,3,12,22866,22866.0,508
632981,14,30,42149,42149.0,0
633067,0,0,0,0.0,0
633135,13,32,55154,55154.0,546
633140,18,52,87285,87285.0,1221
633162,0,0,0,0.0,511
633202,19,44,77583,77583.0,2075
633299,12,32,54049,54049.0,484
633330,13,29,38331,38331.0,0
633332,2,5,8909,8909.0,0
633339,0,0,0,0.0,0
633458,13,32,47369,47369.0,948
633490,0,0,0,0.0,0
633627,10,24,23579,23579.0,2162
633631,10,31,46669,46669.0,0
633640,20,61,91425,91425.0,1829
633734,5,17,27282,27282.0,0
633749,15,31,45607,45607.0,658
633787,13,36,52629,52629.0,1802
633861,16,37,54506,54506.0,619
633910,3,13,14911,14911.0,1940
633938,16,41,55922,55922.0,0
633992,13,23,34818,34818.0,805
633999,9,22,25670,25670.0,462
634181,14,40,46607,46607.0,443
634185,12,31,43837,43837.0,442
634269,7,16,22644,22644.0,0
634328,0,0,0,0.0,0
634386,15,44,68652,68652.0,2060
634392,10,20,22466,22466.0,0
634418,16,53,75108,75108.0,0
634423,15,42,63952,63952.0,1228
634503,16,47,66981,66981.0,0
634615,9,69,96206,144309.0,432
634727,9,34,46495,46495.0,0
634807,16,40,61046,61046.0,1454
634850,16,46,76911,76911.0,1649
634900,15,50,81374,81374.0,943
634916,10,27,41167,41167.0,0
635026,0,0,0,0.0,0
635084,14,40,57851,57851.0,0
635162,10,21,35662,35662.0,0
635225,15,41,58466,58466.0,1191
635249,14,33,47318,47318.0,543
635302,7,37,61176,91764.0,657
635334,11,27,40616,40616.0,0
635398,0,0,0,0.0,0
635509,7,21,30303,30303.0,0
635517,4,11,14916,14916.0,0
635531,15,38,68918,68918.0,1494
635616,16,50,88530,88530.0,980
635715,15,35,51330,51330.0,0
635719,14,43,72944,72944.0,1017
635805,8,23,36536,36536.0,634
635907,5,15,19077,19077.0,0
636000,13,32,48829,48829.0,532
636012,13,32,49937,49937.0,1001
636017,7,20,22789,22789.0,0
636045,11,33,51148,51148.0,388
636177,14,29,41186,41186.0,405
636206,0,0,0,0.0,0
636213,14,29,35994,35994.0,1054
636293,15,40,61317,61317.0,0
636413,16,47,68571,68571.0,1111
636505,13,28,45297,45297.0,2101
636533,3,3,4585,4585.0,0
636673,13,27,47536,47536.0,0
636745,0,0,0,0.0,0
636749,14,41,72582,72582.0,0
636753,15,35,55124,55124.0,970
636813,11,26,40718,40718.0,482
636965,13,40,68080,68080.0,518
637100,0,0,0,0.0,0
637151,8,22,36268,36268.0,1594
637235,0,0,0,0.0,0
637249,15,35,55356,55356.0,1371
637396,14,36,67233,67233.0,793
637453,0,0,0,0.0,0
637532,14,47,67402,67402.0,1111
637580,14,42,63829,63829.0,1905
637641,16,61,85801,85801.0,476
637655,14,36,47385,47385.0,1531
637687,13,33,54992,54992.0,1779
637721,14,42,71216,71216.0,0
637760,14,40,54798,54798.0,2037
637765,13,27,45348,45348.0,872
637927,2,7,11102,11102.0,582
637986,16,43,63417,63417.0,1894
638004,8,21,35943,35943.0,816
638085,0,0,0,0.0,0
638152,15,34,53713,53713.0,1052
638162,14,38,60475,60475.0,1162
638207,11,30,56322,56322.0,0
638237,9,22,28183,28183.0,377
638253,18,49,76605,76605.0,1480
638264,4,10,16607,16607.0,440
638368,14,37,60912,60912.0,0
638389,13,33,46229,46229.0,1239
638466,1,4,9472,9472.0,0
638469,7,77,116940,175410.0,798
638495,13,32,48883,48883.0,846
638506,18,48,79395,79395.0,3176
638528,0,0,0,0.0,0
638602,14,39,57935,57935.0,1342
638618,14,35,51470,51470.0,0
638685,13,39,59144,59144.0,689
638732,17,44,52279,52279.0,1018
638733,15,40,72884,72884.0,3391
638740,0,0,0,0.0,0
638754,1,1,2262,2262.0,0
638804,12,29,36326,36326.0,1381
639116,3,8,14574,14574.0,0
639117,12,35,46792,46792.0,1667
639145,12,35,54516,54516.0,1336
639258,5,14,14348,14348.0,0
639346,0,0,0,0.0,0
639383,2,5,9464,9464.0,0
639419,13,27,43541,43541.0,2835
639466,4,13,16355,16355.0,0
639510,15,48,57417,57417.0,985
639584,0,0,0,0.0,0
639613,17,48,72831,72831.0,721
639626,3,12,18213,18213.0,348
639701,16,45,66420,66420.0,1537
639705,17,44,60783,60783.0,1599
639807,16,42,59387,59387.0,385
640009,7,14,19173,19173.0,450
640082,13,33,50817,50817.0,552
640110,13,39,64875,64875.0,0
640116,10,24,37216,37216.0,1688
640163,3,3,3947,3947.0,0
640238,11,29,43095,43095.0,2402
640244,12,34,57899,57899.0,1552
640285,13,30,48587,48587.0,510
640418,14,39,50964,50964.0,1196
640555,11,33,61686,61686.0,385
640588,11,25,36215,36215.0,431
640614,17,48,53498,53498.0,1697
640831,16,40,63281,63281.0,1570
640833,17,43,67187,67187.0,347
640920,1,2,2010,2010.0,0
641039,7,19,29348,29348.0,1530
641050,15,44,72751,72751.0,900
641103,12,41,59517,59517.0,0
641121,0,0,0,0.0,0
641123,19,53,89354,89354.0,1611
641159,12,34,38716,38716.0,2516
641160,13,34,60809,60809.0,1569
641162,3,9,12820,12820.0,0
641164,12,38,53604,53604.0,985
641189,12,31,48407,48407.0,812
641327,16,41,59448,59448.0,315
641384,8,20,35295,35295.0,344
641448,13,39,49132,49132.0,2261
641586,16,39,58412,58412.0,593
641612,8,68,112012,168018.0,722
641642,8,19,19515,19515.0,1346
641704,16,28,39056,39056.0,1125
641734,17,53,78085,78085.0,620
641827,0,0,0,0.0,0
641869,16,43,54519,54519.0,1035
641879,9,31,43127,43127.0,523
641884,16,42,58559,58559.0,1400
641903,0,0,0,0.0,0
641970,16,42,67076,67076.0,916
641997,18,44,77286,77286.0,604
642000,17,48,73122,73122.0,399
642002,12,38,58287,58287.0,516
642020,29,71,105069,105069.0,964
642031,1,4,8760,8760.0,0
642043,14,33,40615,40615.0,1052
642099,14,39,59265,59265.0,1571
642102,15,52,73875,73875.0,1168
642109,17,46,60699,60699.0,816
642247,0,0,0,0.0,0
642313,13,33,47139,47139.0,1506
642323,7,14,25959,25959.0,520
642401,7,17,22486,22486.0,1173
642409,1,3,1752,1752.0,0
642449,9,24,37067,37067.0,494
642485,8,19,31920,31920.0,457
642738,5,12,23457,23457.0,0
642784,0,0,0,0.0,0
642808,14,28,48420,48420.0,1947
642901,14,39,52008,52008.0,547
642976,6,52,62374,93561.0,1194
643026,13,31,52362,52362.0,944
643059,15,54,91330,91330.0,1603
643099,1,4,3212,3212.0,0
643117,11,28,45342,45342.0,1421
643225,16,38,54450,54450.0,408
643300,15,38,58482,58482.0,0
643362,7,18,24423,24423.0,0
643364,9,26,35562,35562.0,1566
643476,7,59,86783,130174.5,812
643480,10,27,34892,34892.0,758
643507,10,28,37022,37022.0,0
643605,17,41,42707,42707.0,3306
643643,1,4,8432,8432.0,0
643669,16,36,58600,58600.0,1836
643705,12,28,41708,41708.0,1189
643854,15,36,58225,58225.0,514
643912,18,43,57119,57119.0,1621
644014,13,32,42404,42404.0,453
644017,14,33,46892,46892.0,505
644163,13,35,56244,56244.0,497
644251,19,45,59778,59778.0,1110
644265,16,42,48414,48414.0,1779
644374,12,32,35592,35592.0,1682
644390,17,46,74667,74667.0,534
644417,6,22,35107,35107.0,1070
644434,18,41,55128,55128.0,1131
644551,17,51,78258,78258.0,1034
644630,15,34,51994,51994.0,800
644652,17,58,74408,74408.0,491
644769,16,48,78156,78156.0,907
644786,13,34,56394,56394.0,363
644865,15,32,55705,55705.0,353
644893,6,22,34913,34913.0,0
644938,16,39,59885,59885.0,877
644945,19,41,72497,72497.0,3039
645057,14,34,57520,57520.0,1228
645072,15,34,52872,52872.0,2908
645078,1,3,4350,4350.0,548
645081,9,32,46192,46192.0,0
645114,7,13,23001,23001.0,858
645145,13,30,46739,46739.0,516
645147,18,39,53822,53822.0,1003
645244,14,36,43065,43065.0,978
645265,16,32,45483,45483.0,381
645280,15,43,62923,62923.0,813
645333,0,0,0,0.0,0
645450,12,25,42476,42476.0,0
645508,13,43,72890,72890.0,1484
645566,13,29,39708,39708.0,321
645600,14,35,51718,51718.0,1045
645635,0,0,0,0.0,0
645653,19,60,92295,92295.0,396
645688,12,21,29712,29712.0,0
645712,14,45,71147,71147.0,409
645742,0,0,0,0.0,0
645895,17,44,60699,60699.0,2926
645919,7,42,57252,85878.0,0
645927,8,21,36492,36492.0,731
645986,14,38,62899,62899.0,997
646022,16,43,66069,66069.0,421
646023,2,4,8388,8388.0,513
646038,13,36,60237,60237.0,362
646137,13,27,42035,42035.0,1120
646168,13,35,50221,50221.0,615
646178,13,41,59488,59488.0,538
646187,7,21,31062,31062.0,0
646189,12,32,55217,55217.0,396
646198,5,12,19381,19381.0,1106
646225,15,33,35308,35308.0,0
646262,0,0,0,0.0,0
646277,14,37,57587,57587.0,1562
646289,0,0,0,0.0,0
646359,15,42,61474,61474.0,0
646399,11,29,41841,41841.0,0
646502,11,23,32661,32661.0,2145
646519,13,34,44979,44979.0,955
646756,0,0,0,0.0,0
646935,12,29,46559,46559.0,964
647005,3,6,8468,8468.0,0
647041,15,45,68647,68647.0,396
647133,11,26,41805,41805.0,1580
647214,15,44,61106,61106.0,462
647393,0,0,0,0.0,0
647491,17,46,70130,70130.0,2119
647658,3,40,35064,52596.0,424
647672,12,31,43946,43946.0,435
647684,14,36,56108,56108.0,493
647726,14,49,81994,81994.0,399
647791,8,22,24447,24447.0,0
647894,13,27,46374,46374.0,401
647933,1,1,1789,1789.0,0
647956,7,15,17156,17156.0,852
648043,12,41,64617,64617.0,964
648077,16,39,65414,65414.0,1000
648231,3,7,15811,15811.0,623
648286,0,0,0,0.0,0
648365,17,44,57653,57653.0,0
648380,15,32,44040,44040.0,2105
648432,12,28,35064,35064.0,1353
648455,19,46,72849,72849.0,345
648533,12,31,52538,52538.0,3096
648575,16,50,77589,77589.0,342
648586,14,40,53117,53117.0,482
648596,10,26,39659,39659.0,0
648648,13,26,35022,35022.0,399
648653,11,30,46064,46064.0,0
648924,9,23,31490,31490.0,786
649052,9,29,42436,42436.0,0
649054,14,37,67885,67885.0,0
649089,6,68,68892,103338.0,0
649104,14,44,64481,64481.0,556
649194,17,36,54919,54919.0,875
649321,13,40,53245,53245.0,967
649404,0,0,0,0.0,0
649422,14,34,53755,53755.0,1027
649442,12,29,35142,35142.0,422
649487,6,16,22561,22561.0,0
649656,13,39,53914,53914.0,1291
649680,7,22,40988,40988.0,419
649770,9,19,31232,31232.0,457
649802,13,26,36858,36858.0,537
649855,16,35,60371,60371.0,0
649918,3,5,10133,10133.0,1137
649961,15,41,55964,55964.0,1430
649972,8,15,25493,25493.0,1262
649994,19,54,80895,80895.0,989
650290,7,16,25524,25524.0,463
650358,14,33,47129,47129.0,769
650366,0,0,0,0.0,0
650377,12,33,52949,52949.0,778
650420,14,41,61735,61735.0,1083
650445,21,69,82188,82188.0,853
650466,31,78,133864,133864.0,562
650486,14,36,54560,54560.0,1095
650529,13,38,69087,69087.0,2165
650553,14,42,75153,75153.0,472
650621,12,31,39460,39460.0,1736
650657,17,41,64797,64797.0,1265
650704,14,35,46027,46027.0,1215
650721,8,20,27947,27947.0,1593
650801,0,0,0,0.0,0
650870,18,41,53119,53119.0,3217
650957,0,0,0,0.0,0
651006,11,28,44845,44845.0,890
651020,12,38,62813,62813.0,415
651054,3,7,11831,11831.0,672
651097,15,43,59052,59052.0,990
651210,0,0,0,0.0,0
651250,11,27,42296,42296.0,1055
651277,0,0,0,0.0,0
651281,16,37,54031,54031.0,1122
651377,18,54,74120,74120.0,886
651469,0,0,0,0.0,0
651605,19,55,95718,95718.0,2177
651622,16,38,46625,46625.0,1344
651631,16,37,52769,52769.0,0
651645,5,30,39134,58701.0,0
651694,18,54,82200,82200.0,2528
651740,15,45,64240,64240.0,0
651835,12,32,46542,46542.0,1337
651959,14,33,43228,43228.0,0
652034,13,38,50643,50643.0,1017
652047,15,40,46814,46814.0,767
652194,15,42,66520,66520.0,815
652212,14,35,53797,53797.0,324
652291,15,38,54402,54402.0,1431
652300,0,0,0,0.0,0
652357,0,0,0,0.0,0
652370,15,36,50958,50958.0,526
652374,7,29,49767,49767.0,0
652394,14,41,61824,61824.0,1024
652431,0,0,0,0.0,0
652498,14,36,63262,63262.0,1181
652499,3,9,15654,15654.0,0
652501,18,48,58187,58187.0,881
652518,14,39,67138,67138.0,492
652614,12,26,36717,36717.0,3289
652627,0,0,0,0.0,0
652636,2,5,7408,7408.0,0
652642,12,23,37931,37931.0,792
652741,6,42,43180,64770.0,0
652756,5,10,15515,15515.0,0
652781,0,0,0,0.0,0
652790,11,25,29964,29964.0,0
652809,0,0,0,0.0,0
652816,15,43,72632,72632.0,1149
652852,13,29,51745,51745.0,652
652862,13,41,63960,63960.0,0
653015,12,25,39933,39933.0,497
653070,16,42,65326,65326.0,762
653081,19,55,77346,77346.0,2400
653191,11,28,30846,30846.0,382
653259,14,37,51428,51428.0,562
653304,4,33,64556,96834.0,697
653324,4,13,26681,26681.0,511
653337,18,48,72988,72988.0,1643
653340,13,36,56165,56165.0,495
653354,7,21,26809,26809.0,544
653400,13,38,58367,58367.0,1750
653441,13,33,44488,44488.0,886
653539,14,37,56751,56751.0,2463
653542,19,45,60423,60423.0,2071
653572,13,36,52885,52885.0,1354
653636,15,35,56656,56656.0,807
653637,14,39,48108,48108.0,881
653698,17,56,94100,94100.0,1663
653851,10,19,29030,29030.0,533
653890,0,0,0,0.0,0
653973,10,26,37076,37076.0,0
654073,12,41,55948,55948.0,725
654086,13,42,62195,62195.0,939
654122,13,41,68769,68769.0,0
654187,16,39,54984,54984.0,779
654225,5,18,24229,24229.0,0
654249,2,5,11121,11121.0,0
654288,14,37,59111,59111.0,379
654389,9,62,106288,159432.0,569
654433,11,24,42754,42754.0,657
654540,5,62,109732,164598.0,0
654578,17,40,63291,63291.0,1029
654748,5,12,16433,16433.0,0
654751,18,45,68320,68320.0,500
654817,15,36,56000,56000.0,1320
654890,16,37,56185,56185.0,1004
654919,0,0,0,0.0,0
654941,14,38,54304,54304.0,348
654983,0,0,0,0.0,0
655016,5,13,18562,18562.0,0
655039,2,4,4409,4409.0,0
655044,10,25,41364,41364.0,931
655082,18,45,74472,74472.0,1345
655085,6,18,26558,26558.0,706
655263,0,0,0,0.0,0
655325,13,36,59668,59668.0,453
655453,12,30,49722,49722.0,396
655473,0,0,0,0.0,0
655480,16,37,52114,52114.0,1057
655614,0,0,0,0.0,0
655715,19,48,82406,82406.0,1832
655721,6,72,102448,153672.0,673
655743,16,43,70808,70808.0,1975
655892,14,34,61112,61112.0,0
655957,15,42,64103,64103.0,841
655995,0,0,0,0.0,0
656027,7,48,90728,136092.0,0
656036,5,12,17224,17224.0,439
656288,16,41,49729,49729.0,1618
656360,17,44,75177,75177.0,2167
656415,15,46,53835,53835.0,449
656454,1,2,3860,3860.0,0
656487,17,46,72162,72162.0,0
656572,12,31,36065,36065.0,602
656639,14,41,60121,60121.0,0
656650,18,43,51481,51481.0,1031
656858,0,0,0,0.0,0
656942,12,34,48280,48280.0,643
656958,0,0,0,0.0,0
656993,2,2,3426,3426.0,0
657116,15,49,69990,69990.0,490
657118,15,52,78004,78004.0,1039
657339,14,43,69860,69860.0,525
657492,19,47,71520,71520.0,776
657668,10,35,55039,55039.0,1046
657730,6,20,27931,27931.0,0
657748,14,34,43609,43609.0,1599
657777,0,0,0,0.0,0
657842,7,76,136948,205422.0,467
657865,16,38,54204,54204.0,2268
657946,5,30,52798,79197.0,741
657980,0,0,0,0.0,0
658076,3,9,12196,12196.0,0
658175,13,29,36344,36344.0,2081
658257,0,0,0,0.0,0
658310,11,24,39631,39631.0,0
658330,14,30,48042,48042.0,2211
658407,9,28,45811,45811.0,1143
658546,12,31,55052,55052.0,994
658726,4,8,9426,9426.0,0
658861,18,49,81617,81617.0,1338
658996,11,29,34382,34382.0,0
659011,12,35,58222,58222.0,860
659112,13,35,42212,42212.0,633
659147,17,50,75446,75446.0,3377
659205,17,45,68786,68786.0,1059
659251,14,36,40720,40720.0,1289
659400,15,43,55313,55313.0,432
659419,13,35,58734,58734.0,0
659454,0,0,0,0.0,0
659481,8,22,30109,30109.0,430
659536,15,46,58626,58626.0,1024
659607,18,52,64730,64730.0,415
659637,17,46,60704,60704.0,2215
659731,0,0,0,0.0,0
659767,10,26,45093,45093.0,1467
659781,14,36,36230,36230.0,515
659792,0,0,0,0.0,0
659882,8,26,36261,36261.0,746
659967,12,39,70154,70154.0,1752
660030,21,53,61744,61744.0,2028
660047,11,35,58044,58044.0,1525
660098,0,0,0,0.0,0
660119,16,48,69490,69490.0,396
660178,14,44,61744,61744.0,1138
660197,14,36,59276,59276.0,966
660294,14,35,50988,50988.0,914
660349,0,0,0,0.0,0
660376,12,29,41394,41394.0,1295
660395,15,49,77040,77040.0,0
660436,16,42,54311,54311.0,926
660457,10,24,40940,40940.0,705
660554,8,17,25161,25161.0,1258
660684,11,31,48381,48381.0,0
660768,14,38,51949,51949.0,718
660922,13,39,58414,58414.0,886
660958,15,37,53139,53139.0,468
661035,9,17,26518,26518.0,639
661050,14,40,61613,61613.0,1143
661054,15,36,51372,51372.0,0
661069,6,17,21629,21629.0,0
661088,13,35,50012,50012.0,704
661118,15,44,61036,61036.0,0
661150,16,47,76374,76374.0,436
661193,16,37,45459,45459.0,507
661274,15,39,63267,63267.0,2485
661321,11,41,49945,49945.0,0
661411,14,34,40469,40469.0,559
661442,0,0,0,0.0,0
661451,15,35,50246,50246.0,955
661469,12,37,50993,50993.0,1109
661487,11,35,52558,52558.0,1043
661502,17,54,79392,79392.0,342
661546,0,0,0,0.0,0
661587,4,15,20234,20234.0,0
661708,9,23,37955,37955.0,668
661744,15,37,47717,47717.0,437
662022,16,49,54371,54371.0,1056
662045,8,75,138524,207786.0,1301
662164,10,24,39327,39327.0,0
662166,13,31,47071,47071.0,869
662209,13,36,50927,50927.0,537
662268,14,36,56901,56901.0,1310
662272,8,20,29043,29043.0,0
662380,13,37,60552,60552.0,353
662392,1,2,1448,1448.0,0
662406,15,41,60470,60470.0,1069
662489,2,4,8626,8626.0,0
662521,17,41,68247,68247.0,2214
662594,13,30,37834,37834.0,978
662665,12,37,39711,39711.0,1192
662723,0,0,0,0.0,0
662750,17,49,67504,67504.0,0
662848,16,45,58533,58533.0,1414
662880,16,45,61292,61292.0,710
662934,5,52,53264,79896.0,0
662936,14,31,41483,41483.0,812
662973,14,32,48927,48927.0,518
663062,9,25,33740,33740.0,928
663067,18,46,59004,59004.0,0
663072,0,0,0,0.0,0
663098,0,0,0,0.0,0
663133,16,42,68681,68681.0,671
663150,13,43,58780,58780.0,1280
663213,6,76,114030,171045.0,522
663270,12,30,39068,39068.0,1081
663343,14,37,59407,59407.0,369
663382,12,29,50614,50614.0,739
663402,11,34,58784,58784.0,0
663416,18,46,59082,59082.0,534
663422,10,27,43954,43954.0,658
663513,15,49,62975,62975.0,378
663514,19,47,70789,70789.0,591
663521,14,44,62643,62643.0,976
663573,9,83,110577,165865.5,0
663641,0,0,0,0.0,0
663659,5,41,43943,65914.5,1373
663719,13,34,35357,35357.0,2301
663746,4,10,11204,11204.0,0
663757,11,23,41609,41609.0,1391
663897,2,3,6156,6156.0,0
663918,15,43,53323,53323.0,1465
663975,0,0,0,0.0,0
664008,5,19,21022,21022.0,579
664034,9,25,37510,37510.0,1483
664052,15,52,73280,73280.0,0
664054,18,53,78878,78878.0,530
664062,13,26,40306,40306.0,0
664084,15,47,62444,62444.0,916
664112,11,26,50287,50287.0,516
664183,1,1,1612,1612.0,0
664277,16,39,53701,53701.0,1137
664379,12,29,44029,44029.0,1723
664493,13,31,48466,48466.0,1580
664666,13,33,48374,48374.0,426
664684,7,64,95598,143397.0,1271
664705,15,40,54260,54260.0,0
664737,15,40,54187,54187.0,852
664759,8,15,25362,25362.0,496
664771,12,32,49914,49914.0,2039
664799,9,32,37132,37132.0,1231
664856,12,27,37604,37604.0,0
665024,11,29,41575,41575.0,0
665031,0,0,0,0.0,0
665100,13,29,40975,40975.0,1246
665373,4,10,15528,15528.0,0
665374,0,0,0,0.0,0
665403,19,54,78771,78771.0,1473
665454,2,5,8708,8708.0,0
665467,13,35,46049,46049.0,978
665533,0,0,0,0.0,0
665548,16,43,68189,68189.0,939
665645,1,3,4413,4413.0,498
665646,9,25,34096,34096.0,1765
665679,9,24,43833,43833.0,949
665701,12,30,48341,48341.0,587
665763,0,0,0,0.0,0
665773,2,3,3368,3368.0,0
665890,15,48,75311,75311.0,1399
666189,5,46,57244,85866.0,0
666222,19,51,79422,79422.0,443
666301,12,34,43917,43917.0,1354
666337,15,36,50461,50461.0,1756
666381,15,37,60919,60919.0,0
666417,11,26,42757,42757.0,1946
666473,17,39,57426,57426.0,0
666504,17,47,61119,61119.0,1800
666556,17,42,63678,63678.0,940
666572,11,26,34872,34872.0,0
666597,10,25,41182,41182.0,1117
666608,15,36,44272,44272.0,910
666667,10,25,33441,33441.0,531
666680,10,25,36101,36101.0,1102
666702,4,13,26342,26342.0,394
666761,4,7,14676,14676.0,362
666877,12,33,31679,31679.0,338
666878,13,35,49563,49563.0,696
666933,18,53,78510,78510.0,465
666952,12,30,52584,52584.0,1664
667041,14,48,74025,74025.0,1402
667117,17,43,56009,56009.0,1619
667157,2,3,6004,6004.0,478
667262,15,35,56659,56659.0,750
667275,6,15,23638,23638.0,1306
667293,10,21,30790,30790.0,766
667314,9,23,29727,29727.0,1025
667341,14,31,43680,43680.0,972
667356,1,1,1409,1409.0,358
667398,5,14,16530,16530.0,0
667517,5,34,63299,94948.5,0
667615,10,23,35685,35685.0,0
667634,13,33,45979,45979.0,1021
667678,0,0,0,0.0,0
667687,1,2,4376,4376.0,0
667692,12,38,49920,49920.0,409
667718,0,0,0,0.0,0
667767,12,37,50166,50166.0,791
667781,15,40,65851,65851.0,496
667798,1,1,748,748.0,0
667800,0,0,0,0.0,0
667860,11,30,40726,40726.0,1165
667901,14,37,66025,66025.0,2154
667974,13,34,54727,54727.0,0
668000,15,40,66339,66339.0,580
668020,16,37,56814,56814.0,1811
668136,11,30,48023,48023.0,432
668213,11,30,47868,47868.0,565
668235,5,72,55852,83778.0,0
668253,15,40,64857,64857.0,597
668325,14,33,53040,53040.0,0
668510,15,47,61441,61441.0,1029
668576,9,32,58260,58260.0,1521
668599,14,45,65363,65363.0,381
668624,11,29,43520,43520.0,1246
668692,15,42,59499,59499.0,490
668843,10,21,29285,29285.0,0
668865,11,27,41095,41095.0,0
668959,14,40,49268,49268.0,486
668968,8,59,87606,131409.0,675
668970,5,39,63130,94695.0,0
669028,14,40,62137,62137.0,1199
669065,16,42,62929,62929.0,1626
669066,18,50,73861,73861.0,1186
669222,13,37,49407,49407.0,529
669368,17,40,57923,57923.0,1173
669373,18,49,79084,79084.0,3908
669493,1,2,3386,3386.0,0
669501,15,31,44096,44096.0,1440
669810,17,54,79215,79215.0,2357
669812,11,33,58650,58650.0,1513
669890,16,40,54697,54697.0,1409
669894,14,48,63091,63091.0,989
669978,14,42,68235,68235.0,992
670000,18,48,66404,66404.0,0
670002,9,22,29809,29809.0,0
670040,12,31,47006,47006.0,542
670131,12,34,64987,64987.0,900
670210,11,31,44601,44601.0,698
670215,18,46,73301,73301.0,1632
670230,0,0,0,0.0,0
670289,5,10,16456,16456.0,0
670294,15,37,54101,54101.0,1324
670371,12,19,23658,23658.0,443
670430,13,32,48625,48625.0,723
670606,14,38,49602,49602.0,0
670666,13,35,47732,47732.0,738
670686,11,24,36605,36605.0,0
670751,14,47,72395,72395.0,1653
670817,16,44,64176,64176.0,682
670836,3,5,7194,7194.0,434
670939,5,38,38534,57801.0,546
670981,0,0,0,0.0,0
670985,15,41,69631,69631.0,1533
671077,8,19,35176,35176.0,630
671115,15,49,73693,73693.0,0
671119,14,42,57309,57309.0,848
671173,9,18,24857,24857.0,1046
671309,1,1,671,671.0,0
671359,3,10,13907,13907.0,0
671368,15,52,67717,67717.0,2042
671383,15,36,42980,42980.0,1473
671528,14,33,51832,51832.0,1575
671534,10,30,50287,50287.0,1578
671628,9,22,39755,39755.0,582
671639,14,47,72336,72336.0,696
671764,8,63,88357,132535.5,501
671803,17,46,69982,69982.0,1049
671849,11,32,47102,47102.0,1034
671906,0,0,0,0.0,0
671911,11,22,27136,27136.0,595
671928,14,30,49612,49612.0,1197
671933,16,49,61238,61238.0,977
672039,11,28,49844,49844.0,775
672089,11,33,45355,45355.0,1124
672103,16,40,47963,47963.0,2363
672170,15,35,44184,44184.0,1660
672236,13,40,51417,51417.0,2237
672255,2,6,5479,5479.0,0
672308,10,27,39538,39538.0,1072
672336,13,35,50826,50826.0,1391
672391,2,4,6820,6820.0,0
672395,12,27,38886,38886.0,1642
672430,15,36,45175,45175.0,1306
672431,15,38,43925,43925.0,0
672570,14,47,70097,70097.0,447
672582,0,0,0,0.0,0
672600,14,35,45473,45473.0,1247
672635,3,33,72767,109150.5,404
672649,3,34,56924,85386.0,0
672679,3,9,15264,15264.0,0
672781,12,23,34351,34351.0,1089
672819,1,4,9252,9252.0,0
672893,12,27,37750,37750.0,686
672904,17,55,91985,91985.0,705
672917,0,0,0,0.0,0
673054,13,34,51906,51906.0,1734
673061,3,7,7508,7508.0,0
673192,16,47,79051,79051.0,779
673301,15,36,60946,60946.0,1563
673399,15,40,51313,51313.0,370
673401,16,31,52358,52358.0,823
673424,15,42,69406,69406.0,2225
673492,8,60,84050,126075.0,0
673872,2,3,5737,5737.0,0
673934,11,24,37197,37197.0,650
674118,15,38,53477,53477.0,1565
674281,17,48,75382,75382.0,692
674327,16,48,77541,77541.0,869
674372,3,5,7669,7669.0,0
674375,2,7,6414,6414.0,360
674394,14,39,59153,59153.0,1837
674462,12,40,53811,53811.0,450
674497,13,36,49859,49859.0,2738
674637,6,45,65448,98172.0,1022
674643,5,20,28839,28839.0,0
674689,12,29,38229,38229.0,0
674738,7,20,36183,36183.0,813
674781,10,23,35373,35373.0,474
674805,17,42,55321,55321.0,903
674876,5,9,17527,17527.0,489
674923,13,36,45653,45653.0,0
674933,10,73,119978,179967.0,934
675057,14,36,62002,62002.0,0
675104,14,39,60375,60375.0,0
675106,17,51,74378,74378.0,758
675204,17,50,75129,75129.0,1542
675240,0,0,0,0.0,0
675243,17,47,66459,66459.0,704
675385,11,32,50710,50710.0,0
675405,19,55,93158,93158.0,1301
675409,17,44,69955,69955.0,0
675419,0,0,0,0.0,0
675442,18,46,67198,67198.0,312
675457,14,45,66529,66529.0,524
675506,6,40,68618,102927.0,0
675516,11,31,41222,41222.0,1542
675535,15,41,55629,55629.0,3888
675538,14,37,65466,65466.0,862
675541,16,37,48527,48527.0,1466
675616,17,41,68677,68677.0,2666
675651,16,42,63650,63650.0,2490
675710,0,0,0,0.0,0
675848,13,41,53076,53076.0,0
675879,7,81,114998,172497.0,541
675936,15,39,53178,53178.0,1817
675956,14,41,60472,60472.0,647
676203,14,35,49272,49272.0,945
676289,13,38,56693,56693.0,1124
676371,5,13,18594,18594.0,737
676376,17,50,68834,68834.0,521
676406,11,35,47919,47919.0,2514
676408,9,16,19820,19820.0,1814
676409,13,36,57554,57554.0,3037
676585,11,28,43070,43070.0,846
676622,13,36,57998,57998.0,997
676631,14,32,42560,42560.0,1997
676639,11,31,48188,48188.0,315
676669,12,41,42465,42465.0,445
676676,0,0,0,0.0,0
676873,11,34,60962,60962.0,338
676877,13,35,50939,50939.0,355
676941,18,50,87566,87566.0,3219
677045,12,31,48367,48367.0,1156
677068,13,39,57191,57191.0,897
677141,21,69,99227,99227.0,888
677153,0,0,0,0.0,0
677174,14,31,47222,47222.0,479
677213,11,30,39112,39112.0,1952
677217,16,47,73057,73057.0,2633
677218,8,20,28674,28674.0,0
677292,0,0,0,0.0,0
677322,11,29,47654,47654.0,1405
677329,11,30,47898,47898.0,491
677335,8,58,68868,103302.0,668
677404,13,30,34801,34801.0,460
677435,12,34,56963,56963.0,1608
677513,12,23,31274,31274.0,465
677527,14,36,44969,44969.0,0
677560,12,28,45613,45613.0,451
677606,17,45,52725,52725.0,1006
677669,0,0,0,0.0,0
677695,12,43,62082,62082.0,712
677704,11,28,44739,44739.0,534
677717,5,14,22442,22442.0,464
677751,13,33,33474,33474.0,995
677901,0,0,0,0.0,0
677925,0,0,0,0.0,0
677963,10,26,34560,34560.0,1250
677976,4,9,13509,13509.0,0
678205,16,40,62977,62977.0,1896
678217,4,11,19361,19361.0,1065
678243,13,42,56193,56193.0,0
678284,16,32,39926,39926.0,1018
678341,14,39,65793,65793.0,0
678454,16,52,79124,79124.0,897
678460,16,32,58913,58913.0,1894
678493,14,44,55926,55926.0,1257
678514,15,32,42721,42721.0,389
678544,0,0,0,0.0,0
678603,9,17,22078,22078.0,0
678616,12,42,48181,48181.0,0
678722,9,24,34122,34122.0,569
678786,10,26,36859,36859.0,0
678837,12,26,43538,43538.0,336
678858,0,0,0,0.0,0
678925,11,32,47447,47447.0,352
678933,12,29,36651,36651.0,442
678967,14,51,65312,65312.0,760
678991,0,0,0,0.0,0
679075,18,45,77223,77223.0,1534
679132,5,16,23286,23286.0,0
679155,0,0,0,0.0,0
679253,8,18,28814,28814.0,876
679311,11,37,58693,58693.0,1460
679414,3,9,13593,13593.0,0
679437,12,30,41751,41751.0,982
679485,13,37,60209,60209.0,1597
679531,2,8,18683,18683.0,454
679607,13,33,41928,41928.0,1544
679609,12,32,42984,42984.0,936
679623,16,51,69678,69678.0,2462
679638,18,47,79694,79694.0,2095
679859,8,19,25215,25215.0,402
679908,15,36,57423,57423.0,979
679994,3,11,9219,9219.0,706
680168,5,15,24180,24180.0,458
680181,12,32,46522,46522.0,696
680193,0,0,0,0.0,0
680304,2,5,4792,4792.0,0
680376,3,8,10654,10654.0,0
680379,13,29,42642,42642.0,990
680444,17,47,80256,80256.0,0
680445,14,33,50852,50852.0,476
680485,0,0,0,0.0,463
680553,0,0,0,0.0,0
680565,16,35,61817,61817.0,1637
680569,17,46,79157,79157.0,1658
680581,16,39,64107,64107.0,328
680738,12,32,58619,58619.0,354
680754,1,3,3501,3501.0,509
680839,13,31,44268,44268.0,300
680878,3,9,17291,17291.0,0
680886,17,59,86072,86072.0,1645
680945,6,37,33512,50268.0,455
681032,15,38,63471,63471.0,1761
681250,12,35,54737,54737.0,506
681270,18,49,67151,67151.0,955
681309,14,46,71415,71415.0,0
681328,5,11,16804,16804.0,0
681399,17,47,59813,59813.0,1682
681593,5,16,22796,22796.0,398
681649,18,55,66843,66843.0,591
681722,12,40,68066,68066.0,0
681785,13,40,67123,67123.0,0
681822,14,43,70295,70295.0,2079
681887,16,53,76588,76588.0,1011
681921,10,30,34040,34040.0,0
681961,0,0,0,0.0,0
681984,17,55,79850,79850.0,354
682064,0,0,0,0.0,0
682103,12,31,55190,55190.0,898
682194,15,39,72414,72414.0,0
682288,11,30,48936,48936.0,374
682308,14,37,52497,52497.0,493
682337,0,0,0,0.0,0
682356,12,36,58276,58276.0,1463
682419,18,36,47303,47303.0,629
682521,7,21,38722,38722.0,0
682528,15,56,91632,91632.0,965
682533,0,0,0,0.0,0
682571,9,23,31520,31520.0,990
682654,6,18,28311,28311.0,598
682707,10,26,50414,50414.0,366
682709,12,29,52934,52934.0,364
682813,17,42,63817,63817.0,550
682819,16,40,57727,57727.0,0
682826,16,44,68545,68545.0,2048
682840,16,37,52365,52365.0,1010
682979,26,69,94555,94555.0,1463
682980,5,12,18676,18676.0,0
683126,16,42,58082,58082.0,1274
683239,5,9,17520,17520.0,0
683250,0,0,0,0.0,0
683276,1,2,3970,3970.0,518
683288,4,11,24350,24350.0,440
683356,15,41,63291,63291.0,1478
683361,10,28,36738,36738.0,0
683458,0,0,0,0.0,0
683470,16,47,80955,80955.0,453
683485,14,39,47264,47264.0,1133
683487,12,32,48805,48805.0,1512
683503,16,45,73801,73801.0,1540
683550,0,0,0,0.0,0
683660,15,48,72609,72609.0,1483
683664,3,12,21421,21421.0,0
683685,0,0,0,0.0,0
683699,14,32,41029,41029.0,457
683751,16,45,69379,69379.0,1158
683791,15,42,61120,61120.0,1538
683838,11,29,44234,44234.0,1263
683875,2,3,2940,2940.0,0
683901,15,45,60114,60114.0,0
683909,4,35,60831,91246.5,638
683910,7,23,35608,35608.0,560
683920,16,45,69488,69488.0,811
684022,12,37,67017,67017.0,972
684081,2,6,9914,9914.0,0
684103,2,3,5479,5479.0,457
684123,29,87,129843,129843.0,3253
684133,11,35,49444,49444.0,715
684155,14,37,57625,57625.0,0
684201,13,45,78738,78738.0,1021
684296,0,0,0,0.0,0
684305,13,29,35021,35021.0,1821
684371,17,45,64928,64928.0,0
684386,16,29,43068,43068.0,1372
684491,12,37,60112,60112.0,399
684691,14,45,74418,74418.0,1261
684699,0,0,0,0.0,0
684776,13,30,49151,49151.0,1306
684826,14,35,65046,65046.0,0
684835,3,9,12864,12864.0,927
684881,26,70,106507,106507.0,2364
684889,30,71,95263,95263.0,1214
684934,10,20,25920,25920.0,1070
685171,12,29,40810,40810.0,435
685208,16,37,50593,50593.0,1171
685314,13,33,38684,38684.0,291
685346,13,34,39042,39042.0,408
685375,16,42,57834,57834.0,1700
685408,14,42,69712,69712.0,833
685518,5,12,16336,16336.0,568
685533,11,34,39410,39410.0,1080
685546,17,35,45422,45422.0,584
685608,17,43,63413,63413.0,1037
685631,3,10,14871,14871.0,0
685653,0,0,0,0.0,0
685683,13,31,43467,43467.0,457
685720,14,33,46677,46677.0,1163
685792,5,9,18277,18277.0,0
685982,16,39,63127,63127.0,491
686031,15,39,60157,60157.0,1298
686044,13,38,64256,64256.0,353
686059,10,31,46815,46815.0,468
686196,12,35,52505,52505.0,934
686220,15,48,74728,74728.0,611
686223,4,36,36860,55290.0,409
686224,16,46,66932,66932.0,1225
686232,15,30,48683,48683.0,1074
686371,4,30,49824,74736.0,810
686397,7,81,137461,206191.5,785
686432,0,0,0,0.0,0
686471,11,31,40417,40417.0,2046
686474,0,0,0,0.0,0
686509,5,32,48933,73399.5,490
686555,16,41,59704,59704.0,757
686561,5,46,70928,106392.0,590
686612,2,4,5530,5530.0,0
686709,16,38,60046,60046.0,0
686728,7,75,118734,178101.0,0
686769,9,20,27499,27499.0,415
686783,13,32,41645,41645.0,490
686838,15,42,60858,60858.0,1922
687108,0,0,0,0.0,0
687170,9,24,34437,34437.0,483
687186,14,39,53998,53998.0,556
687199,19,57,83578,83578.0,1147
687262,15,38,50868,50868.0,1039
687401,18,44,66476,66476.0,1138
687412,16,38,61595,61595.0,2841
687463,15,37,53809,53809.0,823
687525,12,38,55394,55394.0,363
687533,15,47,71766,71766.0,491
687589,15,40,81407,81407.0,990
687593,1,2,2464,2464.0,0
687639,16,34,48605,48605.0,1672
687748,6,13,23005,23005.0,0
687820,13,35,54025,54025.0,467
687895,16,37,58080,58080.0,1481
687951,7,13,18121,18121.0,476
687962,19,50,81257,81257.0,1152
687984,0,0,0,0.0,0
688058,13,30,45164,45164.0,373
688132,0,0,0,0.0,0
688139,4,22,26022,39033.0,0
688168,13,33,44238,44238.0,2019
688178,13,38,60099,60099.0,1503
688319,10,24,43621,43621.0,1339
688410,19,46,63346,63346.0,923
688524,11,24,40288,40288.0,3244
688533,14,39,56501,56501.0,1289
688557,15,32,37771,37771.0,837
688615,1,1,1214,1214.0,0
688627,20,58,86558,86558.0,879
688691,16,43,68849,68849.0,1014
688731,0,0,0,0.0,590
688748,3,6,8716,8716.0,399
688820,14,36,65855,65855.0,1076
688891,8,84,131024,196536.0,1084
688902,0,0,0,0.0,0
689000,18,57,101329,101329.0,2074
689112,16,37,60831,60831.0,1335
689275,17,45,71822,71822.0,694
689353,15,41,62285,62285.0,1410
689389,16,36,54713,54713.0,1307
689440,7,21,23282,23282.0,1022
689459,11,29,39803,39803.0,311
689477,11,32,41666,41666.0,500
689818,10,26,37516,37516.0,0
689839,8,90,178858,268287.0,0
689909,13,26,39896,39896.0,567
689912,15,41,63440,63440.0,1368
689981,15,50,88265,88265.0,936
689993,0,0,0,0.0,0
690029,11,31,39252,39252.0,0
690191,5,18,18619,27928.5,1005
690199,14,33,43075,43075.0,0
690494,8,21,31681,31681.0,0
690510,3,5,6725,6725.0,0
690554,13,26,28973,28973.0,1653
690563,17,36,47282,47282.0,1307
690637,12,29,29182,29182.0,1088
690641,11,23,35669,35669.0,0
690671,15,35,63945,63945.0,1066
690776,12,39,58135,58135.0,457
690797,10,23,39576,39576.0,0
690862,17,46,84109,84109.0,2758
690866,14,42,66885,66885.0,940
690890,18,48,74109,74109.0,2505
690916,14,40,59701,59701.0,1673
690969,13,29,46651,46651.0,942
690970,11,26,34387,34387.0,0
690971,8,18,26797,26797.0,906
690984,3,7,6481,6481.0,542
691077,8,72,146660,219990.0,349
691220,15,43,64138,64138.0,1028
691259,11,34,62819,62819.0,0
691262,6,19,27920,27920.0,0
691332,4,32,62460,93690.0,541
691365,0,0,0,0.0,0
691520,15,39,50684,50684.0,1449
691542,11,34,54121,54121.0,356
691626,6,65,93270,139905.0,341
691645,7,63,93704,140556.0,0
691700,15,44,70880,70880.0,1161
691761,13,29,45298,45298.0,1403
691855,0,0,0,0.0,0
691909,16,37,53943,53943.0,1272
692096,17,43,61585,61585.0,807
692097,0,0,0,0.0,0
692121,0,0,0,0.0,0
692129,13,32,47120,47120.0,0
692151,15,39,56703,56703.0,1548
692252,16,39,65619,65619.0,0
692275,9,23,30655,30655.0,1211
692291,0,0,0,0.0,0
692304,18,50,81881,81881.0,1104
692328,15,34,59016,59016.0,390
692535,14,42,64542,64542.0,1547
692628,6,42,52984,79476.0,613
692671,13,37,54998,54998.0,0
692685,11,24,44391,44391.0,1218
692729,13,36,54125,54125.0,1313
692741,0,0,0,0.0,0
692841,1,3,7377,7377.0,0
692856,5,29,48293,72439.5,782
692936,1,4,7900,7900.0,484
692992,18,45,65612,65612.0,1014
693045,6,18,27718,27718.0,880
693133,15,45,67055,67055.0,1780
693138,15,40,67524,67524.0,1585
693196,15,47,56373,56373.0,484
693212,12,31,48205,48205.0,406
693238,12,31,43185,43185.0,1135
693256,13,36,56034,56034.0,0
693295,15,39,55068,55068.0,1343
693372,14,33,38204,38204.0,453
693393,0,0,0,0.0,0
693494,5,11,19120,19120.0,503
693528,3,5,10974,10974.0,0
693608,15,36,53064,53064.0,1407
693625,13,41,69822,69822.0,1580
693659,17,43,59581,59581.0,1646
693665,13,38,54213,54213.0,1062
693791,11,25,39268,39268.0,1620
693852,18,44,59017,59017.0,2877
693913,16,39,48100,48100.0,1406
693922,14,33,49754,49754.0,530
693926,0,0,0,0.0,0
694021,4,38,50854,76281.0,0
694158,16,47,65622,65622.0,1021
694168,4,11,12631,12631.0,0
694241,16,43,71166,71166.0,454
694388,15,35,64045,64045.0,470
694472,15,38,49576,49576.0,1665
694497,15,33,40076,40076.0,1470
694512,15,35,56375,56375.0,0
694648,2,5,9350,9350.0,0
694723,10,28,42439,42439.0,1147
694743,15,33,50410,50410.0,1756
694757,12,35,60356,60356.0,0
694828,14,36,57329,57329.0,537
694915,7,25,40495,40495.0,0
694942,14,43,62636,62636.0,502
695069,1,1,1046,1046.0,0
695076,12,33,50916,50916.0,398
695107,14,36,60682,60682.0,890
695162,7,18,30439,30439.0,0
695250,14,39,47648,47648.0,716
695342,12,21,31998,31998.0,516
695385,0,0,0,0.0,0
695428,5,20,29243,29243.0,423
695529,15,41,52457,52457.0,1245
695564,0,0,0,0.0,0
695596,4,14,16806,16806.0,0
695624,17,47,76013,76013.0,1468
695686,17,41,57755,57755.0,538
695755,0,0,0,0.0,0
695855,15,34,44046,44046.0,436
695878,16,41,60056,60056.0,535
695965,5,61,98538,147807.0,1096
695978,16,43,72747,72747.0,929
695987,9,24,34417,34417.0,1058
696026,4,8,14270,14270.0,444
696090,18,43,70084,70084.0,2443
696096,14,36,54260,54260.0,600
696128,15,51,94821,94821.0,923
696199,15,47,72444,72444.0,2294
696329,17,50,60262,60262.0,654
696431,14,42,73105,73105.0,1926
696444,11,32,40030,40030.0,0
696486,17,49,66488,66488.0,2144
696502,13,36,58641,58641.0,608
696504,10,23,37187,37187.0,697
696562,2,8,16088,16088.0,679
696577,3,25,51560,77340.0,1323
696609,16,44,82170,82170.0,4282
696732,2,2,3701,3701.0,0
696826,15,32,36421,36421.0,335
696864,11,26,30311,30311.0,2714
696897,4,14,21758,32637.0,460
697029,14,38,56600,56600.0,989
697079,3,7,9004,9004.0,0
697091,13,34,53269,53269.0,1244
697162,6,65,77065,115597.5,0
697169,10,22,31006,31006.0,1226
697272,13,36,44581,44581.0,1100
697323,0,0,0,0.0,0
697356,9,21,36834,36834.0,0
697393,10,20,31792,31792.0,347
697477,15,36,54502,54502.0,1727
697680,6,19,26063,26063.0,1472
697766,12,35,55836,55836.0,0
697824,0,0,0,0.0,0
697837,15,41,64244,64244.0,0
697840,0,0,0,0.0,0
697905,13,40,50402,50402.0,590
697917,3,6,8287,8287.0,487
697962,0,0,0,0.0,0
698072,13,29,44254,44254.0,350
698122,21,53,68846,68846.0,911
698159,2,7,6781,6781.0,0
698180,5,13,17212,17212.0,1098
698242,14,44,65065,65065.0,0
698390,14,33,55787,55787.0,1042
698395,12,31,32314,32314.0,913
698443,12,32,38987,38987.0,343
698505,11,37,58911,58911.0,1027
698510,10,32,54589,54589.0,351
698546,10,21,30693,30693.0,430
698573,14,50,62122,62122.0,445
698627,2,5,12114,12114.0,0
698647,10,26,38210,38210.0,1518
698915,0,0,0,0.0,0
698932,5,10,14955,14955.0,355
698937,14,41,71909,71909.0,797
698988,17,35,56576,56576.0,636
699194,8,53,76561,114841.5,343
699220,0,0,0,0.0,0
699243,14,43,68027,68027.0,545
699281,4,12,19286,19286.0,0
699343,12,42,55736,55736.0,1161
699397,16,46,77278,77278.0,1149
699511,10,28,43734,43734.0,0
699739,16,38,44397,44397.0,0
699750,12,26,36649,36649.0,509
699751,15,34,45983,45983.0,1498
699875,13,34,48780,48780.0,2337
699962,14,43,64032,64032.0,401
700011,0,0,0,0.0,0
700096,15,36,50549,50549.0,946
700145,20,53,72574,72574.0,1088
700207,14,43,73905,73905.0,474
700225,14,39,53231,53231.0,500
700245,20,67,121938,121938.0,1750
700260,13,30,49910,49910.0,439
700276,16,48,62071,62071.0,1287
700286,6,18,31905,31905.0,795
700335,10,28,40721,40721.0,580
700343,13,38,52116,52116.0,518
700356,3,10,17784,17784.0,0
700430,20,58,93037,93037.0,856
700474,4,7,8628,8628.0,0
700497,5,11,20887,20887.0,725
700566,7,70,84046,126069.0,0
700650,13,35,51899,51899.0,1001
700705,12,38,64892,64892.0,368
700731,6,18,25104,25104.0,0
700748,15,39,49332,49332.0,1031
700770,12,32,57125,57125.0,0
700871,15,39,52323,52323.0,0
700918,16,47,73679,73679.0,594
700924,7,17,30780,30780.0,1088
700958,0,0,0,0.0,0
701012,7,55,85027,127540.5,0
701036,9,24,38012,38012.0,620
701216,8,22,31468,31468.0,715
701223,16,41,52089,52089.0,777
701235,11,26,41468,41468.0,940
701308,10,34,52341,52341.0,0
701391,15,35,58165,58165.0,889
701485,15,42,61348,61348.0,0
701617,17,40,62317,62317.0,3384
701622,16,49,67466,67466.0,1382
701645,5,50,85691,128536.5,0
701708,0,0,0,0.0,0
701732,1,3,1719,1719.0,0
701792,5,14,16186,16186.0,605
701803,17,48,70746,70746.0,945
701954,10,21,32919,32919.0,342
702005,6,41,64795,97192.5,410
702048,12,29,49436,49436.0,353
702147,7,22,36882,36882.0,0
702161,4,13,17432,17432.0,0
702257,15,38,47272,47272.0,1892
702269,11,25,33639,33639.0,671
702284,13,28,51613,51613.0,707
702325,0,0,0,0.0,0
702327,17,39,64662,64662.0,2040
702406,12,35,54483,54483.0,1214
702478,16,45,67413,67413.0,1022
702482,6,23,26057,26057.0,0
702493,5,17,37705,37705.0,0
702522,15,45,64895,64895.0,0
702528,11,37,54379,54379.0,1102
702542,14,38,50197,50197.0,0
702588,17,40,65254,65254.0,2129
702677,11,36,57611,57611.0,2136
702686,8,77,81699,122548.5,1001
702746,12,34,48674,48674.0,1743
702800,13,33,38389,38389.0,336
702809,9,27,38297,38297.0,0
702863,10,33,59771,59771.0,994
702868,11,29,41994,41994.0,1103
702884,14,38,52614,52614.0,1556
702915,15,43,66331,66331.0,753
702938,0,0,0,0.0,0
703104,16,32,55696,55696.0,536
703109,19,53,85586,85586.0,404
703160,0,0,0,0.0,0
703249,6,16,18408,18408.0,0
703278,0,0,0,0.0,0
703338,1,5,3775,3775.0,0
703374,8,16,21918,21918.0,0
703505,16,48,70911,70911.0,974
703507,15,41,64197,64197.0,1951
703621,13,30,49369,49369.0,1687
703711,9,32,49163,49163.0,1077
703804,16,43,79378,79378.0,1735
703852,4,13,20167,20167.0,0
703882,0,0,0,0.0,0
703937,18,54,77692,77692.0,893
703972,0,0,0,0.0,0
704074,7,20,21799,21799.0,876
704112,17,37,47754,47754.0,2338
704149,13,35,49803,49803.0,0
704150,15,36,45313,45313.0,966
704267,10,25,33198,33198.0,866
704270,15,42,67850,67850.0,424
704308,0,0,0,0.0,0
704423,17,47,83876,83876.0,460
704559,13,34,61529,61529.0,1116
704600,13,45,46828,46828.0,1319
704603,17,49,73411,73411.0,1033
704607,4,7,7967,7967.0,1074
704709,16,45,74862,74862.0,1034
704835,14,40,62292,62292.0,1447
704967,13,34,58587,58587.0,1765
704968,18,51,85215,85215.0,625
705006,16,39,59225,59225.0,536
705020,13,39,61741,61741.0,1766
705113,15,35,46998,46998.0,484
705196,19,57,91665,91665.0,1808
705243,13,32,42652,42652.0,0
705262,11,35,59884,59884.0,1202
705353,14,39,64813,64813.0,465
705453,13,26,43110,43110.0,619
705490,4,12,20897,20897.0,0
705496,16,48,90122,90122.0,1422
705589,18,44,71469,71469.0,426
705633,3,6,11530,11530.0,0
705641,15,40,55283,55283.0,1004
705756,0,0,0,0.0,0
705806,6,70,96578,144867.0,0
705911,14,42,69448,69448.0,0
705980,16,44,68549,68549.0,1323
706007,8,20,22935,22935.0,434
706106,15,35,52452,52452.0,1877
706125,15,36,57745,57745.0,2547
706185,0,0,0,0.0,0
706199,3,7,15561,15561.0,0
706425,0,0,0,0.0,0
706497,16,52,70977,70977.0,567
706510,19,57,81195,81195.0,305
706628,2,7,16121,16121.0,0
706747,0,0,0,0.0,0
706792,16,47,71542,71542.0,541
706820,17,49,63113,63113.0,889
706876,0,0,0,0.0,0
706884,8,26,46834,46834.0,1384
706918,13,38,58861,58861.0,1312
706962,12,39,70738,70738.0,1991
706970,0,0,0,0.0,0
707017,7,18,28946,28946.0,0
707023,19,50,88303,88303.0,925
707042,15,37,53727,53727.0,1139
707114,15,40,67124,67124.0,526
707146,13,37,52200,52200.0,0
707152,4,7,11769,11769.0,1428
707273,7,17,30474,30474.0,1288
707276,10,16,21651,21651.0,948
707424,12,33,58183,58183.0,1892
707470,12,33,61177,61177.0,570
707513,16,44,67539,67539.0,1037
707557,14,47,80592,80592.0,1124
707588,12,32,49680,49680.0,843
707592,5,48,66952,100428.0,0
707698,14,30,42924,42924.0,0
707699,17,48,82525,82525.0,2073
707710,0,0,0,0.0,0
707716,18,36,57842,57842.0,1566
707754,19,56,93028,93028.0,1279
707762,5,13,14781,14781.0,541
707860,0,0,0,0.0,0
707869,14,32,40540,40540.0,1924
707967,19,46,70208,70208.0,1493
707974,8,12,19566,19566.0,954
707999,1,2,3258,3258.0,0
708020,18,48,68801,68801.0,1860
708151,0,0,0,0.0,0
708160,15,40,52106,52106.0,1043
708210,12,25,38962,38962.0,353
708230,15,32,49446,49446.0,937
708258,10,26,36093,36093.0,0
708271,16,49,76022,76022.0,0
708337,9,26,37984,37984.0,649
708343,12,35,48233,48233.0,1120
708360,11,31,45297,45297.0,532
708373,15,42,47709,47709.0,0
708458,5,36,42290,63435.0,740
708519,17,51,83713,83713.0,1534
708539,16,38,60954,60954.0,715
708555,4,11,14962,14962.0,326
708566,15,39,44358,44358.0,1927
708634,16,51,88261,88261.0,0
708654,17,43,57754,57754.0,410
708692,18,44,60614,60614.0,1101
708807,13,36,61526,61526.0,1871
708892,10,26,36145,36145.0,401
708933,5,26,32570,48855.0,1029
708982,9,24,35608,35608.0,923
709059,4,36,37976,56964.0,0
709123,11,22,35654,35654.0,2268
709212,0,0,0,0.0,0
709238,13,35,51012,51012.0,1118
709279,14,34,49296,49296.0,0
709385,12,30,48393,48393.0,470
709415,13,40,61662,61662.0,0
709472,11,32,53581,53581.0,479
709479,6,21,31217,31217.0,815
709499,14,32,46273,46273.0,417
709550,16,38,59735,59735.0,1334
709566,12,34,42616,42616.0,389
709595,14,44,59735,59735.0,872
709656,6,39,59280,88920.0,585
709659,11,30,39864,39864.0,866
709724,16,41,63047,63047.0,2219
709726,14,36,53477,53477.0,1305
709747,19,48,61680,61680.0,0
709844,0,0,0,0.0,0
709869,4,11,14613,14613.0,0
709920,13,29,32212,32212.0,506
709948,17,47,66193,66193.0,799
709982,14,45,64292,64292.0,0
710003,0,0,0,0.0,0
710005,10,25,38055,38055.0,0
710029,11,22,37810,37810.0,914
710053,12,41,56950,56950.0,619
710069,14,37,58713,58713.0,668
710115,14,37,50938,50938.0,963
710145,1,1,906,906.0,0
710203,0,0,0,0.0,0
710255,15,45,68236,68236.0,981
710364,14,39,57449,57449.0,0
710473,0,0,0,0.0,0
710515,7,73,122846,184269.0,582
710598,7,54,69865,104797.5,0
711129,0,0,0,0.0,0
711214,15,38,55504,55504.0,704
711248,11,29,38380,38380.0,0
711263,3,6,10369,10369.0,0
711285,0,0,0,0.0,0
711319,1,2,3458,3458.0,0
711363,6,30,55416,83124.0,0
711490,9,25,40291,40291.0,572
711500,8,55,51123,76684.5,0
711510,20,64,117042,117042.0,829
711541,12,39,57736,57736.0,0
711552,14,34,42506,42506.0,1253
711565,11,25,40239,40239.0,0
711567,13,43,64060,64060.0,591
711571,5,15,20544,20544.0,0
711577,18,35,45934,45934.0,1296
711605,3,5,7010,7010.0,0
711625,13,41,55906,55906.0,1301
711680,15,37,54483,54483.0,2029
711775,0,0,0,0.0,0
711795,17,48,82627,82627.0,862
711823,13,34,47024,47024.0,1243
711853,8,47,74172,111258.0,930
711864,16,37,60426,60426.0,409
711874,15,44,70527,70527.0,411
712026,15,41,56764,56764.0,704
712062,10,27,35255,35255.0,0
712114,8,83,146699,220048.5,503
712130,13,37,60288,60288.0,955
712132,0,0,0,0.0,0
712220,1,5,9255,9255.0,0
712236,11,25,34129,34129.0,382
712248,11,25,34997,34997.0,1514
712362,13,27,37221,37221.0,0
712426,12,46,73539,73539.0,452
712521,10,31,46564,46564.0,688
712584,8,77,117837,176755.5,368
712590,6,43,46433,69649.5,0
712605,16,35,56514,56514.0,1110
712636,2,8,14550,14550.0,500
712874,0,0,0,0.0,0
713039,7,17,22483,22483.0,0
713067,1,1,773,773.0,486
713085,16,43,59609,59609.0,1795
713094,18,52,79868,79868.0,1960
713132,26,65,94713,94713.0,972
713236,16,40,60756,60756.0,1210
713257,14,31,47015,47015.0,1250
713299,5,50,66978,100467.0,0
713329,15,47,64182,64182.0,0
713406,9,56,80987,121480.5,0
713423,17,51,76553,76553.0,1228
713465,15,48,58625,58625.0,1035
713520,7,17,25287,25287.0,545
713580,12,32,53908,53908.0,980
713636,13,29,43118,43118.0,547
713831,17,48,61324,61324.0,907
713853,15,43,56090,56090.0,1224
713981,7,20,34677,34677.0,0
713998,16,44,64272,64272.0,301
714121,15,41,62760,62760.0,1684
714123,17,39,59981,59981.0,0
714161,0,0,0,0.0,0
714163,5,38,60018,90027.0,0
714206,14,40,50946,50946.0,1130
714270,15,50,65997,65997.0,694
714316,7,54,86526,129789.0,1821
714379,9,27,39201,39201.0,2556
714536,16,48,83039,83039.0,1086
714555,16,45,69030,69030.0,1087
714757,16,42,63553,63553.0,1747
714825,12,32,55479,55479.0,669
714840,1,4,3320,3320.0,0
714939,18,49,74468,74468.0,1593
714944,15,29,43255,43255.0,1050
714962,14,37,58009,58009.0,804
715015,16,33,59466,59466.0,940
715184,7,14,22900,22900.0,0
715255,9,15,16388,16388.0,1081
715271,16,41,57352,57352.0,523
715300,13,33,47473,47473.0,1132
715369,17,40,68671,68671.0,1448
715462,13,35,60788,60788.0,0
715514,7,21,35326,35326.0,945
715555,4,5,7094,7094.0,348
715640,14,41,66022,66022.0,2185
715645,13,30,46222,46222.0,1352
715668,1,2,1396,1396.0,0
715678,14,33,51677,51677.0,1521
715689,10,32,44853,44853.0,1464
715764,11,23,33681,33681.0,2026
715792,16,39,47592,47592.0,934
715797,2,4,3397,3397.0,0
715817,15,43,60909,60909.0,3013
715947,14,35,46537,46537.0,573
716019,4,10,10824,10824.0,0
716068,17,41,55487,55487.0,1334
716197,4,45,74614,111921.0,866
716236,4,15,23282,23282.0,0
716294,12,34,55972,55972.0,762
716360,14,37,62475,62475.0,0
716362,15,42,57081,57081.0,2420
716371,0,0,0,0.0,0
716393,16,45,64581,64581.0,1922
716435,0,0,0,0.0,0
716533,13,45,66239,66239.0,644
716548,18,52,77527,77527.0,1750
716589,8,17,22647,22647.0,0
716690,16,39,58303,58303.0,1440
716750,13,26,26116,26116.0,1360
716785,12,31,55534,55534.0,0
716812,15,45,63649,63649.0,691
716863,12,33,47738,47738.0,1167
716932,11,26,38735,38735.0,807
716948,15,39,60116,60116.0,1156
716961,15,47,83434,83434.0,321
717026,17,49,64680,64680.0,687
717100,15,47,79515,79515.0,1797
717150,17,41,63995,63995.0,496
717229,15,42,66258,66258.0,576
717232,19,61,97559,97559.0,2684
717250,14,38,72342,72342.0,1404
717308,13,39,64644,64644.0,909
717359,3,13,19725,19725.0,0
717407,15,41,55929,55929.0,1688
717459,15,33,46633,46633.0,1547
717521,15,39,67980,67980.0,1749
717565,18,52,80376,80376.0,1735
717632,14,37,52762,52762.0,858
717660,11,26,31392,31392.0,0
717700,17,49,66037,66037.0,2047
717762,5,21,33553,33553.0,0
717772,0,0,0,0.0,0
717780,14,34,55068,55068.0,1534
717806,14,29,45589,45589.0,814
717891,19,42,61256,61256.0,716
718029,16,50,72849,72849.0,1136
718031,13,36,53885,53885.0,702
718199,3,4,3769,3769.0,0
718227,11,21,27177,27177.0,823
718409,14,39,61444,61444.0,1681
718454,2,2,1113,1113.0,520
718491,5,17,29912,29912.0,0
718516,10,26,27704,27704.0,908
718655,6,37,56314,84471.0,0
718745,10,37,50846,50846.0,476
718752,14,42,63612,63612.0,3097
718764,17,54,73568,73568.0,1542
718887,15,40,55078,55078.0,1008
718922,13,42,56465,56465.0,789
718962,14,36,52855,52855.0,2561
718972,15,37,54152,54152.0,1010
719135,17,39,59721,59721.0,723
719162,3,7,8858,8858.0,605
719192,15,41,65896,65896.0,2189
719213,15,43,69577,69577.0,517
719242,15,42,51936,51936.0,1433
719300,2,7,10634,10634.0,493
719383,11,40,54853,54853.0,778
719576,3,12,14376,14376.0,584
719633,0,0,0,0.0,0
719673,15,41,51369,51369.0,1162
719706,11,23,38223,38223.0,666
719719,4,9,20810,20810.0,0
719736,17,44,68929,68929.0,1611
719824,13,36,54353,54353.0,1295
719850,0,0,0,0.0,0
720007,11,30,27626,27626.0,879
720079,12,28,42175,42175.0,0
720131,1,2,3456,3456.0,0
720146,12,35,55203,55203.0,646
720178,0,0,0,0.0,0
720197,16,35,60723,60723.0,1673
720300,9,28,47157,47157.0,792
720465,9,26,44976,44976.0,539
720514,18,48,74291,74291.0,618
720536,0,0,0,0.0,0
720557,13,36,53725,53725.0,0
720626,6,53,71912,107868.0,0
720765,16,33,36561,36561.0,0
720939,18,51,76911,76911.0,405
721088,13,32,62167,62167.0,1193
721225,15,35,54154,54154.0,373
721300,15,37,51601,51601.0,1669
721364,0,0,0,0.0,0
721366,6,56,95242,142863.0,0
721372,15,41,60593,60593.0,947
721377,16,45,87120,87120.0,2450
721406,11,27,39425,39425.0,1315
721423,14,45,79511,79511.0,484
721437,12,24,37206,37206.0,1380
721438,16,43,58105,58105.0,377
721456,3,11,23685,23685.0,0
721494,8,17,20968,20968.0,486
721639,5,16,28542,28542.0,0
721664,17,44,57888,57888.0,1253
721688,17,37,60847,60847.0,2864
721707,16,49,67209,67209.0,713
721713,8,17,25030,25030.0,1093
721786,16,40,65547,65547.0,2942
721973,13,39,58824,58824.0,2016
721984,12,34,50291,50291.0,1436
722003,12,33,46925,46925.0,428
722089,12,31,49356,49356.0,644
722120,12,31,54764,54764.0,0
722154,0,0,0,0.0,0
722169,19,41,61324,61324.0,2445
722324,14,39,63277,63277.0,443
722368,16,44,74543,74543.0,444
722399,14,34,43824,43824.0,1190
722518,13,30,41835,41835.0,540
722538,16,44,59284,59284.0,2041
722566,18,54,88176,88176.0,1264
722629,14,46,74403,74403.0,1593
722976,11,28,32784,32784.0,771
722988,13,31,40510,40510.0,571
723015,17,46,62904,62904.0,0
723055,14,41,63446,63446.0,1051
723061,20,61,87332,87332.0,570
723091,10,33,57766,57766.0,837
723112,16,46,72582,72582.0,1765
723186,12,37,57392,57392.0,414
723208,3,9,6841,6841.0,0
723262,2,5,4782,4782.0,0
723298,15,33,56783,56783.0,1862
723347,11,32,42183,42183.0,414
723390,2,3,4266,4266.0,0
723438,1,1,2440,2440.0,0
723457,5,39,39565,59347.5,376
723476,13,38,49060,49060.0,0
723591,15,38,59355,59355.0,476
723672,15,37,48428,48428.0,0
723691,17,46,63299,63299.0,895
723707,4,12,22628,22628.0,0
723715,4,7,8133,8133.0,393
723820,9,28,39286,39286.0,0
723912,6,75,118737,178105.5,680
723968,7,22,23429,23429.0,1295
723969,0,0,0,0.0,0
723978,17,50,80826,80826.0,1095
724028,7,25,33412,33412.0,571
724033,13,29,39475,39475.0,1706
724071,6,65,137986,206979.0,478
724139,17,48,76928,76928.0,358
724168,8,22,41780,41780.0,473
724222,15,30,40513,40513.0,1243
724272,16,39,70404,70404.0,1446
724378,11,30,38187,38187.0,474
724414,16,37,52218,52218.0,538
724424,18,42,64697,64697.0,1158
724435,13,30,34304,34304.0,0
724510,1,3,5937,5937.0,0
724513,3,10,16593,16593.0,0
724599,0,0,0,0.0,0
724626,8,26,28028,28028.0,349
724660,11,28,35894,35894.0,560
724720,15,42,57862,57862.0,1040
724723,10,20,35795,35795.0,624
724781,18,37,51127,51127.0,1142
724818,14,39,63380,63380.0,0
724979,8,18,28355,28355.0,875
724987,11,37,64879,64879.0,1912
724989,15,43,70862,70862.0,1598
725004,4,46,89970,134955.0,0
725086,9,32,60976,60976.0,623
725100,12,30,41586,41586.0,2134
725120,15,46,66789,66789.0,1575
725129,13,34,44835,44835.0,459
725182,11,31,44983,44983.0,370
725294,14,36,51480,51480.0,976
725326,15,47,82611,82611.0,1802
725413,13,30,41118,41118.0,419
725510,10,29,46373,46373.0,1193
725575,16,45,75646,75646.0,1394
725580,2,4,4004,4004.0,416
725705,12,33,56314,56314.0,574
725795,10,27,43172,43172.0,804
725807,16,45,64899,64899.0,1420
725835,15,46,85752,85752.0,651
725962,3,10,8026,8026.0,541
726065,19,45,57451,57451.0,406
726077,2,2,2959,2959.0,0
726139,14,42,57142,57142.0,0
726268,12,25,30131,30131.0,955
726309,4,11,20891,20891.0,0
726472,0,0,0,0.0,0
726499,9,24,44095,44095.0,531
726544,6,18,17674,17674.0,0
726684,15,37,67896,67896.0,581
726688,14,33,47630,47630.0,522
726701,16,41,54493,54493.0,1293
726732,7,22,31252,31252.0,859
726735,13,25,36011,36011.0,0
726848,15,31,37883,37883.0,752
726873,16,43,64569,64569.0,1347
726932,12,34,55139,55139.0,773
726940,0,0,0,0.0,0
726980,17,44,71028,71028.0,469
727047,2,6,10587,10587.0,440
727053,8,11,15646,15646.0,1055
727072,0,0,0,0.0,0
727091,8,78,140876,211314.0,0
727095,15,42,60217,60217.0,0
727175,12,39,48907,48907.0,626
727179,1,3,4146,4146.0,0
727197,0,0,0,0.0,0
727348,12,32,40155,40155.0,1133
727363,0,0,0,0.0,0
727415,14,46,78933,78933.0,0
727428,7,22,32466,32466.0,0
727446,9,31,38838,38838.0,0
727497,11,22,36936,36936.0,361
727507,11,18,26555,26555.0,1711
727573,13,32,48583,48583.0,777
727595,15,27,35633,35633.0,1287
727648,17,40,51341,51341.0,1950
727686,5,11,19993,19993.0,385
727847,14,39,64825,64825.0,1665
727873,6,17,16611,16611.0,1448
727952,4,11,17579,17579.0,0
728009,0,0,0,0.0,0
728021,13,37,51062,51062.0,765
728043,9,29,43907,43907.0,0
728085,16,38,58888,58888.0,2546
728135,7,13,26080,26080.0,362
728228,11,32,45881,45881.0,579
728302,16,41,52385,52385.0,1396
728316,6,18,30598,30598.0,0
728386,2,3,3804,3804.0,462
728486,10,32,52455,52455.0,422
728563,5,14,25526,25526.0,0
728568,16,51,90666,90666.0,1561
728586,5,64,111282,166923.0,0
728655,17,45,65925,65925.0,1575
728679,19,47,57089,57089.0,2011
728687,0,0,0,0.0,0
728748,7,19,36557,36557.0,479
728818,7,26,41379,41379.0,0
728837,15,37,56238,56238.0,985
729084,14,40,67742,67742.0,707
729094,15,41,64041,64041.0,1292
729154,15,39,64249,64249.0,443
729161,11,31,44801,44801.0,1145
729173,12,36,55164,55164.0,584
729205,14,30,43772,43772.0,1619
729293,14,42,71331,71331.0,1122
729394,14,33,48682,48682.0,1064
729418,2,5,2858,2858.0,0
729444,4,15,24792,24792.0,0
729518,13,31,48162,48162.0,1488
729537,10,22,33521,33521.0,328
729542,0,0,0,0.0,0
729561,8,76,133921,200881.5,0
729581,17,49,78246,78246.0,1113
729677,14,42,53712,53712.0,344
729752,0,0,0,0.0,0
729762,5,32,47046,70569.0,442
729805,7,20,25749,25749.0,1323
730008,0,0,0,0.0,0
730088,13,32,50573,50573.0,931
730214,10,31,46129,46129.0,1677
730246,6,21,35161,35161.0,769
730370,9,66,105129,157693.5,521
730388,17,49,76504,76504.0,0
730561,4,11,19532,19532.0,0
730641,16,46,89287,89287.0,1689
730715,21,60,93879,93879.0,527
730726,14,34,48612,48612.0,0
730737,16,49,69948,69948.0,855
730742,9,28,41194,41194.0,672
730748,5,8,13640,13640.0,0
730768,0,0,0,0.0,0
730771,16,39,62061,62061.0,1036
730795,0,0,0,0.0,0
730901,1,3,3714,3714.0,0
731001,8,15,23104,23104.0,717
731160,14,33,54914,54914.0,1885
731238,15,34,53677,53677.0,847
731254,0,0,0,0.0,0
731286,0,0,0,0.0,0
731373,0,0,0,0.0,0
731494,14,39,50955,50955.0,631
731510,18,43,67206,67206.0,1675
731540,13,33,44151,44151.0,847
731593,16,40,51974,51974.0,1031
731696,13,30,51460,51460.0,0
731819,16,49,78475,78475.0,556
731958,6,20,31004,46506.0,1018
732009,13,34,48555,48555.0,1116
732013,18,40,62885,62885.0,1265
732081,14,36,50076,50076.0,639
732113,8,28,28505,28505.0,498
732144,10,34,51944,51944.0,439
732213,18,40,52633,52633.0,593
732231,14,33,49655,49655.0,548
732304,12,98,139828,209742.0,533
732362,17,44,71543,71543.0,680
732368,16,47,82289,82289.0,2672
732377,2,4,6805,6805.0,0
732488,17,46,72231,72231.0,1395
732524,16,38,60352,60352.0,954
732602,10,22,32812,32812.0,453
732606,11,27,41428,41428.0,0
732694,10,29,44826,44826.0,772
732808,16,54,77455,77455.0,428
732813,16,43,69865,69865.0,363
732862,0,0,0,0.0,0
732863,13,33,38482,38482.0,837
732880,0,0,0,0.0,0
733046,12,29,44717,44717.0,977
733096,12,32,43916,43916.0,1371
733181,15,44,70786,70786.0,1239
733226,5,15,29785,29785.0,510
733324,15,28,36021,36021.0,954
733338,1,3,4497,4497.0,0
733350,20,55,86805,86805.0,2165
733370,18,51,81870,81870.0,741
733434,0,0,0,0.0,0
733467,0,0,0,0.0,0
733497,6,51,93640,140460.0,0
733515,3,8,17384,17384.0,0
733582,12,32,51644,51644.0,1444
733601,2,6,10419,10419.0,0
733603,11,26,42903,42903.0,992
733608,12,31,46944,46944.0,403
733627,11,27,38981,38981.0,0
733658,18,50,78016,78016.0,1328
733693,14,41,76015,76015.0,1401
733728,16,44,65448,65448.0,595
733746,12,30,38587,38587.0,1742
733889,15,46,64579,64579.0,579
733903,11,28,39478,39478.0,523
733906,16,46,71968,71968.0,974
733907,2,6,11151,11151.0,0
734035,16,38,59170,59170.0,1044
734077,13,35,54062,54062.0,660
734119,0,0,0,0.0,0
734192,16,34,64202,64202.0,2253
734224,7,80,109950,164925.0,1041
734226,7,20,36087,36087.0,887
734307,19,56,74959,74959.0,1021
734458,8,19,25398,25398.0,0
734459,12,36,63477,63477.0,1020
734490,17,44,69881,69881.0,0
734556,2,6,12213,12213.0,0
734647,6,69,94834,142251.0,0
734727,19,46,72782,72782.0,385
734752,13,25,27358,27358.0,1265
734791,8,62,120056,180084.0,561
734801,16,43,64842,64842.0,1002
734824,16,46,60829,60829.0,1190
734838,9,25,45274,45274.0,459
734880,16,41,63646,63646.0,392
734938,5,14,15429,15429.0,0
734952,7,20,34625,34625.0,494
735000,5,50,69339,104008.5,0
735038,20,60,93170,93170.0,1217
735171,0,0,0,0.0,0
735263,13,38,46024,46024.0,963
735266,17,51,68139,68139.0,1697
735304,17,29,44741,44741.0,1053
735341,15,37,56798,56798.0,633
735515,13,27,43200,43200.0,1526
735605,4,40,75835,113752.5,0
735627,12,33,48616,48616.0,950
735666,13,44,75084,75084.0,1044
735676,10,23,33677,33677.0,1243
735770,12,37,61504,61504.0,1054
735790,17,49,75664,75664.0,1295
735846,14,40,54771,54771.0,2199
735964,11,30,41495,41495.0,404
735966,7,15,14121,14121.0,0
736004,2,10,16260,16260.0,0
736109,16,47,60409,60409.0,594
736219,1,1,704,704.0,0
736220,1,5,12175,12175.0,0
736258,1,3,7308,7308.0,0
736389,12,29,56708,56708.0,457
736414,14,38,58166,58166.0,642
736459,11,30,46470,46470.0,1016
736504,36,88,145022,145022.0,3490
736518,14,38,58473,58473.0,1003
736615,9,17,28042,28042.0,1546
736646,16,35,53022,53022.0,1120
736685,14,46,75431,75431.0,1439
736813,1,2,1922,1922.0,0
736829,13,29,45120,45120.0,883
736970,10,29,38444,38444.0,0
737027,0,0,0,0.0,0
737221,5,16,27190,27190.0,0
737451,0,0,0,0.0,0
737474,16,45,80736,80736.0,582
737477,16,40,63070,63070.0,448
737509,8,20,37318,37318.0,0
737519,13,43,68305,68305.0,961
737534,14,40,65672,65672.0,1249
737542,15,37,52478,52478.0,336
737602,3,9,14840,14840.0,0
737604,11,22,28478,28478.0,2646
737676,0,0,0,0.0,0
737755,14,42,72502,72502.0,523
737756,14,44,66616,66616.0,1121
737764,14,36,51909,51909.0,966
737791,15,36,58332,58332.0,1556
737842,17,42,70802,70802.0,1931
737906,12,40,73714,73714.0,365
737940,19,50,79144,79144.0,1287
737949,12,29,42774,42774.0,334
738005,16,50,70183,70183.0,1332
738096,13,33,60587,60587.0,413
738141,9,30,60313,60313.0,644
738204,15,41,55610,55610.0,1614
738253,0,0,0,0.0,0
738279,14,42,64432,64432.0,1724
738320,13,32,37537,37537.0,0
738332,18,50,76514,76514.0,0
738427,16,49,77744,77744.0,1549
738431,10,36,58894,58894.0,947
738432,14,45,70828,70828.0,979
738435,12,33,56620,56620.0,0
738459,14,27,48168,48168.0,992
738467,17,49,87589,87589.0,0
738473,11,32,46452,46452.0,628
738567,26,68,91667,91667.0,493
738597,9,24,42722,42722.0,979
738651,9,21,34518,34518.0,608
738652,16,43,66416,66416.0,1281
738732,9,24,50489,50489.0,1121
738874,7,15,16238,16238.0,1149
738890,1,2,1130,1130.0,0
739005,17,46,70951,70951.0,2156
739021,10,17,24072,24072.0,617
739084,14,37,61467,61467.0,523
739138,18,48,76549,76549.0,394
739227,3,7,7334,7334.0,0
739284,19,46,72295,72295.0,1449
739345,12,29,42462,42462.0,1004
739352,11,29,45565,45565.0,490
739513,5,58,82144,123216.0,520
739617,7,24,34257,34257.0,524
739684,4,12,18294,18294.0,0
739704,6,14,23353,23353.0,0
739767,1,1,773,773.0,0
739781,15,39,55960,55960.0,332
739808,16,43,72392,72392.0,1734
739820,15,38,66371,66371.0,1425
739933,15,36,45270,45270.0,1880
740025,17,49,65024,65024.0,626
740063,15,48,74120,74120.0,1090
740083,13,24,37987,37987.0,427
740090,12,32,41791,41791.0,468
740105,14,34,57442,57442.0,660
740326,1,1,860,860.0,0
740349,0,0,0,0.0,0
740407,3,9,17316,17316.0,0
740422,15,40,56375,56375.0,2449
740509,0,0,0,0.0,0
740577,8,23,29257,29257.0,319
740603,9,27,44478,44478.0,0
740608,12,32,43643,43643.0,1131
740703,14,37,55137,55137.0,0
740754,7,20,30838,30838.0,1101
740762,18,57,87831,87831.0,1032
740763,11,26,33014,33014.0,472
740814,15,33,52121,52121.0,1277
740918,13,43,69607,69607.0,1471
740992,18,54,86440,86440.0,1423
741031,15,48,69780,69780.0,415
741138,11,28,43673,43673.0,0
741244,4,11,21966,21966.0,0
741313,17,43,68890,68890.0,950
741384,0,0,0,0.0,0
741421,16,35,54703,54703.0,1911
741422,13,31,47981,47981.0,1140
741428,8,29,39227,39227.0,464
741470,0,0,0,0.0,0
741483,13,34,48411,48411.0,1409
741657,0,0,0,0.0,0
741677,14,43,72132,72132.0,1330
741700,9,20,34253,34253.0,1083
741725,5,19,24908,24908.0,561
741801,13,29,43079,43079.0,1750
741842,14,34,44146,44146.0,1985
741848,0,0,0,0.0,0
741892,13,37,57797,57797.0,1392
741926,0,0,0,0.0,0
742002,10,28,54018,54018.0,537
742009,19,52,77652,77652.0,1026
742062,13,32,45949,45949.0,393
742064,7,18,30074,30074.0,574
742281,13,38,64345,64345.0,1770
742319,12,36,64132,64132.0,383
742321,2,3,4735,4735.0,0
742356,0,0,0,0.0,0
742359,5,14,17937,17937.0,0
742493,19,41,70153,70153.0,2108
742509,13,45,68239,68239.0,1931
742612,12,36,64584,64584.0,639
742666,2,3,5518,5518.0,0
742669,15,51,85570,85570.0,1803
742673,0,0,0,0.0,0
742732,16,37,56909,56909.0,1547
742749,16,45,75371,75371.0,0
742822,8,21,23961,23961.0,885
742854,9,23,38470,38470.0,662
742886,16,36,56766,56766.0,1233
743001,10,29,41620,41620.0,1191
743018,15,34,48177,48177.0,1526
743108,0,0,0,0.0,0
743121,11,25,48571,48571.0,743
743241,13,40,61385,61385.0,427
743256,11,36,48299,48299.0,494
743257,0,0,0,0.0,0
743263,18,50,78503,78503.0,1855
743320,0,0,0,0.0,0
743335,1,1,2066,2066.0,0
743481,0,0,0,0.0,0
743510,12,32,48149,48149.0,417
743610,14,37,57475,57475.0,922
743734,16,47,72073,72073.0,518
743766,6,54,98743,148114.5,478
743768,14,36,62745,62745.0,1481
743798,12,38,54515,54515.0,963
743835,15,49,67849,67849.0,620
743849,13,34,53565,53565.0,1027
743879,16,42,60285,60285.0,1218
743953,0,0,0,0.0,0
744117,10,22,30452,30452.0,447
744135,14,30,43316,43316.0,421
744138,15,37,71494,71494.0,356
744181,7,15,22577,22577.0,0
744204,15,53,78872,78872.0,1373
744228,2,3,2772,2772.0,0
744234,12,27,39826,39826.0,0
744304,3,5,10380,10380.0,0
744320,9,75,134577,201865.5,0
744406,6,56,67396,101094.0,1306
744441,0,0,0,0.0,0
744528,14,41,65401,65401.0,1579
744567,14,34,45323,45323.0,758
744608,13,34,42670,42670.0,1239
744612,8,25,26638,26638.0,499
744675,13,39,57336,57336.0,0
744698,6,37,60552,90828.0,0
744711,8,65,94797,142195.5,0
744731,0,0,0,0.0,0
744746,0,0,0,0.0,0
744778,9,21,40060,40060.0,0
744789,8,77,137176,205764.0,0
744837,0,0,0,0.0,0
744860,8,22,42151,42151.0,389
745028,1,2,2776,2776.0,0
745080,0,0,0,0.0,0
745290,14,38,66920,66920.0,1740
745336,0,0,0,0.0,0
745354,8,71,66721,100081.5,0
745383,5,33,65516,98274.0,0
745420,17,51,75055,75055.0,1111
745454,3,7,10477,10477.0,0
745565,0,0,0,0.0,0
745600,9,28,42151,42151.0,450
745636,6,13,12285,12285.0,339
745668,13,33,45631,45631.0,409
745729,16,53,82582,82582.0,473
745738,15,46,62450,62450.0,1813
745769,12,29,49870,49870.0,0
745792,14,37,49929,49929.0,1154
745811,18,45,75855,75855.0,2463
745830,18,40,57443,57443.0,463
745870,0,0,0,0.0,0
745901,8,88,107012,160518.0,537
745908,14,28,43601,43601.0,0
745920,12,34,49874,49874.0,918
745938,0,0,0,0.0,0
746031,16,45,73448,73448.0,1519
746060,17,44,67731,67731.0,421
746061,12,43,53338,53338.0,1681
746171,8,17,26004,26004.0,1231
746226,2,6,4347,4347.0,0
746235,0,0,0,0.0,0
746296,15,45,85702,85702.0,515
746314,5,15,21273,21273.0,0
746377,0,0,0,0.0,0
746385,4,6,6954,6954.0,845
746402,16,45,71940,71940.0,1141
746502,6,41,44496,66744.0,0
746520,10,33,55005,55005.0,335
746536,20,47,68366,68366.0,0
746554,17,53,92331,92331.0,1796
746580,2,5,6552,6552.0,0
746677,18,45,63441,63441.0,0
746772,12,32,42956,42956.0,1877
746796,2,4,3852,3852.0,0
746807,16,37,67355,67355.0,838
746837,19,53,70752,70752.0,2931
746853,2,3,3220,3220.0,0
746863,0,0,0,0.0,0
747187,13,31,55058,55058.0,0
747227,1,2,4762,4762.0,0
747304,8,22,38775,38775.0,1006
747315,13,45,66961,66961.0,0
747339,14,41,58008,58008.0,676
747395,14,37,58505,58505.0,1460
747483,4,6,10141,10141.0,459
747509,6,15,25936,25936.0,0
747571,13,38,53564,53564.0,477
747578,12,36,57505,57505.0,2006
747604,5,13,24513,24513.0,705
747609,9,18,25837,25837.0,0
747655,0,0,0,0.0,0
747668,13,33,49421,49421.0,1443
747681,14,35,48843,48843.0,449
747704,14,38,61981,61981.0,1822
747759,10,29,42225,42225.0,0
747816,0,0,0,0.0,0
747926,18,43,69107,69107.0,754
747939,21,55,82132,82132.0,966
747993,15,35,63038,63038.0,740
748019,18,58,94237,94237.0,1068
748033,4,17,26603,39904.5,1052
748055,14,35,49628,49628.0,733
748105,0,0,0,0.0,0
748174,0,0,0,0.0,0
748198,14,33,48776,48776.0,694
748286,5,21,37738,37738.0,1633
748299,13,33,38946,38946.0,3103
748586,3,9,13817,13817.0,695
748635,14,46,69819,69819.0,990
748649,14,52,68466,68466.0,2280
748682,14,38,47776,47776.0,412
748701,13,34,60541,60541.0,1647
748717,6,48,46376,69564.0,0
748810,9,29,56669,56669.0,1526
748831,3,10,11003,11003.0,546
748890,14,45,79418,79418.0,0
748914,1,4,7088,7088.0,440
749033,14,38,50043,50043.0,788
749112,17,45,62687,62687.0,3245
749212,11,30,40330,40330.0,1692
749257,1,4,6872,6872.0,0
749328,15,40,73331,73331.0,995
749362,0,0,0,0.0,0
749418,0,0,0,0.0,0
749430,11,30,40897,40897.0,1335
749441,16,41,55355,55355.0,1044
749459,11,23,28134,28134.0,0
749566,7,39,46513,69769.5,0
749684,13,42,73568,73568.0,942
749705,12,27,40937,40937.0,0
749801,14,31,36114,36114.0,679
749817,19,48,67647,67647.0,591
749827,7,22,35756,35756.0,1133
749883,19,57,85228,85228.0,2204
749972,8,62,68594,102891.0,0
750130,17,46,65938,65938.0,845
750152,15,38,66174,66174.0,523
750153,0,0,0,0.0,0
750154,0,0,0,0.0,0
750162,5,18,26870,26870.0,0
750171,17,50,75775,75775.0,1525
750199,9,30,44719,44719.0,1244
750247,0,0,0,0.0,0
750280,16,48,59499,59499.0,1352
750300,18,51,70161,70161.0,1272
750324,14,36,58837,58837.0,0
750384,12,28,35415,35415.0,0
750454,6,12,15478,15478.0,386
750457,4,15,23416,23416.0,0
750578,4,5,8043,8043.0,402
750649,14,46,66113,66113.0,0
750665,28,78,118584,118584.0,2098
750688,18,48,73218,73218.0,4208
750710,16,34,49208,49208.0,776
750739,11,26,38948,38948.0,384
750776,3,11,20115,20115.0,443
750862,11,26,45027,45027.0,1785
750893,0,0,0,0.0,0
750922,0,0,0,0.0,0
750955,10,27,29664,29664.0,0
750974,10,26,38874,38874.0,890
751223,11,23,40866,40866.0,1563
751270,1,2,1946,1946.0,0
751351,13,29,43817,43817.0,1128
751594,10,17,26861,26861.0,0
751602,9,20,25432,25432.0,875
751612,16,41,50874,50874.0,742
751616,0,0,0,0.0,0
751628,12,33,52544,52544.0,1542
751664,14,36,55182,55182.0,1881
751718,16,37,56801,56801.0,953
751779,13,35,53755,53755.0,1443
751820,15,43,62790,62790.0,599
751823,17,41,72294,72294.0,854
751824,16,41,62147,62147.0,1124
751829,11,32,46061,46061.0,672
751990,13,33,53556,53556.0,1010
752047,6,40,54861,82291.5,0
752107,15,42,66764,66764.0,1134
752140,16,31,46280,46280.0,1880
752217,13,31,54695,54695.0,1095
752259,12,31,45973,45973.0,2662
752274,15,36,51313,51313.0,1236
752331,16,39,61500,61500.0,0
752462,13,40,48797,48797.0,325
752548,8,20,22623,22623.0,423
752580,10,24,41220,41220.0,0
752609,13,33,45046,45046.0,0
752663,11,29,35288,35288.0,1394
752688,13,35,60355,60355.0,0
752704,16,40,65228,65228.0,541
752729,15,44,50799,50799.0,1078
752826,15,38,58768,58768.0,764
752874,15,34,49773,49773.0,551
752885,0,0,0,0.0,0
753038,14,31,46952,46952.0,1364
753089,15,36,51810,51810.0,1378
753130,3,4,4306,4306.0,0
753141,8,70,65945,98917.5,338
753149,11,30,47320,47320.0,553
753219,14,35,55836,55836.0,1156
753306,2,4,6364,6364.0,0
753452,15,41,64336,64336.0,1109
753456,9,21,33226,33226.0,352
753473,15,50,64862,64862.0,0
753533,16,50,82859,82859.0,513
753637,9,26,37978,37978.0,1009
753814,16,56,87501,87501.0,1081
753864,2,3,2998,2998.0,464
753887,12,31,49028,49028.0,522
753977,6,15,21579,21579.0,423
753987,17,43,62615,62615.0,944
753994,18,58,104607,104607.0,420
754042,14,33,53079,53079.0,488
754163,0,0,0,0.0,0
754175,9,22,38716,38716.0,600
754264,9,25,41111,41111.0,1058
754292,10,31,41591,41591.0,1284
754338,17,51,77106,77106.0,3743
754416,10,31,52513,52513.0,1485
754436,13,33,54969,54969.0,613
754517,16,39,58531,58531.0,1449
754539,11,25,30154,30154.0,648
754599,18,42,60253,60253.0,1577
754774,13,35,54607,54607.0,2166
754850,0,0,0,0.0,0
754936,2,3,5757,5757.0,0
755014,15,48,60975,60975.0,525
755015,2,7,11645,11645.0,616
755070,14,41,63786,63786.0,733
755073,12,35,54389,54389.0,1766
755082,16,41,64492,64492.0,791
755145,1,4,5340,5340.0,0
755276,12,29,38751,38751.0,892
755290,16,37,58662,58662.0,1110
755337,14,36,60883,60883.0,0
755362,11,30,48231,48231.0,818
755367,16,36,52379,52379.0,1531
755374,16,39,55746,55746.0,1141
755406,9,29,46500,46500.0,472
755533,11,27,45682,45682.0,1005
755538,13,32,36183,36183.0,948
755582,0,0,0,0.0,0
755668,12,28,52617,52617.0,1109
755759,11,27,40111,40111.0,1214
755867,14,31,49671,49671.0,1015
755977,14,34,56833,56833.0,2020
756043,0,0,0,0.0,0
756065,13,27,33333,33333.0,1160
756280,0,0,0,0.0,0
756317,10,28,43045,43045.0,2725
756341,14,39,58521,58521.0,3146
756355,18,55,100472,100472.0,1678
756481,14,46,64539,64539.0,429
756496,14,39,45627,45627.0,2063
756515,16,45,46408,46408.0,355
756526,0,0,0,0.0,0
756543,15,44,72915,72915.0,1461
756559,0,0,0,0.0,0
756592,0,0,0,0.0,0
756636,1,4,7796,7796.0,0
756646,15,39,62795,62795.0,377
756663,0,0,0,0.0,453
756668,9,25,35757,35757.0,0
756791,11,37,54136,54136.0,0
756833,17,47,77098,77098.0,1175
756862,9,21,35206,35206.0,587
756867,12,30,49334,49334.0,2080
756891,17,44,61208,61208.0,440
756892,13,33,42465,42465.0,1710
756907,13,43,55672,55672.0,867
756928,18,45,71960,71960.0,1762
756929,16,51,83645,83645.0,1174
756967,18,38,51203,51203.0,780
756973,0,0,0,0.0,0
757010,14,30,50248,50248.0,462
757041,10,24,35596,35596.0,850
757047,15,38,59826,59826.0,1202
757060,0,0,0,0.0,0
757127,0,0,0,0.0,0
757270,5,17,28595,28595.0,0
757387,13,31,54918,54918.0,585
757416,0,0,0,0.0,0
757420,13,38,65900,65900.0,638
757446,16,35,52739,52739.0,783
757547,15,47,71845,71845.0,0
757634,15,45,66682,66682.0,1454
757691,16,36,50906,50906.0,1042
757696,15,26,43832,43832.0,1269
757704,0,0,0,0.0,0
757834,15,39,45952,45952.0,726
757879,13,40,75660,75660.0,1251
757885,12,29,45103,45103.0,0
757938,13,30,44841,44841.0,725
758113,17,47,73857,73857.0,0
758165,11,27,43997,43997.0,743
758210,11,23,31208,31208.0,661
758262,12,24,33271,33271.0,1379
758322,0,0,0,0.0,0
758328,8,18,24126,24126.0,591
758372,11,36,52895,52895.0,0
758389,17,47,69241,69241.0,0
758432,18,39,60739,60739.0,861
758635,3,9,11980,11980.0,0
758656,4,10,19311,19311.0,598
758695,11,28,45221,45221.0,1880
758738,11,22,31781,31781.0,300
758789,11,31,49107,49107.0,1544
758840,8,25,39468,39468.0,1293
758927,7,17,23476,23476.0,478
759017,19,48,65278,65278.0,2094
759093,11,21,33032,33032.0,660
759132,0,0,0,0.0,0
759223,9,19,30734,30734.0,1771
759310,0,0,0,0.0,0
759311,11,30,39982,39982.0,908
759322,11,35,50995,50995.0,1514
759370,13,29,42871,42871.0,867
759417,11,26,31914,31914.0,2270
759518,7,12,17997,17997.0,0
759551,15,48,60107,60107.0,933
759603,6,30,46178,69267.0,0
759785,16,45,68817,68817.0,1359
759847,14,30,48721,48721.0,970
759899,13,36,58197,58197.0,1456
759983,0,0,0,0.0,0
759991,13,35,55316,55316.0,0
760061,15,39,57759,57759.0,1615
760077,0,0,0,0.0,0
760111,9,20,24653,24653.0,1739
760155,8,47,55039,82558.5,426
760158,7,51,73183,109774.5,324
760166,11,41,61912,61912.0,426
760176,12,32,44143,44143.0,0
760196,13,39,69847,69847.0,520
760424,7,50,65147,97720.5,1902
760508,10,31,47794,47794.0,0
760614,7,19,21575,21575.0,0
760645,13,36,44554,44554.0,417
760672,14,34,53254,53254.0,689
760835,14,39,59269,59269.0,861
760842,17,43,63978,63978.0,300
760876,13,40,57523,57523.0,415
760975,7,13,19837,19837.0,500
761007,0,0,0,0.0,0
761015,13,24,37570,37570.0,476
761114,20,57,94566,94566.0,948
761150,5,14,24740,24740.0,1074
761240,19,52,80233,80233.0,1798
761305,0,0,0,0.0,0
761403,13,38,58044,58044.0,1003
761423,13,41,55160,55160.0,1977
761444,0,0,0,0.0,0
761459,16,43,64866,64866.0,1515
761510,10,21,33196,33196.0,0
761600,2,5,6568,6568.0,735
761613,18,53,65586,65586.0,1495
761674,14,43,66873,66873.0,1178
761694,11,21,32654,32654.0,889
761966,14,27,45724,45724.0,603
762044,13,31,50405,50405.0,1958
762072,8,24,47867,47867.0,0
762117,13,34,56420,56420.0,1138
762255,7,21,34029,34029.0,1598
762259,12,32,54900,54900.0,1122
762272,10,27,38968,38968.0,442
762355,17,50,73498,73498.0,1013
762389,16,47,70599,70599.0,3456
762446,0,0,0,0.0,0
762474,6,17,22821,22821.0,690
762485,17,42,69229,69229.0,1306
762562,3,10,17719,17719.0,0
762671,10,28,39462,39462.0,0
762681,14,43,69670,69670.0,2386
762715,8,22,26205,26205.0,0
762951,17,50,75250,75250.0,741
762971,3,12,19598,19598.0,0
762990,0,0,0,0.0,0
763000,5,15,15782,15782.0,0
763061,6,16,28415,28415.0,515
763071,15,42,57210,57210.0,1336
763084,13,31,43427,43427.0,0
763113,13,44,59960,59960.0,1200
763132,16,44,64468,64468.0,1273
763177,15,38,68860,68860.0,488
763183,10,26,37260,37260.0,323
763224,3,7,8216,8216.0,907
763241,16,36,57263,57263.0,0
763248,3,46,51268,76902.0,0
763341,16,45,55532,55532.0,748
763403,17,45,85526,85526.0,2203
763406,18,59,91383,91383.0,1384
763520,13,30,51884,51884.0,2261
763591,15,40,64888,64888.0,833
763615,13,32,51086,51086.0,322
763618,3,10,18036,18036.0,0
763621,6,17,22568,22568.0,0
763702,14,42,62219,62219.0,0
763761,16,51,84779,84779.0,391
763797,15,41,62157,62157.0,2657
763806,0,0,0,0.0,0
764167,17,47,70283,70283.0,556
764227,0,0,0,0.0,0
764302,2,3,5333,5333.0,0
764305,18,46,81275,81275.0,1543
764513,15,45,64155,64155.0,0
764544,11,30,36866,36866.0,1222
764555,15,41,54283,54283.0,389
764578,15,47,76401,76401.0,1756
764595,16,40,58314,58314.0,1768
764634,21,53,73616,73616.0,940
764703,5,12,22876,22876.0,1122
764844,3,6,10302,10302.0,0
764869,17,47,61107,61107.0,1319
764889,11,29,43119,43119.0,608
764896,15,40,59142,59142.0,1243
764980,14,30,51383,51383.0,617
765079,17,41,60331,60331.0,1854
765127,10,21,34721,34721.0,1081
765202,12,35,61301,61301.0,1135
765223,0,0,0,0.0,0
765252,15,36,65250,65250.0,824
765261,8,15,27428,27428.0,0
765293,13,38,72605,72605.0,721
765323,14,46,74243,74243.0,1785
765338,9,19,31759,31759.0,0
765408,7,15,21886,21886.0,359
765428,18,40,66629,66629.0,574
765446,0,0,0,0.0,0
765481,14,37,53717,53717.0,439
765518,20,58,81401,81401.0,2676
765542,2,7,12160,12160.0,0
765655,3,8,10664,10664.0,879
765747,13,25,43725,43725.0,809
765793,12,24,44882,44882.0,0
765877,17,49,79705,79705.0,554
765924,14,39,66707,66707.0,1875
765955,10,18,23210,23210.0,1398
765973,0,0,0,0.0,0
765989,14,44,72831,72831.0,0
766012,0,0,0,0.0,0
766024,16,49,77135,77135.0,2057
766091,1,2,2304,2304.0,0
766262,3,11,15205,15205.0,733
766335,4,31,46984,70476.0,509
766355,3,31,52306,78459.0,0
766401,0,0,0,0.0,0
766530,19,42,66024,66024.0,532
766562,7,14,19622,19622.0,1714
766691,2,4,4209,4209.0,0
766733,15,42,66988,66988.0,885
766766,0,0,0,0.0,0
766775,13,31,42881,42881.0,0
766777,12,28,35695,35695.0,1114
766861,6,41,63918,95877.0,0
766886,10,30,42435,42435.0,0
766909,0,0,0,0.0,0
766927,17,53,69021,69021.0,1194
766969,19,53,89648,89648.0,1040
767006,13,34,54639,54639.0,297
767058,13,41,62277,62277.0,1533
767089,18,38,58792,58792.0,778
767175,1,3,7149,7149.0,0
767331,11,34,48646,48646.0,0
767366,4,8,15661,15661.0,504
767385,14,39,64643,64643.0,1099
767416,16,51,81769,81769.0,672
767428,18,44,57096,57096.0,478
767456,0,0,0,0.0,0
767494,0,0,0,0.0,0
767507,13,29,44572,44572.0,1033
767534,14,38,60738,60738.0,737
767648,7,21,30651,30651.0,972
767672,12,38,58327,58327.0,358
767678,0,0,0,0.0,0
767728,4,9,14518,14518.0,348
767752,16,44,63501,63501.0,1380
767767,6,29,37172,55758.0,0
767774,0,0,0,0.0,0
767857,6,16,19409,19409.0,2788
767864,3,8,7170,7170.0,510
767894,12,34,53269,53269.0,525
767907,15,43,55692,55692.0,453
767908,14,32,46584,46584.0,767
767971,0,0,0,0.0,0
768010,10,26,37822,37822.0,1578
768012,17,51,77165,77165.0,1246
768030,11,30,48687,48687.0,1331
768072,16,38,56073,56073.0,750
768078,14,35,58796,58796.0,452
768113,15,46,61921,61921.0,1168
768255,6,20,31257,31257.0,594
768313,3,6,7666,7666.0,459
768354,13,39,55809,55809.0,659
768365,6,39,53627,80440.5,346
768415,16,46,69132,69132.0,0
768518,16,37,57081,57081.0,2012
768748,14,41,74702,74702.0,300
768959,3,6,5192,5192.0,590
768996,12,34,43745,43745.0,1142
769023,10,30,44230,44230.0,0
769030,13,26,27017,27017.0,1142
769166,0,0,0,0.0,0
769346,12,29,46171,46171.0,1588
769361,13,35,49575,49575.0,1427
769495,4,13,11227,11227.0,0
769521,16,42,66430,66430.0,2443
769560,19,61,96534,96534.0,1298
769602,0,0,0,0.0,0
769623,14,32,51013,51013.0,557
769669,6,25,34590,34590.0,0
769709,15,42,67334,67334.0,1347
769731,11,28,35823,35823.0,1252
769763,11,23,41811,41811.0,535
769891,16,49,64478,64478.0,577
769976,5,17,32884,32884.0,0
770094,17,43,57968,57968.0,1916
770327,17,41,66677,66677.0,1145
770362,5,13,16621,16621.0,0
770452,11,22,24337,24337.0,464
770524,1,2,1696,1696.0,0
770568,3,25,41156,61734.0,458
770591,10,29,44956,44956.0,1552
770634,10,31,38435,38435.0,1480
770651,2,3,5539,5539.0,0
770702,2,4,3916,3916.0,0
770727,7,24,42529,42529.0,416
770759,4,10,19629,19629.0,1867
770968,11,24,28636,28636.0,618
771035,19,48,74866,74866.0,1042
771056,16,40,62851,62851.0,1989
771133,0,0,0,0.0,0
771220,0,0,0,0.0,0
771259,10,23,26376,26376.0,0
771285,13,38,59240,59240.0,1389
771307,16,42,55728,55728.0,0
771353,7,24,32905,32905.0,1092
771667,14,42,53807,53807.0,376
771713,13,30,48919,48919.0,563
771753,0,0,0,0.0,0
771757,12,43,52257,52257.0,1513
771872,6,42,67462,101193.0,2233
771880,2,3,6157,6157.0,0
771901,10,28,34694,34694.0,962
771932,1,1,2424,2424.0,0
771943,19,45,64000,64000.0,2202
771960,18,45,62715,62715.0,0
771976,1,4,3668,3668.0,0
772019,14,26,41032,41032.0,902
772025,2,14,22548,33822.0,0
772081,3,6,8972,8972.0,0
772152,11,30,43778,43778.0,443
772181,12,28,33629,33629.0,610
772194,13,35,55390,55390.0,928
772237,19,51,75736,75736.0,793
772362,9,24,32946,32946.0,1080
772370,15,41,53575,53575.0,1700
772381,16,44,74302,74302.0,676
772395,9,25,33391,33391.0,768
772397,14,39,61274,61274.0,689
772437,13,38,66729,66729.0,694
772438,19,45,56859,56859.0,325
772484,16,36,51482,51482.0,0
772532,6,67,105832,158748.0,777
772608,1,5,3045,3045.0,0
772628,13,27,40424,40424.0,559
772827,9,18,26564,26564.0,583
772834,10,29,49935,49935.0,0
772952,12,32,51256,51256.0,1471
772960,15,40,68114,68114.0,1592
773012,21,62,103275,103275.0,882
773019,5,13,20952,20952.0,0
773086,12,25,37627,37627.0,365
773095,3,32,41346,62019.0,0
773112,17,48,76848,76848.0,1775
773219,7,18,29275,29275.0,381
773261,12,29,48441,48441.0,0
773290,13,30,44171,44171.0,1341
773293,12,34,49834,49834.0,579
773364,13,36,50743,50743.0,371
773390,14,37,49060,49060.0,864
773397,14,39,71346,71346.0,866
773418,12,34,60204,60204.0,0
773546,18,34,56272,56272.0,1621
773571,2,2,3244,3244.0,0
773593,0,0,0,0.0,0
773598,11,24,38626,38626.0,702
773648,14,42,62414,62414.0,397
773676,2,5,6733,6733.0,0
773739,6,52,96568,144852.0,1065
773805,12,40,56711,56711.0,729
773844,6,16,19361,19361.0,0
773857,0,0,0,0.0,0
773865,18,45,58353,58353.0,0
773943,19,47,66555,66555.0,312
773973,14,30,38960,38960.0,1291
773986,15,35,50096,50096.0,0
774103,17,51,80699,80699.0,0
774168,7,20,30479,30479.0,524
774226,14,36,52206,52206.0,456
774234,16,45,86428,86428.0,1795
774249,1,2,4888,4888.0,0
774272,14,45,69909,69909.0,822
774275,9,28,41242,41242.0,1117
774321,10,31,48826,48826.0,0
774326,14,41,71423,71423.0,1761
774386,7,52,71550,107325.0,1417
774724,11,34,48224,48224.0,1239
774931,4,9,11324,11324.0,0
775158,2,8,16080,16080.0,0
775160,16,42,62474,62474.0,1732
775170,8,33,55227,55227.0,0
775176,12,32,56190,56190.0,1431
775185,17,43,62458,62458.0,2677
775193,14,40,64271,64271.0,1585
775304,9,18,25709,25709.0,0
775407,2,6,10713,10713.0,0
775440,16,48,79623,79623.0,623
775520,6,11,14052,14052.0,0
775562,2,3,4870,4870.0,0
775573,16,38,61388,61388.0,1942
775639,15,38,57273,57273.0,2628
775678,1,3,5541,5541.0,0
775724,7,54,82211,123316.5,366
775768,35,94,157231,157231.0,2628
776139,16,44,65202,65202.0,957
776153,4,9,13766,13766.0,0
776187,19,50,61595,61595.0,1529
776317,5,37,57976,86964.0,448
776399,0,0,0,0.0,0
776443,13,31,42732,42732.0,0
776453,14,27,41715,41715.0,1049
776464,15,48,63986,63986.0,404
776466,7,11,14809,14809.0,0
776547,7,22,28797,28797.0,1253
776613,17,52,74145,74145.0,1227
776736,11,36,56758,56758.0,0
776782,6,17,27633,27633.0,480
776795,15,44,60371,60371.0,2110
776830,0,0,0,0.0,0
776931,8,19,29958,29958.0,609
776956,6,25,30948,46422.0,1710
777108,12,39,51898,51898.0,958
777118,16,45,66283,66283.0,754
777171,16,40,54743,54743.0,898
777197,14,37,50394,50394.0,0
777231,18,56,87839,87839.0,1325
777300,21,58,87143,87143.0,2510
777351,16,30,54744,54744.0,1283
777418,7,21,27743,27743.0,598
777514,10,25,39079,39079.0,549
777531,18,44,81393,81393.0,471
777540,14,40,60123,60123.0,1267
777544,5,19,22222,22222.0,949
777549,17,51,64555,64555.0,1065
777561,16,46,86748,86748.0,1518
777714,14,37,54060,54060.0,1789
777861,2,2,2801,2801.0,0
777871,15,28,44788,44788.0,658
777875,14,35,42931,42931.0,1305
777931,17,53,68521,68521.0,645
777990,11,22,33929,33929.0,441
778027,5,15,25454,25454.0,0
778030,14,38,52673,52673.0,832
778031,11,31,46963,46963.0,1719
778066,10,26,35533,35533.0,1012
778168,14,40,61695,61695.0,0
778310,18,45,60008,60008.0,0
778317,18,48,64913,64913.0,345
778393,14,36,39304,39304.0,532
778426,10,23,37397,37397.0,0
778590,13,33,41253,41253.0,1803
778865,16,40,55333,55333.0,1710
778920,16,35,51411,51411.0,698
778952,16,40,44659,44659.0,2662
779046,16,41,47967,47967.0,1364
779066,16,54,74878,74878.0,1137
779082,9,53,90996,136494.0,914
779085,17,52,77287,77287.0,1645
779106,14,36,62938,62938.0,1939
779159,11,24,33149,33149.0,792
779171,13,39,50675,50675.0,769
779184,15,37,53140,53140.0,789
779211,8,17,27723,27723.0,1163
779247,16,50,57896,57896.0,536
779291,14,47,50903,50903.0,327
779412,9,31,61613,61613.0,1025
779427,14,33,56793,56793.0,874
779434,14,39,57858,57858.0,1921
779435,6,31,35854,53781.0,0
779444,0,0,0,0.0,0
779468,3,8,16522,16522.0,0
779573,15,37,54046,54046.0,548
779679,15,43,58241,58241.0,456
779882,15,37,50037,50037.0,457
779929,7,19,28349,28349.0,432
779977,12,29,36939,36939.0,0
780104,1,1,2085,2085.0,0
780140,15,45,62873,62873.0,0
780150,18,46,65928,65928.0,2134
780236,14,41,67020,67020.0,0
780266,3,12,16330,16330.0,0
780298,10,30,37900,37900.0,0
780389,0,0,0,0.0,0
780423,15,47,58321,58321.0,1052
780428,13,40,61102,61102.0,1260
780504,16,38,58654,58654.0,1293
780525,0,0,0,0.0,0
780529,3,3,4940,4940.0,392
780631,1,3,4362,4362.0,0
780728,17,45,72188,72188.0,461
780855,0,0,0,0.0,0
780944,16,34,57273,57273.0,510
780973,14,51,72950,72950.0,1139
780991,3,9,14153,14153.0,536
781052,16,41,72950,72950.0,1186
781062,10,33,50779,50779.0,1307
781110,16,48,79023,79023.0,1686
781187,18,45,72742,72742.0,1505
781219,14,41,67450,67450.0,462
781227,3,11,15391,15391.0,0
781293,2,5,9067,9067.0,0
781347,14,37,56244,56244.0,873
781354,11,31,49093,49093.0,2585
781355,17,42,70038,70038.0,405
781463,16,36,59258,59258.0,503
781480,12,29,47924,47924.0,1202
781495,16,44,52813,52813.0,334
781519,12,35,48806,48806.0,0
781570,13,35,58763,58763.0,1382
781621,12,28,42566,42566.0,1651
781647,16,42,66994,66994.0,0
781777,15,39,58269,58269.0,861
781797,7,17,25446,25446.0,2278
781924,15,36,52209,52209.0,1198
781963,3,11,22501,22501.0,0
781970,14,40,53438,53438.0,1088
782078,5,17,26462,26462.0,0
782100,14,34,58176,58176.0,592
782124,15,48,61127,61127.0,2165
782241,16,45,63282,63282.0,1425
782282,14,36,65498,65498.0,0
782284,3,24,18867,28300.5,0
782318,0,0,0,0.0,0
782329,15,44,67343,67343.0,2324
782393,6,40,60617,90925.5,0
782485,16,43,63109,63109.0,0
782503,0,0,0,0.0,0
782515,12,28,38343,38343.0,2266
782523,2,4,6549,6549.0,0
782549,12,28,32818,32818.0,631
782596,15,51,69495,69495.0,1185
782606,0,0,0,0.0,0
782654,9,28,26920,26920.0,472
782719,16,37,54329,54329.0,2580
782804,0,0,0,0.0,0
782818,17,44,69078,69078.0,1887
783145,14,29,37465,37465.0,458
783165,0,0,0,0.0,0
783255,12,23,36467,36467.0,1538
783300,14,36,57227,57227.0,1037
783363,7,16,25706,25706.0,520
783438,1,1,634,634.0,0
783515,5,11,13044,13044.0,1254
783604,10,26,30136,30136.0,0
783610,4,12,17557,17557.0,0
783789,16,41,53027,53027.0,1194
783791,10,19,22935,22935.0,409
783928,13,29,36367,36367.0,343
784113,14,44,67491,67491.0,447
784185,18,42,74705,74705.0,688
784271,11,23,40402,40402.0,1980
784356,6,18,33582,33582.0,650
784380,6,19,26356,26356.0,0
784490,19,55,70667,70667.0,2233
784537,13,36,54731,54731.0,1597
784570,8,22,33046,33046.0,663
784597,0,0,0,0.0,0
784608,14,38,70517,70517.0,2766
784710,5,48,56660,84990.0,0
784782,18,44,76252,76252.0,2155
784787,0,0,0,0.0,0
784804,10,24,38122,38122.0,0
784838,17,58,83452,83452.0,820
784847,16,39,57811,57811.0,744
784945,15,35,58604,58604.0,489
784946,11,38,53613,53613.0,912
784962,14,33,55678,55678.0,372
785076,16,43,58534,58534.0,2498
785114,6,75,82253,123379.5,555
785129,3,9,15023,15023.0,577
785185,9,21,29806,29806.0,539
785223,14,36,58157,58157.0,1186
785389,0,0,0,0.0,0
785398,18,46,70262,70262.0,2494
785738,13,39,44935,44935.0,400
785826,18,50,79230,79230.0,548
785836,18,47,73370,73370.0,0
785965,2,4,9342,9342.0,399
785992,18,45,50742,50742.0,1508
786230,1,2,4410,4410.0,0
786255,16,38,43352,43352.0,546
786287,7,53,99342,149013.0,605
786330,0,0,0,0.0,0
786391,11,35,42475,42475.0,846
786442,11,30,54253,54253.0,1303
786525,18,54,74037,74037.0,1694
786613,13,34,52042,52042.0,1310
786624,12,33,41197,41197.0,2531
786703,12,39,61739,61739.0,1019
786709,17,50,76122,76122.0,1186
786710,16,43,61679,61679.0,419
786827,8,19,38196,38196.0,461
786966,4,10,7971,7971.0,452
787001,16,46,59289,59289.0,0
787018,0,0,0,0.0,0
787086,8,23,27900,27900.0,0
787172,0,0,0,0.0,0
787249,0,0,0,0.0,0
787276,18,50,86598,86598.0,570
787277,2,8,9389,9389.0,0
787322,0,0,0,0.0,0
787416,15,39,55172,55172.0,772
787472,10,36,55887,55887.0,2006
787525,17,52,83874,83874.0,602
787548,16,49,68579,68579.0,521
787571,3,8,15302,15302.0,719
787606,13,45,68296,68296.0,1526
787625,14,39,49751,49751.0,1703
787651,0,0,0,0.0,0
787660,18,46,67298,67298.0,1262
787763,16,40,59626,59626.0,1229
787833,13,26,39053,39053.0,1037
787875,16,45,75686,75686.0,406
787899,0,0,0,0.0,0
787911,0,0,0,0.0,0
788001,14,36,57905,57905.0,2015
788091,16,37,58464,58464.0,1518
788159,13,38,63503,63503.0,1313
788217,5,49,75222,112833.0,0
788283,2,3,5241,5241.0,0
788292,22,50,67594,67594.0,1093
788325,10,19,29894,29894.0,444
788332,10,31,32543,32543.0,1752
788354,17,46,65842,65842.0,514
788407,10,23,41549,41549.0,0
788460,10,29,41886,41886.0,882
788515,11,31,44069,44069.0,368
788555,0,0,0,0.0,0
788759,15,41,65078,65078.0,2116
788870,20,55,87380,87380.0,1351
788947,16,53,77334,77334.0,1262
788997,15,34,54331,54331.0,1307
789001,17,47,88954,88954.0,1254
789004,14,35,45068,45068.0,1268
789052,12,30,35376,35376.0,555
789057,2,5,7488,7488.0,0
789120,18,49,51642,51642.0,989
789148,14,39,49607,49607.0,1088
789149,14,44,75172,75172.0,997
789157,2,3,6690,6690.0,0
789190,11,22,28857,28857.0,1191
789206,14,29,41369,41369.0,457
789288,5,9,9689,9689.0,1338
789303,18,48,73077,73077.0,2119
789421,12,30,41637,41637.0,0
789431,0,0,0,0.0,0
789444,16,40,61225,61225.0,3019
789465,5,20,34682,34682.0,0
789573,10,21,34722,34722.0,950
789624,18,35,55192,55192.0,990
789797,18,37,57615,57615.0,317
789826,19,45,68711,68711.0,2553
789859,15,44,65749,65749.0,1189
789892,16,37,50309,50309.0,1507
789932,5,35,56897,85345.5,490
790008,13,23,34665,34665.0,2924
790089,15,34,53015,53015.0,2467
790094,12,24,28718,28718.0,0
790123,17,48,64079,64079.0,0
790165,17,42,66931,66931.0,667
790178,14,39,70204,70204.0,1409
790240,13,34,58670,58670.0,954
790287,6,15,21348,21348.0,645
790303,18,39,57349,57349.0,1215
790341,15,46,55975,55975.0,1463
790346,5,15,16089,16089.0,925
790366,0,0,0,0.0,0
790450,16,43,54143,54143.0,984
790475,8,44,60054,90081.0,1594
790649,16,39,57223,57223.0,350
790734,15,42,50853,50853.0,359
790740,2,5,10497,10497.0,0
790813,12,34,49655,49655.0,735
790940,0,0,0,0.0,0
790943,2,5,9479,9479.0,0
791132,15,46,70458,70458.0,969
791202,14,39,73488,73488.0,862
791280,11,25,37138,37138.0,638
791282,4,46,68554,102831.0,541
791342,14,39,52763,52763.0,0
791355,16,41,55725,55725.0,0
791466,9,24,30982,30982.0,911
791678,12,33,44385,44385.0,673
791765,15,42,62542,62542.0,1656
791809,18,46,68944,68944.0,3147
791852,13,37,54854,54854.0,0
791978,16,30,51244,51244.0,0
792086,12,34,42811,42811.0,1057
792094,0,0,0,0.0,0
792103,9,61,76557,114835.5,0
792229,4,29,46524,69786.0,492
792277,0,0,0,0.0,0
792332,17,43,60959,60959.0,416
792361,10,28,43868,43868.0,795
792383,15,46,73204,73204.0,868
792412,4,8,13663,13663.0,0
792418,14,38,56402,56402.0,554
792514,16,44,80751,80751.0,1655
792695,12,28,48446,48446.0,1777
792698,11,26,51588,51588.0,512
792707,15,40,59179,59179.0,623
792795,15,36,62453,62453.0,1400
792873,19,55,84984,84984.0,2243
792898,15,34,48140,48140.0,2972
792915,16,43,56803,56803.0,549
792932,1,2,4292,4292.0,566
793094,13,34,59764,59764.0,1022
793125,10,30,40660,40660.0,1294
793126,10,59,68247,102370.5,629
793134,14,44,73937,73937.0,436
793154,19,50,61601,61601.0,488
793178,16,41,57514,57514.0,625
793180,4,8,13522,13522.0,0
793285,8,19,18568,18568.0,1538
793318,16,41,71191,71191.0,1204
793328,10,24,32508,32508.0,1473
793384,16,47,66107,66107.0,352
793423,17,48,65278,65278.0,851
793473,12,23,34560,34560.0,577
793549,15,44,71199,71199.0,2029
793608,4,10,16208,16208.0,0
793618,13,36,42955,42955.0,1261
793619,11,23,35080,35080.0,671
793645,12,30,48165,48165.0,429
793662,13,31,44189,44189.0,1008
793742,3,6,9695,9695.0,0
793761,17,46,57639,57639.0,841
793801,0,0,0,0.0,0
793838,14,36,56985,56985.0,3410
793892,5,42,68682,103023.0,0
793904,16,44,65636,65636.0,953
793980,10,29,29525,29525.0,0
793995,16,42,70832,70832.0,1342
794024,19,50,90259,90259.0,952
794136,17,51,66720,66720.0,1923
794202,9,15,28552,28552.0,420
794248,6,45,68281,102421.5,0
794286,17,40,60967,60967.0,791
794323,14,42,71039,71039.0,0
794334,0,0,0,0.0,0
794348,5,14,18611,18611.0,0
794480,11,28,39244,39244.0,1550
794496,7,63,102401,153601.5,0
794502,12,27,52888,52888.0,0
794523,13,31,41119,41119.0,1247
794552,12,24,37303,37303.0,444
794602,17,55,87312,87312.0,1283
794620,4,9,10406,10406.0,0
794625,0,0,0,0.0,0
794677,14,44,76046,76046.0,1199
794723,10,30,42813,42813.0,1440
794752,14,38,58808,58808.0,439
794784,14,35,55822,55822.0,1458
794863,15,45,67849,67849.0,0
794951,5,27,44446,66669.0,480
795084,8,18,28456,28456.0,0
795129,13,31,39199,39199.0,1978
795155,0,0,0,0.0,0
795174,12,29,47255,47255.0,536
795230,15,34,42181,42181.0,876
795235,1,1,1892,1892.0,0
795283,14,42,56493,56493.0,1441
795446,14,34,51510,51510.0,1619
795468,18,46,69563,69563.0,1298
795486,15,37,62538,62538.0,475
795492,17,51,74511,74511.0,0
795512,13,39,51320,51320.0,1662
795554,0,0,0,0.0,0
795607,3,8,14373,14373.0,543
795714,0,0,0,0.0,0
795743,0,0,0,0.0,0
795820,12,29,45453,45453.0,0
795840,2,2,1961,2941.5,474
795908,2,5,6589,6589.0,0
796099,15,43,57447,57447.0,535
796104,10,28,43492,43492.0,1496
796213,14,30,48883,48883.0,569
796281,18,49,60148,60148.0,1821
796347,18,42,48727,48727.0,554
796429,0,0,0,0.0,0
796484,12,32,44785,44785.0,318
796508,14,27,40331,40331.0,386
796541,13,38,60502,60502.0,756
796544,1,2,3914,3914.0,0
796627,6,32,45067,67600.5,0
796670,15,45,70442,70442.0,814
796692,13,37,63691,63691.0,985
796705,2,3,3965,3965.0,0
796900,11,30,50009,50009.0,1473
796943,0,0,0,0.0,0
796990,8,22,34122,34122.0,0
797078,15,35,49702,49702.0,1073
797120,4,6,11442,11442.0,0
797158,13,38,46846,46846.0,1537
797187,1,4,2376,2376.0,0
797216,16,48,62483,62483.0,632
797326,3,40,84508,126762.0,1043
797391,0,0,0,0.0,0
797398,8,23,31300,31300.0,1070
797432,1,8,9632,14448.0,375
797675,8,25,48264,48264.0,1753
797685,13,31,47547,47547.0,1407
797704,4,64,112728,169092.0,0
797714,17,45,65710,65710.0,338
797845,14,44,67395,67395.0,1372
797854,3,8,12436,12436.0,0
797897,13,33,45240,45240.0,1822
797902,8,55,75486,113229.0,0
797991,18,50,69285,69285.0,995
797992,4,12,16640,16640.0,0
798029,4,40,72872,109308.0,314
798216,12,35,41962,41962.0,0
798248,15,45,70127,70127.0,877
798279,10,25,49646,49646.0,0
798351,13,35,44446,44446.0,1054
798352,0,0,0,0.0,0
798375,15,47,89059,89059.0,985
798433,21,56,89181,89181.0,365
798525,16,43,64607,64607.0,866
798533,18,48,77978,77978.0,2198
798662,14,28,39440,39440.0,2437
798672,12,35,52019,52019.0,457
798708,3,11,11943,11943.0,335
798752,9,28,35900,35900.0,616
798814,8,24,43592,43592.0,1078
798817,15,29,44332,44332.0,2049
798832,12,30,46238,46238.0,0
798854,7,16,21060,21060.0,0
798869,1,4,3928,3928.0,0
798871,16,40,55558,55558.0,1080
798881,15,34,54983,54983.0,835
798954,19,50,71277,71277.0,545
799064,3,12,16822,16822.0,650
799148,9,17,26755,26755.0,0
799157,10,22,30139,30139.0,560
799399,8,53,102296,153444.0,0
799437,15,45,63206,63206.0,1145
799510,8,20,33469,33469.0,0
799622,0,0,0,0.0,0
799630,13,37,50241,50241.0,1527
799655,13,33,51866,51866.0,509
799657,2,4,5031,5031.0,0
799690,15,37,56084,56084.0,1450
799781,15,42,62940,62940.0,2081
799857,12,32,50216,50216.0,0
799919,11,26,49700,49700.0,1590
799967,16,45,67984,67984.0,2620
799992,15,39,68588,68588.0,448
800016,12,33,45856,45856.0,1212
800075,16,51,60522,60522.0,1877
800094,14,43,71622,71622.0,0
800137,12,40,51184,51184.0,2445
800196,1,2,2740,2740.0,0
800220,7,62,127674,191511.0,1230
800268,8,18,20823,20823.0,0
800357,18,48,70415,70415.0,1476
800433,8,22,38029,38029.0,0
800450,15,40,72142,72142.0,0
800481,14,27,42327,42327.0,467
800499,6,37,55992,83988.0,1097
800571,15,39,53602,53602.0,1599
800610,12,28,39426,39426.0,0
800726,14,39,47349,47349.0,1189
800800,10,32,46619,46619.0,1196
800831,11,28,39930,39930.0,523
800878,17,49,72726,72726.0,1139
800923,10,29,39557,39557.0,947
800945,0,0,0,0.0,0
800998,1,4,5648,5648.0,0
801146,15,41,55376,55376.0,599
801176,17,44,68962,68962.0,1041
801227,12,32,36944,36944.0,554
801241,0,0,0,0.0,0
801338,15,42,76610,76610.0,1075
801368,18,48,73247,73247.0,937
801391,14,44,79314,79314.0,1964
801483,17,55,85418,85418.0,1759
801542,0,0,0,0.0,0
801607,0,0,0,0.0,0
801738,6,41,67586,101379.0,352
801788,13,28,41981,41981.0,512
801821,12,27,35658,35658.0,473
801832,0,0,0,0.0,0
801882,12,31,46762,46762.0,481
801948,2,7,8166,8166.0,0
801953,16,41,69891,69891.0,0
802002,17,39,52255,52255.0,554
802023,0,0,0,0.0,0
802084,5,9,14314,14314.0,457
802196,15,39,53573,53573.0,950
802200,11,34,43568,43568.0,566
802206,12,33,42020,42020.0,520
802305,15,44,79358,79358.0,1192
802316,14,31,51696,51696.0,1708
802336,9,21,31441,31441.0,1230
802425,14,36,53554,53554.0,1428
802452,12,33,55311,55311.0,990
802470,12,35,47811,47811.0,473
802478,17,51,66613,66613.0,915
802519,0,0,0,0.0,0
802535,3,16,36114,54171.0,519
802556,14,37,61981,61981.0,505
802621,13,43,58110,58110.0,690
802645,9,25,28429,28429.0,548
802797,14,48,71394,71394.0,0
802860,18,47,72448,72448.0,1742
802870,13,30,58992,58992.0,689
802958,0,0,0,0.0,0
802974,0,0,0,0.0,0
803084,4,7,14164,14164.0,0
803150,19,50,70149,70149.0,411
803177,2,8,17701,17701.0,0
803234,15,36,55133,55133.0,1211
803252,0,0,0,0.0,0
803357,0,0,0,0.0,0
803407,16,42,57174,57174.0,1989
803529,16,43,64691,64691.0,2000
803586,7,20,22811,22811.0,387
803587,7,18,25108,25108.0,0
803656,6,18,16047,16047.0,687
803747,11,31,43335,43335.0,0
803796,12,27,40488,40488.0,0
803830,9,27,36273,36273.0,1007
803844,13,30,45914,45914.0,380
803956,16,47,62078,62078.0,773
803976,11,25,27792,27792.0,1776
804137,16,44,65679,65679.0,1735
804239,13,41,59799,59799.0,0
804259,19,37,60171,60171.0,0
804328,18,47,66749,66749.0,452
804368,12,29,49999,49999.0,547
804402,12,32,49457,49457.0,1502
804438,15,43,62607,62607.0,0
804510,0,0,0,0.0,0
804521,14,29,50480,50480.0,1905
804534,16,48,75143,75143.0,529
804536,18,48,79399,79399.0,1886
804557,13,33,44297,44297.0,615
804710,14,41,56213,56213.0,2537
804770,3,22,31222,46833.0,2638
804784,10,24,39908,39908.0,0
804816,4,7,6204,6204.0,568
804890,2,3,5232,5232.0,0
804911,0,0,0,0.0,0
804930,21,67,96979,96979.0,317
805008,14,40,64064,64064.0,997
805013,7,21,35751,35751.0,481
805110,9,61,89292,133938.0,1165
805140,9,24,42632,42632.0,418
805159,10,31,37343,37343.0,559
805170,19,40,76641,76641.0,1955
805226,10,28,37097,37097.0,1549
805349,13,32,43401,43401.0,1203
805377,11,25,34934,34934.0,0
805431,17,40,55550,55550.0,1736
805545,7,14,24493,24493.0,0
805574,11,24,38426,38426.0,1428
805598,7,70,122432,183648.0,0
805816,13,38,61468,61468.0,1595
805890,15,35,50426,50426.0,1519
805902,1,1,1559,1559.0,351
805932,18,43,61149,61149.0,2182
805977,17,42,74194,74194.0,420
806008,14,34,44764,44764.0,1773
806030,4,14,26656,26656.0,567
806157,5,12,13236,13236.0,0
806168,12,26,37798,37798.0,1013
806196,6,61,73658,110487.0,437
806283,14,40,62355,62355.0,0
806348,12,31,46024,46024.0,383
806598,15,44,58982,58982.0,464
806639,17,45,67904,67904.0,522
806815,17,42,67070,67070.0,0
806839,8,20,33561,33561.0,970
806850,5,31,37370,56055.0,410
806859,6,10,18262,18262.0,483
806995,12,26,35288,35288.0,1435
807058,1,3,1818,1818.0,0
807074,1,3,7290,7290.0,0
807134,14,32,41840,41840.0,1016
807152,11,28,34659,34659.0,673
807211,8,22,30265,30265.0,1547
807256,13,42,62641,62641.0,1123
807262,0,0,0,0.0,0
807289,21,62,101966,101966.0,0
807297,11,27,39676,39676.0,1682
807553,14,39,62594,62594.0,1569
807570,20,57,82359,82359.0,1112
807589,16,58,88720,88720.0,1792
807681,17,40,64647,64647.0,0
807769,8,21,26433,26433.0,0
807902,13,37,60381,60381.0,0
807942,0,0,0,0.0,0
807970,2,2,3078,3078.0,0
808005,17,47,69933,69933.0,2734
808096,17,54,79180,79180.0,950
808206,17,45,77921,77921.0,0
808341,0,0,0,0.0,0
808353,12,30,51036,51036.0,381
808392,15,39,60870,60870.0,1235
808399,7,80,144374,216561.0,1135
808498,15,41,66523,66523.0,0
808524,15,47,84124,84124.0,0
808721,13,31,45647,45647.0,1257
808920,7,26,32896,32896.0,0
809016,13,45,81509,81509.0,1437
809024,13,42,53747,53747.0,0
809107,10,30,45530,45530.0,0
809207,8,27,49172,49172.0,0
809216,14,30,47914,47914.0,1460
809218,18,47,77710,77710.0,2783
809299,12,28,40785,40785.0,2182
809301,0,0,0,0.0,0
809404,13,42,71623,71623.0,1062
809449,16,47,69967,69967.0,1585
809587,17,40,70914,70914.0,1750
809681,16,42,61426,61426.0,936
809728,6,12,19493,19493.0,580
809733,18,49,83570,83570.0,945
810028,13,29,47882,47882.0,1016
810071,16,48,62763,62763.0,1322
810100,16,44,65993,65993.0,0
810257,14,42,63047,63047.0,2684
810338,15,26,42644,42644.0,523
810448,16,45,61318,61318.0,2183
810482,18,49,73288,73288.0,2032
810503,8,50,69767,104650.5,0
810517,3,8,9280,9280.0,367
810581,15,35,46621,46621.0,1572
810621,15,42,62545,62545.0,1157
810668,7,57,62375,93562.5,722
810693,6,15,19880,19880.0,583
810755,17,49,73299,73299.0,1116
810833,18,39,54565,54565.0,705
810899,17,52,73059,73059.0,1016
810990,10,30,38878,38878.0,1948
811022,5,12,22178,22178.0,0
811139,13,35,46509,46509.0,0
811140,2,5,5072,5072.0,0
811162,15,48,81930,81930.0,908
811289,15,45,66053,66053.0,501
811333,13,37,57227,57227.0,2636
811335,15,32,44973,44973.0,1973
811429,0,0,0,0.0,0
811430,1,2,4776,4776.0,0
811471,13,39,57985,57985.0,0
811567,12,38,60031,60031.0,0
811569,7,43,63612,95418.0,1098
811612,4,12,23883,23883.0,0
811619,16,39,62684,62684.0,1090
811684,7,22,37852,37852.0,0
811746,16,49,84730,84730.0,1393
811748,2,3,6167,6167.0,0
811802,17,50,76632,76632.0,1229
811959,3,8,12020,12020.0,578
812042,15,36,48918,48918.0,0
812057,19,63,93929,93929.0,514
812149,16,52,74618,74618.0,0
812152,12,36,56449,56449.0,393
812248,16,38,44611,44611.0,2204
812282,17,50,86908,86908.0,385
812373,18,54,87872,87872.0,1329
812417,15,32,46187,46187.0,1084
812513,16,47,72362,72362.0,2145
812599,14,34,57111,57111.0,421
812617,3,7,12696,12696.0,0
812628,1,2,3554,3554.0,0
812804,9,15,24700,24700.0,427
812894,14,30,48421,48421.0,443
812899,15,44,56439,56439.0,1856
813320,16,44,70153,70153.0,464
813352,0,0,0,0.0,0
813439,16,50,59944,59944.0,1424
813455,9,104,136935,205402.5,0
813520,12,32,52578,52578.0,0
813567,16,44,61498,61498.0,1152
813620,14,36,49608,49608.0,1431
813652,14,29,55461,55461.0,602
813681,15,39,56621,56621.0,1587
813725,12,25,33956,33956.0,0
813739,13,31,42113,42113.0,766
813868,4,14,27145,27145.0,0
813931,12,37,62847,62847.0,1453
814067,16,51,65100,65100.0,0
814112,12,34,55974,55974.0,0
814236,10,24,38448,38448.0,0
814490,8,26,44269,44269.0,1109
814653,12,27,32150,32150.0,795
814698,7,18,35861,35861.0,547
814703,13,36,53669,53669.0,1233
814748,16,48,67616,67616.0,602
814894,4,12,16370,16370.0,0
815207,8,59,87848,131772.0,441
815248,2,5,9727,9727.0,0
815328,9,18,26240,26240.0,415
815344,4,10,12950,12950.0,0
815381,0,0,0,0.0,0
815498,15,42,75494,75494.0,706
815541,19,44,59637,59637.0,1648
815584,7,47,64157,96235.5,0
815603,0,0,0,0.0,0
815626,12,39,54335,54335.0,0
815643,16,43,63314,63314.0,797
815718,11,29,39731,39731.0,830
815789,16,44,62808,62808.0,887
815796,11,34,41418,41418.0,0
815804,12,32,41744,41744.0,0
815834,20,51,72083,72083.0,1006
815841,7,54,81363,122044.5,0
815850,13,42,60471,60471.0,1523
816110,18,46,68279,68279.0,0
816122,6,17,24859,24859.0,0
816196,16,46,65249,65249.0,1344
816323,15,45,65062,65062.0,1198
816330,3,10,9095,9095.0,711
816406,0,0,0,0.0,0
816420,11,30,50779,50779.0,614
816510,1,1,2367,2367.0,0
816593,14,38,62856,62856.0,1909
816608,13,40,75834,75834.0,0
816705,14,47,77780,77780.0,2969
816763,10,26,36296,36296.0,556
816881,17,46,44956,44956.0,999
816937,8,21,27234,27234.0,844
816983,15,36,59462,59462.0,362
817041,0,0,0,0.0,0
817066,14,41,66876,66876.0,0
817069,6,45,94589,141883.5,453
817070,13,32,36374,36374.0,1072
817074,8,22,41596,41596.0,0
817102,12,37,56198,56198.0,0
817135,2,6,11098,11098.0,0
817136,14,38,54318,54318.0,0
817158,14,37,61242,61242.0,632
817168,17,54,93109,93109.0,2188
817191,13,33,43614,43614.0,1627
817245,11,22,29180,29180.0,1386
817288,6,11,17998,17998.0,504
817298,3,6,9108,9108.0,0
817375,14,38,59713,59713.0,432
817456,13,39,70603,70603.0,1802
817520,13,27,44544,44544.0,705
817527,9,27,38669,38669.0,508
817573,14,42,60265,60265.0,0
817609,11,33,42252,42252.0,1038
817613,14,41,70871,70871.0,1891
817714,13,34,39117,39117.0,378
817744,16,42,71559,71559.0,0
817822,15,38,63573,63573.0,1087
817851,16,36,49400,49400.0,1942
817932,9,21,29246,29246.0,293
818040,0,0,0,0.0,0
818077,13,34,47648,47648.0,634
818114,15,39,55383,55383.0,0
818271,10,30,47074,47074.0,460
818329,4,9,10284,10284.0,0
818391,4,11,14318,14318.0,592
818454,10,31,41226,41226.0,0
818484,11,30,39922,39922.0,952
818567,21,57,85388,85388.0,0
818597,13,33,35436,35436.0,883
818616,15,38,56418,56418.0,0
818864,14,46,60998,60998.0,1275
818870,9,26,45942,45942.0,0
818881,8,66,77735,116602.5,0
818886,0,0,0,0.0,0
818940,12,33,49233,49233.0,935
818995,13,41,55330,55330.0,0
819055,15,41,71598,71598.0,886
819077,10,31,51477,51477.0,1434
819149,18,48,83472,83472.0,0
819246,0,0,0,0.0,0
819255,4,10,13922,13922.0,0
819267,14,46,74355,74355.0,766
819315,4,17,27812,27812.0,0
819375,15,42,76207,76207.0,1508
819448,2,5,4656,4656.0,620
819497,15,44,58463,58463.0,1340
819498,3,9,12840,12840.0,0
819521,6,68,117760,176640.0,0
819569,14,39,54941,54941.0,973
819592,12,31,48392,48392.0,1046
819664,15,38,56086,56086.0,435
819718,14,43,72781,72781.0,533
819765,19,60,100180,100180.0,573
819809,13,30,45565,45565.0,1514
819842,21,49,70659,70659.0,2212
819924,9,25,44680,44680.0,484
819969,16,47,80388,80388.0,510
820164,13,31,44692,44692.0,1839
820187,0,0,0,0.0,0
820204,11,36,52172,52172.0,1906
820223,12,39,58661,58661.0,1046
820265,2,6,9123,9123.0,0
820341,12,31,44943,44943.0,1443
820344,4,10,16173,16173.0,0
820370,12,21,29340,29340.0,557
820406,15,28,48510,48510.0,793
820454,12,29,43345,43345.0,699
820501,13,36,57676,57676.0,606
820541,19,48,69345,69345.0,1248
820542,13,36,61557,61557.0,1348
821010,18,51,90255,90255.0,943
821043,18,46,66185,66185.0,487
821117,20,65,97792,97792.0,1136
821137,16,48,74287,74287.0,0
821202,16,47,82111,82111.0,457
821216,14,30,43554,43554.0,1043
821296,14,41,64479,64479.0,1323
821314,11,25,35297,35297.0,1261
821325,6,22,27334,27334.0,484
821379,7,20,29572,29572.0,738
821404,12,21,31797,31797.0,0
821419,5,13,18277,18277.0,0
821462,8,18,35377,35377.0,0
821515,3,9,16174,24261.0,0
821705,0,0,0,0.0,0
821712,0,0,0,0.0,0
821739,16,49,69734,69734.0,2124
821820,12,33,42120,42120.0,507
821918,14,42,57659,57659.0,1840
821944,4,11,12193,12193.0,0
822051,14,39,51063,51063.0,1190
822066,11,28,49763,49763.0,0
822102,9,22,31383,31383.0,1655
822122,13,34,51067,51067.0,463
822205,6,16,16275,16275.0,442
822211,14,28,35858,35858.0,2226
822305,13,41,53848,53848.0,835
822507,13,30,50151,50151.0,1797
822555,17,45,71854,71854.0,1985
822653,0,0,0,0.0,0
822665,10,22,35099,35099.0,939
822694,16,47,70355,70355.0,1675
822696,13,34,42285,42285.0,0
822723,3,8,7866,7866.0,0
822727,11,40,73222,73222.0,766
822749,17,56,83338,83338.0,2166
822765,14,34,57594,57594.0,1276
822811,7,20,35145,35145.0,449
822901,5,13,19640,19640.0,713
822956,17,37,52404,52404.0,1549
822995,17,48,70494,70494.0,0
823048,5,18,17990,17990.0,0
823112,17,53,72863,72863.0,0
823113,12,30,57970,57970.0,684
823208,13,32,46820,46820.0,969
823212,0,0,0,0.0,0
823257,4,10,22797,22797.0,0
823319,7,19,27152,27152.0,0
823436,5,20,35938,35938.0,0
823453,7,19,26872,26872.0,1766
823567,11,22,40526,40526.0,1380
823590,13,32,41070,41070.0,1150
823628,9,21,34426,34426.0,0
823663,0,0,0,0.0,0
823665,12,30,47844,47844.0,1233
823740,13,32,48438,48438.0,1002
823761,15,42,60493,60493.0,1441
823768,13,38,53293,53293.0,0
823789,11,30,37256,37256.0,897
823816,13,40,60369,60369.0,1577
823986,7,18,31013,31013.0,0
823998,12,29,44702,44702.0,2571
824076,0,0,0,0.0,0
824133,11,27,35365,35365.0,974
824163,14,39,58267,58267.0,0
824216,16,43,56481,56481.0,610
824259,18,51,89931,89931.0,1141
824315,13,33,60745,60745.0,2767
824351,19,47,64931,64931.0,492
824360,13,27,46830,46830.0,636
824414,12,25,36043,36043.0,0
824462,15,38,44428,44428.0,2032
824486,12,18,24633,24633.0,1352
824610,13,36,52628,52628.0,404
824668,10,21,30223,30223.0,1202
824712,12,39,52484,52484.0,972
824906,17,46,86760,86760.0,657
824917,17,48,88576,88576.0,390
824990,15,33,55627,55627.0,1476
825165,8,24,37466,37466.0,0
825217,12,23,37501,37501.0,1380
825239,12,31,39265,39265.0,919
825254,7,22,33288,33288.0,485
825315,14,35,45865,45865.0,738
825333,8,18,25096,25096.0,1565
825336,14,38,64546,64546.0,1050
825464,7,43,65306,97959.0,0
825465,12,35,60766,60766.0,365
825484,14,42,73279,73279.0,593
825490,9,31,56935,56935.0,0
825517,30,73,101471,101471.0,1514
825569,14,32,42762,42762.0,914
825593,26,80,120049,120049.0,1822
825730,0,0,0,0.0,0
825809,3,15,25098,37647.0,0
825920,0,0,0,0.0,0
826113,4,28,39155,58732.5,0
826136,15,41,61778,61778.0,982
826149,14,32,48988,48988.0,1286
826166,6,17,26887,26887.0,0
826230,1,2,4562,4562.0,0
826271,7,10,18135,18135.0,812
826304,14,36,55163,55163.0,590
826312,0,0,0,0.0,0
826556,2,6,13276,13276.0,0
826589,9,28,42301,42301.0,3025
826697,1,2,1200,1200.0,0
826930,0,0,0,0.0,0
826975,3,13,10399,10399.0,485
826984,0,0,0,0.0,0
827147,12,29,42091,42091.0,748
827164,13,34,51516,51516.0,1245
827172,16,43,72292,72292.0,1980
827190,15,32,45686,45686.0,611
827194,5,44,68440,102660.0,1158
827215,17,37,56147,56147.0,1329
827275,12,21,31282,31282.0,337
827288,4,11,15218,22827.0,0
827309,12,27,44929,44929.0,0
827334,13,36,64662,64662.0,1526
827339,14,41,69764,69764.0,0
827353,0,0,0,0.0,0
827546,19,47,57959,57959.0,1120
827668,4,14,23028,23028.0,373
827677,0,0,0,0.0,0
827731,15,41,67297,67297.0,585
827790,4,17,21303,31954.5,1313
827815,0,0,0,0.0,0
827819,17,35,58141,58141.0,747
828026,5,12,19878,19878.0,0
828040,3,8,15840,15840.0,0
828076,16,43,66015,66015.0,2647
828109,4,44,91764,137646.0,568
828136,16,47,67378,67378.0,1086
828182,13,42,72935,72935.0,676
828232,12,35,47687,47687.0,922
828328,0,0,0,0.0,0
828353,18,47,63793,63793.0,1310
828481,14,36,53203,53203.0,996
828643,13,35,54998,54998.0,0
828731,15,39,61932,61932.0,582
828735,17,51,66765,66765.0,1149
828776,12,31,30571,30571.0,0
828816,14,32,44181,44181.0,479
828817,17,48,77652,77652.0,1220
828852,16,37,58308,58308.0,1896
828862,2,7,5392,5392.0,540
828884,0,0,0,0.0,0
828895,18,57,81053,81053.0,0
828918,8,19,26253,26253.0,1486
828924,6,16,24624,24624.0,451
828959,12,31,41867,41867.0,577
828967,17,44,67939,67939.0,0
828988,14,43,72751,72751.0,329
829003,14,44,54713,54713.0,610
829162,17,42,64631,64631.0,1779
829263,12,32,44203,44203.0,1620
829291,13,38,60669,60669.0,1160
829316,0,0,0,0.0,0
829476,11,24,40351,40351.0,1327
829505,12,33,48621,48621.0,1218
829588,16,35,54519,54519.0,1837
829627,17,33,38093,38093.0,506
829663,11,34,61102,61102.0,1351
829684,15,38,50997,50997.0,525
829861,12,31,52384,52384.0,902
829863,0,0,0,0.0,0
829886,18,46,64946,64946.0,1693
830024,13,31,40015,40015.0,1172
830071,3,8,12481,12481.0,0
830171,12,43,63756,63756.0,872
830223,17,47,59022,59022.0,415
830225,13,37,63310,63310.0,2348
830385,13,31,50826,50826.0,1609
830394,0,0,0,0.0,0
830446,12,31,45897,45897.0,1462
830503,15,43,69343,69343.0,1555
830547,3,10,12763,12763.0,0
830564,18,44,77457,77457.0,1283
830673,11,25,33658,33658.0,444
830743,12,25,37762,37762.0,0
830777,11,31,52250,52250.0,1519
830811,14,41,54662,54662.0,830
830818,11,26,41600,41600.0,1331
830836,0,0,0,0.0,0
830903,3,6,6676,6676.0,360
830931,18,44,73631,73631.0,1309
830975,8,26,26694,26694.0,432
831035,17,52,85908,85908.0,0
831087,16,40,58940,58940.0,1833
831180,13,45,68073,68073.0,0
831253,14,34,48603,48603.0,0
831341,1,3,5217,5217.0,0
831404,10,24,41503,41503.0,815
831424,6,17,26445,26445.0,0
831442,15,40,52995,52995.0,489
831545,3,12,21528,32292.0,0
831644,2,7,9526,9526.0,0
831693,7,19,22610,22610.0,890
831696,13,44,59434,59434.0,600
831780,4,8,10168,10168.0,670
831797,7,58,108054,162081.0,481
831812,5,15,27147,27147.0,1839
831829,18,51,81531,81531.0,560
831854,7,44,89115,133672.5,0
831860,13,38,49057,49057.0,0
831928,4,10,19563,19563.0,0
831948,9,22,27510,27510.0,1272
831964,16,40,57772,57772.0,2989
831987,0,0,0,0.0,0
832046,5,10,15157,15157.0,0
832062,15,40,63018,63018.0,1849
832155,3,7,13578,13578.0,0
832301,14,35,54489,54489.0,0
832367,13,38,68658,68658.0,1277
832431,15,38,53986,53986.0,1780
832566,14,41,70619,70619.0,1725
832597,15,37,50708,50708.0,1112
832625,11,34,55195,55195.0,870
832663,9,26,32148,32148.0,1038
832665,10,23,38647,38647.0,476
832745,13,37,50086,50086.0,432
832810,1,5,8720,8720.0,0
832864,15,34,49740,49740.0,1690
832921,18,48,70569,70569.0,941
832983,7,52,89562,134343.0,983
833024,17,40,59881,59881.0,466
833052,13,36,45574,45574.0,1019
833148,5,17,24984,24984.0,0
833165,0,0,0,0.0,0
833169,0,0,0,0.0,0
833197,9,24,43910,43910.0,896
833221,5,19,23271,23271.0,428
833233,15,52,71426,71426.0,1424
833305,16,45,74081,74081.0,908
833317,13,39,47097,47097.0,728
833322,15,36,55326,55326.0,604
833397,16,45,86216,86216.0,1403
833436,12,32,54871,54871.0,0
833547,1,2,3786,3786.0,0
833569,9,22,36644,36644.0,458
833576,15,39,56860,56860.0,1191
833627,7,14,24151,24151.0,0
833679,9,28,47540,47540.0,638
833683,13,33,52333,52333.0,0
833701,14,34,49776,49776.0,1076
833704,15,28,44730,44730.0,1439
833728,13,34,55432,55432.0,0
833754,2,3,5691,5691.0,0
833765,12,32,37341,37341.0,730
833783,15,46,74383,74383.0,1797
833793,7,20,34575,34575.0,943
833801,13,38,64210,64210.0,388
833844,9,22,32810,32810.0,822
833891,15,45,66745,66745.0,1857
833998,17,37,54674,54674.0,681
834012,2,4,5426,5426.0,0
834063,2,5,7320,7320.0,1325
834066,8,23,38984,38984.0,574
834081,13,41,53762,53762.0,1283
834120,15,48,69233,69233.0,1319
834270,16,37,56344,56344.0,2015
834286,15,46,56006,56006.0,1475
834304,15,44,72800,72800.0,1135
834306,16,46,53791,53791.0,0
834453,14,30,44645,44645.0,1136
834522,0,0,0,0.0,0
834523,12,38,52961,52961.0,559
834537,1,1,542,542.0,0
834544,16,36,49360,49360.0,1164
834550,10,29,37442,37442.0,2002
834571,12,33,47712,47712.0,0
834576,13,38,51537,51537.0,465
834615,18,53,86997,86997.0,372
834726,6,73,122513,183769.5,0
834733,15,40,56502,56502.0,2038
834760,18,52,67319,67319.0,2123
834790,2,7,9324,9324.0,0
834799,12,30,44894,44894.0,600
834891,0,0,0,0.0,0
834943,15,31,53934,53934.0,0
835009,17,39,58073,58073.0,1367
835062,18,42,60130,60130.0,1829
835133,3,10,17109,17109.0,0
835149,11,30,51377,51377.0,429
835240,9,25,33732,33732.0,452
835295,2,7,12902,12902.0,0
835377,9,24,34523,34523.0,2086
835440,9,21,25867,25867.0,2981
835484,12,25,36448,36448.0,0
835491,14,32,45600,45600.0,988
835508,10,25,30310,30310.0,0
835566,5,12,15324,15324.0,0
835683,14,45,69240,69240.0,436
835693,13,37,55152,55152.0,1139
835760,12,35,36207,36207.0,496
835764,13,34,42894,42894.0,1430
835779,15,32,54442,54442.0,1604
835785,13,39,50551,50551.0,2797
835796,17,48,69185,69185.0,553
835920,6,31,57641,86461.5,898
835973,15,37,61708,61708.0,1905
835975,0,0,0,0.0,0
836112,17,42,66734,66734.0,1667
836226,5,58,73982,110973.0,493
836295,2,5,10276,10276.0,467
836343,10,33,43962,43962.0,559
836374,13,34,55099,55099.0,0
836405,14,31,51271,51271.0,449
836443,17,43,71041,71041.0,843
836475,18,42,61170,61170.0,0
836486,16,37,54155,54155.0,543
836523,14,41,52885,52885.0,425
836550,12,35,53213,53213.0,367
836603,3,6,8074,8074.0,412
836622,9,17,22932,22932.0,2311
836665,17,45,76220,76220.0,1600
836706,15,42,63170,63170.0,0
836713,12,24,34990,34990.0,0
836720,8,67,77573,116359.5,682
836964,14,41,57607,57607.0,453
836984,2,4,5635,5635.0,421
837012,15,44,71521,71521.0,2153
837031,15,40,60754,60754.0,539
837175,15,45,75322,75322.0,982
837215,16,34,55083,55083.0,945
837237,11,31,47875,47875.0,1993
837269,10,29,50938,50938.0,534
837273,1,3,5847,5847.0,0
837327,0,0,0,0.0,0
837360,15,33,44573,44573.0,0
837408,0,0,0,0.0,0
837517,8,18,19982,19982.0,461
837526,4,13,26176,26176.0,530
837580,12,29,37102,37102.0,0
837615,0,0,0,0.0,0
837628,12,33,48258,48258.0,644
837641,13,32,42889,42889.0,419
837646,8,16,26117,26117.0,719
837704,1,5,8020,8020.0,0
837705,13,36,56574,56574.0,1934
837733,12,39,55348,55348.0,466
837810,11,33,49061,49061.0,811
837833,18,47,77982,77982.0,1510
837932,15,45,71638,71638.0,1139
838008,10,27,38300,38300.0,765
838032,13,24,27142,27142.0,715
838160,16,46,52854,52854.0,2563
838232,21,48,74239,74239.0,1989
838263,0,0,0,0.0,0
838270,16,49,72683,72683.0,1000
838283,16,51,75347,75347.0,1617
838482,17,41,71009,71009.0,2359
838553,4,7,7557,7557.0,683
838584,16,37,57228,57228.0,759
838589,4,9,15494,15494.0,0
838634,16,44,63777,63777.0,890
838650,17,32,45018,45018.0,444
838657,15,36,55893,55893.0,984
838771,13,31,46444,46444.0,0
838784,6,14,20138,20138.0,0
838845,5,11,12141,12141.0,539
838881,12,36,51061,51061.0,757
838885,18,55,78800,78800.0,1528
838938,15,29,39504,39504.0,0
838993,6,16,25090,25090.0,0
839115,11,32,49929,49929.0,1603
839132,8,78,109943,164914.5,0
839263,18,57,59744,59744.0,372
839295,11,23,29494,29494.0,449
839328,13,33,40856,40856.0,1648
839356,18,50,69351,69351.0,1060
839362,18,43,78044,78044.0,840
839412,10,23,32766,32766.0,0
839422,13,35,60004,60004.0,1502
839461,7,11,14207,14207.0,0
839494,5,26,32482,48723.0,1049
839527,12,30,44165,44165.0,383
839579,8,15,26095,26095.0,361
839659,12,33,61151,61151.0,438
839694,12,31,46266,46266.0,0
839748,18,54,79730,79730.0,962
839967,13,34,53560,53560.0,1033
840008,5,56,64204,96306.0,0
840021,14,36,60848,60848.0,1362
840038,13,29,47421,47421.0,354
840059,15,35,53444,53444.0,2394
840071,13,37,51058,51058.0,1687
840088,18,47,67598,67598.0,2208
840120,14,36,55980,55980.0,881
840135,6,18,33157,33157.0,0
840184,5,70,106090,159135.0,609
840262,10,29,33440,33440.0,1588
840267,12,24,33125,33125.0,1592
840326,12,37,49063,49063.0,784
840376,15,37,62331,62331.0,405
840481,14,47,81626,81626.0,1166
840515,10,30,50969,50969.0,799
840659,0,0,0,0.0,426
840667,15,40,64359,64359.0,983
840741,9,25,38890,38890.0,0
840866,15,43,58941,58941.0,1792
840882,13,34,51847,51847.0,855
840984,17,56,82107,82107.0,597
841204,12,30,41214,41214.0,979
841219,11,32,47876,47876.0,985
841249,16,52,86146,86146.0,2138
841296,1,2,1072,1072.0,0
841324,0,0,0,0.0,0
841369,14,37,55400,55400.0,495
841373,13,37,58385,58385.0,1185
841437,20,49,77590,77590.0,366
841456,14,37,58068,58068.0,1015
841631,12,30,43903,43903.0,0
841636,15,40,67697,67697.0,953
841674,4,42,63394,95091.0,0
841677,11,27,47277,47277.0,690
841770,2,5,9558,9558.0,0
841916,15,38,48565,48565.0,588
841948,10,24,37915,37915.0,423
841957,0,0,0,0.0,0
842047,0,0,0,0.0,0
842049,14,36,47433,47433.0,826
842054,16,39,67765,67765.0,549
842064,0,0,0,0.0,0
842066,16,42,56678,56678.0,567
842190,0,0,0,0.0,0
842210,9,19,31167,31167.0,0
842236,19,39,56702,56702.0,764
842279,11,34,54604,54604.0,0
842379,13,35,55755,55755.0,0
842390,11,28,43486,43486.0,376
842405,12,29,36613,36613.0,462
842523,0,0,0,0.0,0
842527,14,36,54292,54292.0,1356
842582,15,27,43374,43374.0,1239
842641,16,36,52970,52970.0,694
842770,13,35,53328,53328.0,0
842793,13,30,49657,49657.0,1719
842835,0,0,0,0.0,0
842848,1,1,2021,2021.0,0
842855,14,40,58289,58289.0,392
842959,17,44,71906,71906.0,1639
842980,4,15,26614,26614.0,0
842982,15,42,77151,77151.0,856
843037,18,45,59423,59423.0,524
843101,12,31,36695,36695.0,0
843158,7,73,132048,198072.0,0
843212,16,39,58977,58977.0,1872
843233,18,59,86040,86040.0,0
843378,17,40,68220,68220.0,978
843642,16,35,51345,51345.0,0
843665,14,37,45628,45628.0,442
843672,4,8,17353,17353.0,373
843737,3,14,23779,23779.0,0
843816,0,0,0,0.0,0
843836,11,29,53848,53848.0,1334
843919,4,13,22012,22012.0,0
843972,14,43,57003,57003.0,0
844046,0,0,0,0.0,0
844125,13,43,72322,72322.0,1184
844145,0,0,0,0.0,0
844152,15,36,56288,56288.0,3400
844193,18,51,71306,71306.0,1499
844222,4,9,9862,9862.0,530
844348,12,37,54197,54197.0,2044
844477,0,0,0,0.0,0
844479,13,33,50890,50890.0,673
844540,17,44,64882,64882.0,1446
844556,13,21,28715,28715.0,409
844582,13,39,46482,46482.0,1167
844641,17,49,67936,67936.0,1154
844677,12,28,44543,44543.0,2517
844749,14,44,52454,52454.0,929
844834,5,40,61546,92319.0,0
844949,0,0,0,0.0,0
844959,12,30,54441,54441.0,2369
845041,15,38,58392,58392.0,1258
845061,17,48,82226,82226.0,1821
845176,17,49,86170,86170.0,2169
845180,8,20,27425,27425.0,0
845227,16,41,63122,63122.0,1348
845273,16,40,67096,67096.0,1633
845275,19,49,71938,71938.0,1515
845319,14,35,46027,46027.0,1768
845435,15,33,45089,45089.0,1234
845488,9,19,26020,26020.0,1202
845580,16,47,59402,59402.0,0
845613,1,3,4701,4701.0,687
845684,15,34,49695,49695.0,405
845699,16,44,61273,61273.0,1536
845782,11,26,40064,40064.0,1370
845807,11,30,49496,49496.0,1966
845819,14,41,69696,69696.0,1111
845820,3,8,12620,12620.0,0
845864,14,41,54793,54793.0,1376
845945,21,58,95472,95472.0,1765
845947,7,20,24741,24741.0,1181
845994,7,23,25524,25524.0,403
846033,1,3,6531,6531.0,327
846046,13,34,55340,55340.0,740
846055,18,59,90882,90882.0,2527
846119,12,25,37598,37598.0,827
846125,18,50,60270,60270.0,0
846194,15,49,65087,65087.0,2069
846215,0,0,0,0.0,0
846243,19,53,77738,77738.0,1595
846277,14,28,50046,50046.0,917
846291,16,44,71233,71233.0,0
846313,12,37,52637,52637.0,0
846374,15,44,60678,60678.0,1141
846458,14,30,53563,53563.0,861
846515,7,17,34106,34106.0,1233
846717,0,0,0,0.0,0
846718,0,0,0,0.0,0
846732,19,52,83548,83548.0,518
846796,15,44,58311,58311.0,1258
846864,15,35,44787,44787.0,397
846950,7,21,27347,27347.0,1387
846953,16,45,80564,80564.0,1266
847136,18,48,72155,72155.0,0
847183,13,32,41455,41455.0,1641
847283,0,0,0,0.0,0
847312,3,9,19424,29136.0,1140
847357,14,42,59885,59885.0,850
847359,17,44,70559,70559.0,1353
847502,5,14,24477,24477.0,456
847559,21,56,92532,92532.0,631
847579,16,43,55829,55829.0,1157
847601,6,58,73784,110676.0,512
847609,13,41,61871,61871.0,467
847704,15,39,61548,61548.0,1223
847724,14,36,53572,53572.0,1076
847771,9,27,39376,39376.0,1685
847772,14,35,56262,56262.0,0
847938,0,0,0,0.0,0
848003,18,49,86351,86351.0,678
848159,17,57,81218,81218.0,1344
848185,14,34,55792,55792.0,691
848248,17,48,63074,63074.0,928
848250,16,42,60817,60817.0,764
848498,0,0,0,0.0,0
848562,19,55,86547,86547.0,0
848574,4,6,8728,8728.0,0
848615,10,19,28649,28649.0,682
848632,16,51,77837,77837.0,643
848694,6,19,30331,30331.0,0
848736,11,27,43115,43115.0,1015
848804,12,35,53504,53504.0,1585
848973,13,34,44746,44746.0,465
848998,14,36,58506,58506.0,474
849105,6,38,66535,99802.5,608
849178,15,42,47800,47800.0,1307
849298,15,46,72751,72751.0,1857
849330,15,41,71245,71245.0,0
849415,14,40,47167,47167.0,0
849425,12,41,48642,48642.0,387
849510,11,28,41037,41037.0,821
849549,13,38,62113,62113.0,0
849569,3,6,7175,7175.0,0
849587,12,37,54418,54418.0,589
849589,14,40,67449,67449.0,464
849616,4,14,16036,16036.0,543
849673,13,29,45622,45622.0,0
849705,17,43,64970,64970.0,1002
849813,0,0,0,0.0,0
849884,15,30,38272,38272.0,507
850034,16,43,72208,72208.0,990
850092,12,28,34929,34929.0,1921
850123,4,15,18821,18821.0,1402
850170,13,40,69421,69421.0,0
850245,12,27,43605,43605.0,987
850359,12,38,65728,65728.0,578
850414,15,33,48231,48231.0,1348
850418,15,44,74100,74100.0,1076
850694,16,41,70075,70075.0,1147
850721,11,32,44314,44314.0,465
850821,8,19,36424,36424.0,1272
850828,14,37,50763,50763.0,1063
850953,14,32,37355,37355.0,922
851021,5,15,13362,13362.0,462
851130,15,44,55656,55656.0,0
851231,16,44,62204,62204.0,0
851255,18,53,80360,80360.0,2213
851370,0,0,0,0.0,0
851390,8,79,104690,157035.0,495
851421,16,37,56390,56390.0,453
851499,5,62,67390,101085.0,807
851549,13,28,41857,41857.0,930
851562,16,41,69118,69118.0,1392
851563,12,31,49325,49325.0,0
851830,13,32,51712,51712.0,1784
851836,16,41,61730,61730.0,359
851845,0,0,0,0.0,0
851871,13,33,55731,55731.0,0
851901,20,54,89467,89467.0,0
851931,13,40,61060,61060.0,1380
851979,0,0,0,0.0,0
851981,15,35,50135,50135.0,1058
851982,14,33,56088,56088.0,0
851986,15,33,45923,45923.0,566
852006,19,52,86727,86727.0,1946
852012,0,0,0,0.0,0
852094,19,48,73587,73587.0,895
852253,10,24,38905,38905.0,1076
852310,18,48,79675,79675.0,1071
852323,15,34,57930,57930.0,1459
852392,12,27,48968,48968.0,1516
852394,20,64,87121,87121.0,0
852520,12,38,69817,69817.0,0
852571,15,40,61632,61632.0,452
852572,1,3,6912,6912.0,0
852573,11,29,56615,56615.0,1506
852597,13,39,59275,59275.0,793
852629,0,0,0,0.0,0
852786,3,6,9424,9424.0,0
852855,10,34,52304,52304.0,0
852863,14,42,60472,60472.0,2049
852995,11,34,46307,46307.0,735
853003,1,4,6628,6628.0,0
853037,0,0,0,0.0,0
853039,12,35,49941,49941.0,0
853232,4,10,19809,19809.0,455
853266,5,14,31676,31676.0,824
853272,16,48,72679,72679.0,1401
853417,15,42,49814,49814.0,0
853421,10,28,41963,41963.0,0
853438,10,27,46918,46918.0,977
853540,10,30,40780,40780.0,1104
853565,7,21,37625,37625.0,0
853603,15,39,40638,40638.0,844
853608,17,46,61755,61755.0,548
853621,4,10,19133,19133.0,0
853641,18,43,67831,67831.0,385
853704,16,37,60432,60432.0,1038
853826,16,41,70363,70363.0,797
853871,12,33,46932,46932.0,713
853894,11,37,50638,50638.0,2196
853957,15,36,64972,64972.0,455
854077,12,30,36889,36889.0,979
854243,16,42,58722,58722.0,663
854249,18,42,61147,61147.0,1704
854610,13,45,65261,65261.0,1802
854704,10,27,48461,48461.0,544
854709,17,50,79451,79451.0,556
854742,0,0,0,0.0,0
854812,18,56,85341,85341.0,910
854831,8,22,36598,36598.0,1396
854835,1,1,1693,1693.0,0
854855,0,0,0,0.0,0
854884,5,23,23994,35991.0,605
854902,13,44,72962,72962.0,0
854969,6,35,48417,72625.5,399
854998,13,41,53478,53478.0,908
855007,9,21,27826,27826.0,1071
855026,18,48,71632,71632.0,1922
855050,5,12,22987,22987.0,1026
855153,2,3,5546,5546.0,0
855190,5,42,56410,84615.0,372
855198,19,53,90151,90151.0,3034
855261,14,44,67471,67471.0,445
855351,0,0,0,0.0,0
855372,13,38,61492,61492.0,351
855381,6,19,25200,25200.0,603
855383,13,36,50719,50719.0,2351
855384,17,36,53602,53602.0,2515
855394,6,22,31240,31240.0,0
855400,12,40,64916,64916.0,443
855451,9,16,21891,21891.0,1867
855506,15,40,65310,65310.0,923
855510,0,0,0,0.0,0
855530,11,31,53392,53392.0,662
855559,15,39,59544,59544.0,1757
855602,4,26,49052,73578.0,464
855635,18,51,88550,88550.0,478
855721,13,31,44591,44591.0,1485
855883,16,33,44890,44890.0,0
855922,16,48,76573,76573.0,857
855981,1,4,9716,9716.0,0
855998,6,15,28519,28519.0,493
856074,19,54,85110,85110.0,714
856229,6,51,96999,145498.5,603
856348,20,65,89902,89902.0,0
856364,10,35,57564,57564.0,1497
856406,8,23,33960,33960.0,1819
856483,6,20,32810,32810.0,862
856496,4,15,30596,30596.0,0
856502,12,36,50176,50176.0,2399
856609,6,49,93264,139896.0,802
856654,15,41,66740,66740.0,328
856667,15,34,52460,52460.0,1357
856705,12,27,44462,44462.0,337
856782,10,31,57856,57856.0,500
856818,5,17,20145,20145.0,558
856830,17,51,73597,73597.0,1117
856942,14,35,42598,42598.0,2647
857159,13,33,59632,59632.0,1067
857161,13,37,47744,47744.0,905
857219,2,6,8518,8518.0,0
857235,0,0,0,0.0,0
857247,15,33,43709,43709.0,961
857292,10,34,60585,60585.0,515
857353,15,36,56047,56047.0,847
857481,13,40,56201,56201.0,465
857497,17,43,74294,74294.0,1214
857516,12,34,54556,54556.0,1364
857538,12,37,45418,45418.0,2752
857619,10,34,50429,50429.0,328
857629,19,48,74120,74120.0,2134
857682,13,37,56792,56792.0,1478
857708,13,45,54995,54995.0,1086
857771,2,4,6830,6830.0,0
857814,11,27,42902,42902.0,996
857845,16,43,70011,70011.0,0
857878,6,41,63614,95421.0,0
857912,4,41,48805,73207.5,0
857914,15,41,47880,47880.0,475
857942,14,36,50478,50478.0,2631
857946,16,34,42957,42957.0,1168
857949,0,0,0,0.0,0
857971,15,35,61109,61109.0,907
858013,10,21,30578,30578.0,0
858106,14,41,63853,63853.0,1495
858125,0,0,0,0.0,0
858196,14,39,64408,64408.0,363
858222,1,2,3066,3066.0,0
858228,4,9,14163,14163.0,398
858266,13,40,49176,49176.0,2462
858294,14,35,48470,48470.0,957
858341,13,33,51551,51551.0,0
858352,11,35,53397,53397.0,695
858417,15,47,62268,62268.0,2665
858427,0,0,0,0.0,0
858445,16,42,53471,53471.0,459
858453,15,40,70126,70126.0,754
858557,18,51,72774,72774.0,871
858563,14,33,54393,54393.0,936
858626,16,45,78616,78616.0,905
858667,13,31,50553,50553.0,506
858669,16,42,50174,50174.0,537
858674,16,49,78167,78167.0,770
858802,15,41,48372,48372.0,0
858814,0,0,0,0.0,0
858817,9,22,30980,30980.0,0
858957,13,28,36359,36359.0,1051
858961,12,32,39649,39649.0,553
859144,4,10,17273,17273.0,0
859176,11,28,39183,39183.0,1290
859196,0,0,0,0.0,0
859218,6,22,30912,30912.0,0
859258,7,18,28695,28695.0,0
859343,6,17,26234,26234.0,0
859508,5,13,22983,22983.0,531
859516,12,35,59095,59095.0,616
859549,14,33,55622,55622.0,812
859553,10,24,30064,30064.0,503
859730,16,47,68720,68720.0,2594
859821,13,40,71335,71335.0,678
859871,6,12,16693,16693.0,854
859957,17,41,56698,56698.0,795
859972,15,36,44474,44474.0,383
860017,17,44,63750,63750.0,1351
860032,6,16,25164,25164.0,1089
860099,8,20,28056,28056.0,470
860172,13,35,58383,58383.0,442
860206,9,20,29156,29156.0,1857
860528,1,2,2074,2074.0,0
860553,0,0,0,0.0,0
860602,19,57,103565,103565.0,1023
860657,13,28,48757,48757.0,485
860684,15,50,82290,82290.0,0
860724,17,40,64839,64839.0,1373
860809,18,49,71706,71706.0,0
860848,13,32,49831,49831.0,615
860980,12,32,45769,45769.0,542
861058,16,35,67750,67750.0,1358
861079,7,18,25105,25105.0,0
861095,12,39,59160,59160.0,0
861104,15,39,61723,61723.0,0
861156,13,40,41364,41364.0,330
861162,16,44,51953,51953.0,504
861191,10,36,54983,54983.0,0
861330,7,24,33335,33335.0,1190
861336,15,41,71981,71981.0,598
861415,17,46,65290,65290.0,1669
861470,9,24,41047,41047.0,0
861480,2,6,7083,7083.0,0
861558,15,36,42033,42033.0,0
861629,2,7,5945,5945.0,0
861669,9,30,39584,39584.0,1350
861675,11,24,39654,39654.0,930
861696,13,29,49279,49279.0,1977
861700,10,27,33296,33296.0,820
861867,4,10,16515,16515.0,659
861877,12,35,58882,58882.0,0
861879,9,27,44337,44337.0,382
861917,0,0,0,0.0,0
861924,14,30,45189,45189.0,1023
862096,15,36,46703,46703.0,1707
862097,15,40,57408,57408.0,0
862100,20,45,73281,73281.0,1064
862159,16,46,70639,70639.0,1019
862212,10,31,36089,36089.0,637
862258,15,37,54924,54924.0,0
862543,0,0,0,0.0,0
862576,11,26,37933,37933.0,597
862659,10,30,42236,42236.0,1159
862932,9,24,38138,38138.0,0
862979,4,28,34146,51219.0,0
863019,16,44,68312,68312.0,915
863035,12,22,35035,35035.0,1813
863070,17,49,80937,80937.0,1289
863093,4,11,13692,13692.0,0
863108,13,37,45218,45218.0,1836
863122,6,22,36570,36570.0,484
863219,14,43,69837,69837.0,1563
863223,18,44,69483,69483.0,991
863259,20,61,75875,75875.0,1052
863262,15,41,57356,57356.0,348
863280,11,25,41791,41791.0,1275
863349,16,43,58638,58638.0,0
863374,0,0,0,0.0,0
863384,16,48,61616,61616.0,0
863392,4,11,18223,18223.0,0
863432,14,39,49077,49077.0,1898
863459,13,33,42923,42923.0,1399
863490,0,0,0,0.0,0
863516,19,55,79311,79311.0,2010
863599,15,37,51190,51190.0,2261
863626,9,23,42302,42302.0,0
863744,14,39,51799,51799.0,1853
863751,10,27,39969,39969.0,674
863809,6,13,17697,17697.0,593
863884,11,30,47326,47326.0,349
863942,0,0,0,0.0,0
864084,16,44,48730,48730.0,0
864128,19,43,61153,61153.0,2021
864161,15,34,47817,47817.0,510
864288,15,38,56658,56658.0,2085
864318,16,42,61624,61624.0,0
864324,16,43,58388,58388.0,1686
864327,15,31,47191,47191.0,0
864456,12,35,47338,47338.0,495
864485,14,41,51067,51067.0,372
864806,12,27,42406,42406.0,1447
864845,16,47,66433,66433.0,1772
864967,9,25,37922,37922.0,548
865066,8,18,30518,30518.0,496
865198,13,37,62733,62733.0,0
865213,0,0,0,0.0,0
865352,1,2,4190,4190.0,0
865401,14,48,63692,63692.0,1212
865406,12,36,49998,49998.0,0
865411,4,11,18229,18229.0,0
865429,17,38,59057,59057.0,777
865494,3,10,13769,13769.0,469
865654,7,20,34548,34548.0,438
865727,7,25,48752,73128.0,971
865737,15,26,33649,33649.0,434
865759,8,23,27849,27849.0,818
865798,0,0,0,0.0,0
865803,9,15,27897,27897.0,2339
865855,15,37,50240,50240.0,1752
865977,16,41,57607,57607.0,988
866073,14,38,57882,57882.0,0
866168,14,40,57416,57416.0,1953
866242,14,27,32830,32830.0,1728
866295,7,19,30819,30819.0,0
866302,10,34,59996,59996.0,818
866307,13,44,55849,55849.0,1683
866362,14,35,47031,47031.0,1363
866403,14,31,51540,51540.0,723
866417,1,4,6428,6428.0,0
866455,13,33,57407,57407.0,1940
866501,4,15,25374,25374.0,0
866604,12,28,43973,43973.0,559
866606,17,43,70525,70525.0,530
866701,13,33,38146,38146.0,912
866815,1,2,3476,3476.0,0
866983,16,44,51158,51158.0,505
866995,5,9,12999,12999.0,946
867046,1,3,5400,5400.0,0
867056,19,50,74378,74378.0,1821
867070,8,19,31489,31489.0,583
867112,20,55,83347,83347.0,1725
867284,2,2,3562,3562.0,0
867289,15,42,53322,53322.0,1042
867301,12,28,44951,44951.0,1254
867327,17,44,67982,67982.0,686
867446,9,30,41456,41456.0,0
867472,13,29,37126,37126.0,1022
867532,6,17,33723,33723.0,426
867561,2,5,7893,7893.0,0
867624,16,40,54666,54666.0,1377
867757,14,42,66523,66523.0,1221
867780,17,43,71618,71618.0,0
867801,13,33,49551,49551.0,529
867833,18,49,70481,70481.0,1009
867840,8,20,30843,30843.0,0
868025,17,40,56175,56175.0,1042
868037,18,48,80640,80640.0,2200
868152,16,35,54644,54644.0,1561
868154,17,41,63248,63248.0,0
868161,19,57,78627,78627.0,1639
868230,16,45,68421,68421.0,1165
868250,12,32,42707,42707.0,922
868327,0,0,0,0.0,0
868552,3,7,12309,12309.0,651
868568,14,37,55813,55813.0,2892
868659,5,16,28716,28716.0,0
868719,14,37,56823,56823.0,873
868744,17,38,54888,54888.0,1133
868767,13,40,73031,73031.0,0
868830,6,17,19143,19143.0,0
868912,14,34,58630,58630.0,0
868926,10,30,40138,40138.0,0
869116,14,37,49925,49925.0,2082
869133,12,39,43157,43157.0,1249
869164,15,37,55167,55167.0,1287
869190,14,38,49673,49673.0,1568
869226,15,42,62315,62315.0,1753
869265,22,48,62890,62890.0,608
869276,28,76,106386,106386.0,1840
869283,9,18,22354,22354.0,0
869284,19,59,85934,85934.0,1696
869471,19,49,67589,67589.0,2735
869504,14,30,49996,49996.0,1765
869672,4,61,116248,174372.0,1105
869712,0,0,0,0.0,0
869743,5,15,16548,16548.0,0
869799,10,29,42824,42824.0,688
869804,15,36,65349,65349.0,1503
869971,17,38,57450,57450.0,914
870022,11,36,48991,48991.0,561
870039,17,44,71469,71469.0,2219
870045,12,30,44829,44829.0,0
870120,13,30,37815,37815.0,1913
870169,5,64,109118,163677.0,484
870203,13,34,39516,39516.0,2956
870223,2,7,10703,10703.0,524
870281,11,36,63035,63035.0,791
870522,16,46,61694,61694.0,378
870574,12,29,44530,44530.0,1132
870687,17,38,64255,64255.0,1046
870764,14,35,51908,51908.0,831
870857,16,55,79114,79114.0,1277
870960,0,0,0,0.0,0
870998,17,47,66987,66987.0,1331
871022,8,62,81608,122412.0,767
871045,13,23,34571,34571.0,410
871074,15,39,69793,69793.0,0
871094,10,32,48786,48786.0,1640
871124,12,27,36592,36592.0,582
871145,15,42,60896,60896.0,1860
871188,5,10,19341,19341.0,569
871203,9,24,33794,33794.0,800
871206,15,32,56836,56836.0,773
871219,13,38,56503,56503.0,0
871287,12,31,50878,50878.0,479
871329,0,0,0,0.0,0
871380,6,51,73501,110251.5,0
871445,17,41,80367,80367.0,406
871455,0,0,0,0.0,0
871606,11,31,39277,39277.0,536
871627,5,16,25898,25898.0,0
871739,3,7,13538,13538.0,0
871740,3,12,21435,21435.0,0
871972,19,52,72114,72114.0,612
871980,16,46,58319,58319.0,438
872069,3,6,8966,8966.0,0
872079,9,18,27599,27599.0,591
872158,0,0,0,0.0,0
872234,19,61,103180,103180.0,1108
872297,1,1,1033,1033.0,0
872315,1,1,1693,1693.0,0
872335,11,31,38050,38050.0,946
872340,0,0,0,0.0,0
872341,0,0,0,0.0,0
872408,0,0,0,0.0,0
872619,14,34,47624,47624.0,313
872669,0,0,0,0.0,0
872676,16,47,66169,66169.0,421
872706,0,0,0,0.0,0
872752,5,14,21626,21626.0,0
872774,14,45,57246,57246.0,1817
872814,14,35,52606,52606.0,0
872932,15,42,50635,50635.0,448
872946,11,30,45345,45345.0,1256
873022,7,19,34066,34066.0,485
873045,17,53,98167,98167.0,1006
873116,15,35,52008,52008.0,626
873169,15,44,74607,74607.0,0
873177,18,43,62892,62892.0,1098
873180,5,12,19033,19033.0,611
873297,6,13,17311,17311.0,643
873415,18,52,77492,77492.0,401
873426,0,0,0,0.0,0
873436,17,54,77571,77571.0,327
873458,16,38,63077,63077.0,1994
873468,17,37,63588,63588.0,589
873488,14,37,59936,59936.0,2034
873498,11,28,40985,40985.0,1461
873551,3,17,23401,35101.5,0
873554,16,44,65059,65059.0,1347
873578,0,0,0,0.0,0
873579,15,39,69566,69566.0,1004
873761,10,31,54708,54708.0,0
873886,14,33,51382,51382.0,955
873945,15,40,65719,65719.0,887
873965,4,12,17732,17732.0,0
873977,17,38,49964,49964.0,1418
874035,8,17,22851,22851.0,398
874044,19,46,78365,78365.0,469
874104,14,45,71378,71378.0,465
874158,5,15,19290,19290.0,712
874161,9,72,102799,154198.5,1990
874184,19,49,77786,77786.0,1254
874267,14,39,66157,66157.0,1193
874336,15,37,55235,55235.0,1286
874363,0,0,0,0.0,0
874374,17,45,63104,63104.0,454
874415,5,15,14093,14093.0,0
874589,6,15,20546,20546.0,0
874601,5,15,26323,26323.0,0
874612,3,6,9211,9211.0,0
874614,13,38,54578,54578.0,0
874780,16,35,52703,52703.0,2101
874842,10,29,54716,54716.0,713
874876,7,57,88745,133117.5,0
874937,0,0,0,0.0,0
874938,0,0,0,0.0,0
874939,18,53,82570,82570.0,1566
874984,13,31,41520,41520.0,937
875086,8,18,26728,26728.0,532
875212,15,35,57844,57844.0,1378
875232,11,26,40586,40586.0,951
875473,9,24,30242,30242.0,904
875483,15,41,70989,70989.0,1228
875485,5,16,22095,22095.0,561
875560,7,63,80555,120832.5,849
875657,14,34,62149,62149.0,2092
875707,11,29,40181,40181.0,740
875789,0,0,0,0.0,0
875796,4,10,13837,13837.0,1000
875819,6,75,84164,126246.0,474
876006,16,56,84838,84838.0,876
876057,12,27,39777,39777.0,389
876062,31,90,136245,136245.0,1968
876083,15,38,46528,46528.0,1763
876207,16,40,71037,71037.0,983
876232,10,29,48366,48366.0,579
876243,0,0,0,0.0,0
876254,13,37,47431,47431.0,967
876269,11,26,35019,35019.0,338
876319,16,41,68501,68501.0,657
876326,16,44,56729,56729.0,495
876409,17,52,73630,73630.0,531
876426,17,50,84487,84487.0,1596
876538,12,28,51071,51071.0,1050
876569,15,37,52379,52379.0,1427
876755,12,27,37923,37923.0,505
876757,8,20,25004,25004.0,0
876765,1,1,1168,1168.0,0
876850,15,34,55115,55115.0,1414
877008,4,35,46666,69999.0,0
877034,1,1,2475,2475.0,0
877101,11,33,49955,49955.0,1369
877124,13,33,45692,45692.0,436
877152,1,4,4156,4156.0,0
877242,16,42,59405,59405.0,517
877251,19,60,85289,85289.0,1894
877346,1,3,4230,4230.0,0
877352,6,12,15442,15442.0,0
877384,14,44,70111,70111.0,1953
877419,8,28,36123,36123.0,492
877488,18,43,73378,73378.0,1434
877595,11,33,47306,47306.0,570
877603,11,26,35322,35322.0,695
877609,11,29,46500,46500.0,1771
877630,8,30,34540,34540.0,1474
877654,14,41,66097,66097.0,1747
877730,14,35,49931,49931.0,0
877945,15,40,74459,74459.0,643
878240,15,37,58251,58251.0,340
878281,17,50,69547,69547.0,916
878284,5,14,22943,22943.0,0
878327,0,0,0,0.0,0
878388,18,41,57105,57105.0,456
878510,4,8,16172,16172.0,575
878518,1,2,3016,3016.0,0
878568,15,33,45157,45157.0,1581
878575,16,46,70072,70072.0,0
878582,14,41,57483,57483.0,976
878633,16,44,57250,57250.0,0
878653,14,33,52357,52357.0,1505
878816,1,3,1989,1989.0,0
878909,16,45,69326,69326.0,0
878929,13,34,53813,53813.0,958
879036,16,42,61698,61698.0,1637
879177,13,39,54297,54297.0,993
879185,15,50,66639,66639.0,875
879260,1,1,2090,2090.0,0
879265,16,34,52637,52637.0,494
879416,1,1,966,966.0,589
879462,18,49,65104,65104.0,1008
879506,11,27,48872,48872.0,464
879542,16,50,72679,72679.0,1255
879600,0,0,0,0.0,0
879601,13,28,41629,41629.0,311
879638,0,0,0,0.0,0
879787,15,51,78045,78045.0,565
879812,0,0,0,0.0,0
879844,12,28,40876,40876.0,533
879892,6,18,22819,22819.0,0
879904,14,46,76013,76013.0,2438
879964,6,48,76494,114741.0,669
880033,15,38,67149,67149.0,1774
880065,14,35,63336,63336.0,1276
880099,0,0,0,0.0,0
880205,13,34,47305,47305.0,0
880402,12,33,46278,46278.0,385
880406,17,47,76542,76542.0,0
880436,16,48,93743,93743.0,1073
880505,14,37,50108,50108.0,539
880580,2,2,4562,4562.0,0
880619,7,13,21377,21377.0,0
880681,6,48,84686,127029.0,504
880709,4,6,7011,7011.0,490
880740,9,30,46682,46682.0,454
880805,6,62,99304,148956.0,1317
880849,15,45,64291,64291.0,515
880897,0,0,0,0.0,0
880948,12,30,44858,44858.0,0
881000,10,26,36421,36421.0,1028
881001,11,25,36828,36828.0,2024
881106,2,4,5524,5524.0,0
881142,5,9,9859,9859.0,870
881156,4,7,8800,8800.0,813
881157,14,45,71303,71303.0,1315
881198,16,40,68236,68236.0,351
881304,15,36,54792,54792.0,635
881362,11,31,47015,47015.0,1029
881399,0,0,0,0.0,0
881413,14,42,62338,62338.0,1613
881428,0,0,0,0.0,0
881584,7,49,94499,141748.5,925
881628,6,12,16298,16298.0,0
881741,4,15,23909,23909.0,460
881749,14,46,60813,60813.0,1612
881818,10,32,54997,54997.0,1166
881828,18,43,65003,65003.0,1529
881846,13,31,46484,46484.0,682
881871,14,28,30066,30066.0,875
881943,13,41,62089,62089.0,454
881983,13,39,68394,68394.0,0
882024,3,7,10161,10161.0,0
882025,15,41,53013,53013.0,1456
882044,18,43,77000,77000.0,0
882084,3,9,13886,13886.0,0
882263,18,47,59203,59203.0,1172
882353,13,33,38582,38582.0,1015
882409,9,18,24835,24835.0,2178
882443,0,0,0,0.0,0
882466,15,35,51577,51577.0,1407
882544,17,30,40384,40384.0,1338
882590,15,45,64755,64755.0,2919
882718,16,44,69666,69666.0,489
882725,15,47,63698,63698.0,868
882874,0,0,0,0.0,0
882911,13,28,41882,41882.0,1699
883002,19,52,66260,66260.0,1393
883025,3,7,12256,12256.0,854
883055,15,28,39623,39623.0,985
883056,2,5,8576,8576.0,0
883065,12,29,40066,40066.0,1099
883155,17,43,64188,64188.0,0
883174,17,47,72945,72945.0,1447
883212,16,39,60349,60349.0,1061
883230,17,36,49814,49814.0,400
883242,1,3,6822,6822.0,0
883255,18,49,82205,82205.0,1961
883349,0,0,0,0.0,0
883376,6,87,137438,206157.0,0
883468,6,20,25468,25468.0,375
883489,9,34,61259,61259.0,0
883505,10,32,41142,41142.0,0
883574,13,33,39082,39082.0,2093
883606,0,0,0,0.0,0
883660,16,47,76720,76720.0,548
883693,0,0,0,0.0,0
883702,11,33,34336,34336.0,841
883755,10,28,46030,46030.0,0
883773,8,23,35530,35530.0,0
883816,11,39,64424,64424.0,807
883841,11,37,64050,64050.0,0
883852,14,29,44887,44887.0,1246
883916,0,0,0,0.0,0
883963,16,48,91448,91448.0,589
883968,14,32,58579,58579.0,988
884040,18,58,113720,113720.0,1400
884062,19,54,81091,81091.0,909
884088,14,37,64041,64041.0,1381
884089,16,42,51568,51568.0,1689
884433,15,37,56861,56861.0,1653
884505,14,41,52241,52241.0,461
884522,14,28,43596,43596.0,1481
884530,4,12,19909,19909.0,372
884570,0,0,0,0.0,0
884611,1,3,4548,4548.0,0
884654,0,0,0,0.0,0
884691,13,33,38455,38455.0,798
884708,13,31,45640,45640.0,1642
884844,14,43,62604,62604.0,1728
884875,13,33,40770,40770.0,521
884909,18,59,76409,76409.0,2556
884992,0,0,0,0.0,0
885007,13,42,61487,61487.0,560
885176,6,13,21639,21639.0,416
885210,0,0,0,0.0,0
885274,19,57,92622,92622.0,987
885357,12,36,67795,67795.0,1440
885386,1,5,11855,11855.0,0
885474,15,37,48579,48579.0,0
885480,16,35,54291,54291.0,504
885497,4,44,69640,104460.0,1618
885682,9,31,56218,56218.0,1207
885723,13,41,57532,57532.0,841
885739,12,31,37212,37212.0,548
885763,13,34,57757,57757.0,642
885848,8,23,35255,35255.0,1028
885871,11,29,39378,39378.0,756
885888,13,44,69436,69436.0,1002
885933,11,32,40899,40899.0,1118
886086,11,39,64174,64174.0,1834
886127,11,34,39840,39840.0,466
886227,1,1,1681,1681.0,0
886299,8,16,29960,29960.0,1038
886361,1,2,1504,1504.0,0
886439,16,51,83889,83889.0,812
886677,16,49,76842,76842.0,535
886764,9,24,26831,26831.0,372
886803,3,5,5293,5293.0,519
886876,10,24,37275,37275.0,0
887026,0,0,0,0.0,0
887069,0,0,0,0.0,0
887117,5,18,22624,22624.0,867
887192,5,11,17484,17484.0,543
887209,14,39,51845,51845.0,3067
887228,16,49,82614,82614.0,734
887266,14,39,54033,54033.0,1058
887328,15,42,81044,81044.0,2216
887464,8,20,32300,32300.0,0
887511,10,28,32289,32289.0,545
887605,1,3,3891,3891.0,0
887609,8,52,64880,97320.0,630
887705,0,0,0,0.0,0
887730,14,35,50331,50331.0,1586
887748,18,56,73637,73637.0,887
887892,14,37,60473,60473.0,0
887995,13,41,60491,60491.0,413
888049,14,36,56663,56663.0,0
888115,16,35,48409,48409.0,1477
888131,6,17,21774,21774.0,1098
888291,15,36,64014,64014.0,579
888297,11,25,40879,40879.0,648
888316,1,2,1722,1722.0,465
888357,15,44,76860,76860.0,2306
888404,2,6,8830,8830.0,0
888417,14,30,45503,45503.0,1203
888430,4,13,17795,17795.0,0
888506,16,37,59066,59066.0,361
888649,16,39,52252,52252.0,1110
888901,1,3,5226,5226.0,0
889023,4,9,8176,8176.0,0
889061,15,40,46552,46552.0,2011
889501,4,8,12993,12993.0,0
889525,1,1,824,824.0,0
889569,16,46,73732,73732.0,2557
889671,17,35,44145,44145.0,1754
889687,14,40,67236,67236.0,504
889697,15,42,61192,61192.0,1013
889786,15,32,50656,50656.0,0
889796,15,48,56750,56750.0,2672
889964,0,0,0,0.0,0
890051,14,41,60921,60921.0,499
890232,3,6,8719,8719.0,0
890361,6,16,30143,30143.0,429
890395,15,51,69870,69870.0,1026
890404,6,12,16422,16422.0,434
890437,15,51,59057,59057.0,0
890447,14,42,52258,52258.0,1604
890543,14,38,50145,50145.0,1280
890595,15,42,48574,48574.0,2346
890617,14,45,60340,60340.0,0
890646,7,20,27534,27534.0,0
890650,2,6,4724,4724.0,0
890673,9,21,36857,36857.0,0
890702,27,62,97942,97942.0,3845
890753,9,23,39053,39053.0,723
890839,0,0,0,0.0,0
890882,3,11,14162,14162.0,0
890936,17,49,72962,72962.0,1046
891012,12,37,59067,59067.0,528
891046,6,32,35388,53082.0,891
891097,16,42,57195,57195.0,2490
891105,0,0,0,0.0,0
891128,15,36,51839,51839.0,1478
891179,12,38,60385,60385.0,1056
891218,0,0,0,0.0,0
891233,0,0,0,0.0,0
891237,13,32,40536,40536.0,902
891335,14,36,45908,45908.0,0
891413,16,46,66917,66917.0,2565
891516,4,12,26763,26763.0,0
891604,16,38,59468,59468.0,2266
891647,11,32,37000,37000.0,375
891696,16,51,70389,70389.0,780
891727,12,43,66687,66687.0,469
891790,15,39,50306,50306.0,1671
891810,14,31,45376,45376.0,869
891903,10,21,28989,28989.0,0
891927,0,0,0,0.0,0
891931,4,23,47005,70507.5,604
892000,0,0,0,0.0,0
892022,14,46,65046,65046.0,1224
892066,2,6,13832,13832.0,594
892068,14,34,44565,44565.0,585
892079,15,43,63820,63820.0,1234
892199,13,42,66900,66900.0,0
892219,12,37,60717,60717.0,1567
892227,15,48,69263,69263.0,1460
892258,15,43,68376,68376.0,0
892273,0,0,0,0.0,0
892502,17,40,54161,54161.0,2208
892517,0,0,0,0.0,0
892556,0,0,0,0.0,0
892616,13,39,59346,59346.0,457
892630,2,4,3179,3179.0,0
892632,20,49,80525,80525.0,1945
892639,0,0,0,0.0,0
892701,12,32,39407,39407.0,1512
892723,16,35,53350,53350.0,0
892797,15,50,75418,75418.0,880
892967,11,25,44725,44725.0,649
892994,17,48,71760,71760.0,2418
893040,10,30,42076,42076.0,0
893057,13,31,39288,39288.0,354
893120,6,13,11785,11785.0,587
893127,2,6,8835,8835.0,0
893266,18,39,53180,53180.0,436
893294,16,50,67069,67069.0,343
893375,17,54,86575,86575.0,1639
893376,0,0,0,0.0,0
893427,8,21,22610,22610.0,0
893549,14,47,74261,74261.0,541
893555,1,1,563,563.0,0
893574,7,19,16158,16158.0,351
893632,11,30,49608,49608.0,442
893661,11,28,47877,47877.0,406
893725,12,22,24423,24423.0,1957
893771,14,42,70479,70479.0,446
893789,14,39,61875,61875.0,440
893863,14,41,60494,60494.0,0
893866,9,89,168640,252960.0,1201
893909,12,31,48684,48684.0,570
894041,17,42,59022,59022.0,1225
894048,16,37,55290,55290.0,2482
894099,8,21,31634,31634.0,446
894111,16,45,57723,57723.0,619
894175,12,26,36236,36236.0,355
894322,7,18,25413,25413.0,0
894340,15,44,65788,65788.0,3460
894436,13,36,55566,55566.0,472
894448,17,41,54353,54353.0,2254
894466,13,36,50240,50240.0,782
894478,18,41,58556,58556.0,349
894532,6,65,119612,179418.0,0
894608,15,54,80892,80892.0,973
894620,14,33,47613,47613.0,435
894691,7,20,28734,28734.0,0
894724,3,9,16739,16739.0,0
894788,13,46,66052,66052.0,0
894799,16,38,62899,62899.0,1632
894919,16,40,41328,41328.0,476
895080,1,5,6630,6630.0,0
895085,12,34,48296,48296.0,388
895180,0,0,0,0.0,0
895185,13,45,66275,66275.0,0
895267,15,44,67742,67742.0,1359
895346,17,54,76594,76594.0,501
895433,14,43,51900,51900.0,529
895451,18,51,76158,76158.0,0
895537,13,27,35169,35169.0,1674
895544,16,38,63577,63577.0,0
895560,11,33,55899,55899.0,1255
895601,12,32,49251,49251.0,455
895651,17,39,51841,51841.0,0
895684,15,48,73311,73311.0,1534
895725,18,48,56591,56591.0,1224
895778,2,7,7646,7646.0,0
895821,0,0,0,0.0,0
895878,12,39,44161,44161.0,1191
895921,17,51,76950,76950.0,2308
895972,16,43,60193,60193.0,387
895994,2,2,3291,3291.0,0
896075,15,41,64458,64458.0,1050
896095,14,27,43540,43540.0,1479
896283,6,59,87168,130752.0,0
896331,16,41,46566,46566.0,1034
896372,6,20,26871,26871.0,0
896592,18,47,83183,83183.0,1031
896651,7,11,17882,17882.0,0
896685,0,0,0,0.0,0
896790,17,44,68407,68407.0,1276
896792,17,46,49625,49625.0,1421
896853,6,18,31444,31444.0,870
896861,27,81,124648,124648.0,577
896947,19,53,83565,83565.0,1088
896951,12,26,36260,36260.0,850
897229,12,34,59263,59263.0,599
897293,13,41,65492,65492.0,526
897387,16,43,65382,65382.0,504
897545,4,15,19312,19312.0,364
897673,6,16,18354,18354.0,1083
897716,9,31,50984,50984.0,1188
897728,1,5,7975,7975.0,0
897734,0,0,0,0.0,0
897772,31,70,102967,102967.0,1789
897835,13,39,53436,53436.0,934
897904,11,30,48716,48716.0,1357
898000,18,58,80312,80312.0,431
898119,0,0,0,0.0,0
898122,4,33,60155,90232.5,0
898149,8,23,39963,39963.0,543
898162,14,39,59072,59072.0,479
898229,14,35,58983,58983.0,0
898417,15,39,48667,48667.0,1616
898423,11,40,58601,58601.0,2104
898427,7,64,111392,167088.0,736
898437,13,41,63794,63794.0,1215
898438,14,39,50820,50820.0,759
898495,16,35,50404,50404.0,2276
898514,6,14,25535,25535.0,0
898552,13,35,58387,58387.0,1068
898587,1,2,2446,2446.0,0
898630,16,49,73368,73368.0,1505
898698,16,41,65332,65332.0,1353
898787,15,39,63923,63923.0,1257
898788,13,35,53056,53056.0,830
898887,0,0,0,0.0,0
899009,18,44,78344,78344.0,2373
899271,0,0,0,0.0,0
899287,12,33,51355,51355.0,627
899509,15,36,48612,48612.0,447
899543,0,0,0,0.0,0
899592,14,32,37054,37054.0,1705
899734,0,0,0,0.0,0
899760,26,64,92863,92863.0,1095
899825,12,39,55031,55031.0,1190
899871,16,40,43418,43418.0,447
899883,5,13,20072,20072.0,408
899958,15,48,75224,75224.0,1105
900083,12,24,36406,36406.0,1287
900133,12,33,52163,52163.0,2310
900151,12,39,64701,64701.0,0
900325,1,2,2324,2324.0,0
900331,0,0,0,0.0,0
900359,9,19,30643,30643.0,0
900460,14,37,58984,58984.0,715
900501,11,29,45584,45584.0,341
900505,8,22,36136,36136.0,426
900726,15,32,58473,58473.0,441
900753,8,17,23651,23651.0,482
900795,12,31,44908,44908.0,1035
900801,2,5,6420,6420.0,0
900853,18,48,85188,85188.0,448
900894,13,38,65842,65842.0,1828
900977,0,0,0,0.0,0
901002,6,31,45785,68677.5,538
901049,5,15,25101,25101.0,387
901231,12,27,44172,44172.0,902
901442,10,26,41904,41904.0,1575
901461,3,6,5596,5596.0,760
901478,0,0,0,0.0,0
901520,15,32,52024,52024.0,1320
901550,10,31,39257,39257.0,1512
901578,9,22,37792,37792.0,0
901582,0,0,0,0.0,0
901690,15,43,63819,63819.0,578
901747,10,26,43720,43720.0,310
901758,15,42,61782,61782.0,1461
901775,15,45,58467,58467.0,1140
901780,20,53,91462,91462.0,387
901819,15,45,62009,62009.0,1817
901857,12,28,37511,37511.0,0
901887,4,18,22942,22942.0,0
901954,17,44,46734,46734.0,706
901978,8,23,32049,32049.0,0
901987,14,40,53848,53848.0,0
902015,14,39,56000,56000.0,1200
902040,17,44,72280,72280.0,622
902083,15,38,39441,39441.0,1022
902148,16,48,67140,67140.0,1024
902192,12,24,36609,36609.0,526
902200,0,0,0,0.0,0
902241,13,40,58794,58794.0,700
902277,7,21,34696,52044.0,1661
902298,15,43,85001,85001.0,789
902421,5,16,14237,14237.0,846
902515,19,57,75378,75378.0,645
902555,6,22,30863,30863.0,729
902562,13,40,61857,61857.0,521
902608,28,74,114257,114257.0,2893
902634,2,4,4302,4302.0,0
902679,13,41,63193,63193.0,0
902690,12,31,43862,43862.0,1273
902693,12,35,60316,60316.0,389
902742,2,5,5385,5385.0,0
902833,0,0,0,0.0,0
902852,10,29,46809,46809.0,0
902966,14,40,70151,70151.0,581
902993,0,0,0,0.0,0
903006,11,28,51256,51256.0,0
903146,12,34,45990,45990.0,0
903209,15,35,56454,56454.0,1308
903290,11,33,47502,47502.0,0
903327,12,35,46591,46591.0,547
903359,29,85,115080,115080.0,2324
903379,16,48,70712,70712.0,1733
903496,13,28,45244,45244.0,857
903534,11,29,45116,45116.0,1356
903641,9,87,140350,210525.0,0
903648,15,40,59909,59909.0,0
903679,0,0,0,0.0,0
903797,14,29,41662,41662.0,1669
904114,14,35,54048,54048.0,2204
904283,15,38,48370,48370.0,1712
904300,15,34,49145,49145.0,1608
904304,16,40,65068,65068.0,530
904317,0,0,0,0.0,0
904367,9,28,44185,44185.0,394
904370,2,5,7396,7396.0,0
904378,12,42,70300,70300.0,667
904397,8,22,20843,20843.0,683
904410,0,0,0,0.0,0
904501,15,38,60357,60357.0,625
904512,1,2,2918,2918.0,0
904602,13,25,39993,39993.0,1302
904669,14,38,52276,52276.0,1505
904693,10,25,36918,36918.0,314
904704,13,36,50035,50035.0,0
904736,7,21,34201,34201.0,950
904741,14,35,52416,52416.0,565
904802,2,5,4670,4670.0,0
904805,16,33,52865,52865.0,810
904920,17,38,53424,53424.0,969
904974,1,3,2007,2007.0,0
904992,7,53,94226,141339.0,0
905161,0,0,0,0.0,0
905180,12,30,50766,50766.0,1223
905213,12,32,55483,55483.0,1694
905288,0,0,0,0.0,0
905320,14,34,56401,56401.0,952
905360,7,41,71380,107070.0,0
905469,1,3,6255,6255.0,0
905478,13,37,49772,49772.0,1074
905497,0,0,0,0.0,0
905569,11,22,30026,30026.0,1013
905634,11,33,49122,49122.0,405
905787,14,37,57108,57108.0,445
905806,15,36,56132,56132.0,1177
905854,14,40,64282,64282.0,565
905907,17,51,88548,88548.0,874
905909,14,33,45731,45731.0,2096
906158,14,46,64499,64499.0,501
906178,8,21,34855,34855.0,761
906217,1,1,1621,1621.0,0
906262,14,34,45557,45557.0,2018
906267,18,58,86762,86762.0,1578
906274,3,8,14850,14850.0,375
906316,19,45,67211,67211.0,2753
906346,14,46,77430,77430.0,1728
906396,15,33,65727,65727.0,1275
906428,7,51,68843,103264.5,0
906468,14,31,44962,44962.0,1901
906564,3,6,11039,11039.0,0
906615,13,35,62433,62433.0,0
906623,12,33,54347,54347.0,1841
906715,4,25,44018,66027.0,0
906780,11,29,38879,38879.0,1257
906826,14,40,53567,53567.0,982
906836,11,33,48363,48363.0,0
906848,18,49,78598,78598.0,1124
906852,17,48,83454,83454.0,1784
906884,0,0,0,0.0,0
906946,12,27,28657,28657.0,0
907015,4,11,16574,16574.0,631
907025,14,36,49445,49445.0,1236
907038,9,23,26909,26909.0,506
907077,11,36,54604,54604.0,697
907157,9,27,43789,43789.0,0
907209,13,32,49624,49624.0,976
907252,9,30,45883,45883.0,0
907324,7,12,17379,17379.0,0
907544,13,31,38857,38857.0,2200
907595,1,4,6188,6188.0,408
907636,14,40,66492,66492.0,431
907743,1,5,10225,10225.0,0
907858,13,31,40084,40084.0,1368
907934,13,31,44307,44307.0,1643
907945,0,0,0,0.0,0
907950,13,29,39169,39169.0,339
908006,4,42,78488,117732.0,0
908120,16,41,62906,62906.0,455
908123,15,49,82502,82502.0,2393
908201,0,0,0,0.0,0
908246,15,34,49172,49172.0,413
908248,0,0,0,0.0,0
908301,6,17,18111,18111.0,0
908374,18,56,81424,81424.0,467
908404,15,33,42345,42345.0,1597
908519,16,41,58799,58799.0,1520
908580,15,35,49431,49431.0,1361
908643,11,24,43534,43534.0,0
908728,18,43,61650,61650.0,2188
908729,10,27,41592,41592.0,2334
908759,16,49,73293,73293.0,2246
908801,2,4,7566,7566.0,0
908844,19,48,51130,51130.0,923
908882,4,13,15294,15294.0,0
908994,0,0,0,0.0,0
909020,10,32,41804,41804.0,514
909066,2,6,4690,4690.0,291
909068,4,44,95576,143364.0,0
909075,7,55,74275,111412.5,598
909106,2,8,18181,18181.0,0
909134,13,36,53261,53261.0,1214
909238,7,51,82498,123747.0,2322
909242,15,35,42220,42220.0,1676
909260,15,51,83515,83515.0,0
909262,14,37,55185,55185.0,0
909328,11,31,51270,51270.0,1117
909385,14,31,51905,51905.0,1755
909476,12,35,50758,50758.0,2666
909483,13,32,38443,38443.0,0
909503,14,35,43237,43237.0,1130
909543,15,39,59578,59578.0,2556
909547,4,31,35711,53566.5,0
909677,14,33,47504,47504.0,1222
909727,4,51,78088,117132.0,0
909800,11,24,40833,40833.0,765
909845,11,26,33357,33357.0,360
909854,0,0,0,0.0,0
909880,4,7,10197,10197.0,0
910028,0,0,0,0.0,0
910056,12,37,73728,73728.0,768
910092,0,0,0,0.0,0
910093,1,2,2680,2680.0,0
910142,14,40,59149,59149.0,1007
910157,9,16,22779,22779.0,1070
910336,2,2,2559,2559.0,588
910373,0,0,0,0.0,0
910391,19,43,70517,70517.0,765
910416,2,7,14089,14089.0,545
910492,3,6,7540,7540.0,434
910576,17,43,60930,60930.0,432
910645,3,8,11399,11399.0,688
910716,15,28,39465,39465.0,604
910809,3,11,14517,14517.0,0
910875,12,32,51583,51583.0,483
910969,19,47,64651,64651.0,1283
911003,12,38,57882,57882.0,0
911089,16,33,42833,42833.0,0
911372,14,43,79597,79597.0,1405
911503,12,37,46650,46650.0,956
911525,18,38,67030,67030.0,3983
911585,16,42,55637,55637.0,1026
911655,15,38,54290,54290.0,430
911663,13,33,52976,52976.0,812
911668,13,35,46867,46867.0,1393
911723,2,7,14730,14730.0,0
911744,3,29,25915,38872.5,454
911812,13,34,49231,49231.0,1708
911852,4,15,15422,15422.0,0
911906,16,39,60468,60468.0,2186
911920,13,45,72885,72885.0,700
911971,11,30,43676,43676.0,0
912064,14,39,57952,57952.0,1754
912128,11,38,57114,57114.0,453
912220,0,0,0,0.0,0
912252,13,35,59759,59759.0,324
912293,15,43,67709,67709.0,920
912352,3,7,10075,10075.0,0
912396,15,38,65378,65378.0,1599
912420,17,38,62526,62526.0,1861
912539,11,26,37455,37455.0,1537
912588,13,39,56242,56242.0,797
912633,4,42,69336,104004.0,656
912712,12,29,34991,34991.0,2238
912757,14,45,73160,73160.0,704
912797,12,34,51945,51945.0,0
912864,16,40,63122,63122.0,300
912939,6,19,30498,30498.0,0
912940,3,8,10651,10651.0,0
912957,11,25,36520,36520.0,1430
912984,0,0,0,0.0,0
913060,14,35,51027,51027.0,837
913153,1,1,1165,1165.0,0
913156,14,36,62848,62848.0,1874
913233,13,35,58567,58567.0,1827
913340,13,43,67033,67033.0,745
913449,12,34,43233,43233.0,389
913522,11,31,46686,46686.0,1686
913571,15,45,65075,65075.0,0
913721,12,34,47078,47078.0,1023
913809,0,0,0,0.0,0
913866,16,37,55784,55784.0,0
913895,15,45,68235,68235.0,990
913949,18,46,65654,65654.0,1272
913981,19,53,79308,79308.0,915
914044,16,38,49350,49350.0,963
914074,3,6,6332,6332.0,0
914088,13,39,60106,60106.0,486
914152,15,45,69143,69143.0,731
914255,0,0,0,0.0,0
914316,18,52,74669,74669.0,1293
914352,1,1,956,956.0,0
914368,17,47,80287,80287.0,620
914514,0,0,0,0.0,0
914609,14,43,63618,63618.0,0
914799,6,77,109027,163540.5,0
914920,0,0,0,0.0,0
914937,17,38,56039,56039.0,550
914959,0,0,0,0.0,0
915009,0,0,0,0.0,0
915147,15,36,61140,61140.0,479
915156,17,39,56909,56909.0,1334
915164,0,0,0,0.0,0
915194,13,32,59672,59672.0,581
915198,11,33,48912,48912.0,947
915243,7,18,20965,20965.0,517
915286,15,42,65597,65597.0,818
915287,1,3,4953,4953.0,0
915439,11,32,49247,49247.0,928
915571,8,21,41481,41481.0,510
915638,11,29,46639,46639.0,807
915846,14,38,62482,62482.0,380
915902,9,23,34890,34890.0,0
915927,0,0,0,0.0,0
915933,13,32,55941,55941.0,941
915948,11,28,42074,42074.0,976
916000,16,39,70659,70659.0,1699
916003,0,0,0,0.0,0
916020,12,30,53391,53391.0,1239
916131,14,31,51421,51421.0,1857
916269,12,27,39745,39745.0,386
916300,14,30,41708,41708.0,1606
916317,1,1,1140,1140.0,0
916358,10,31,37848,37848.0,532
916478,6,53,93954,140931.0,411
916594,13,31,40627,40627.0,1422
916634,1,4,8912,8912.0,0
916713,15,46,76179,76179.0,1068
916843,15,33,51430,51430.0,970
916851,13,42,66787,66787.0,941
916880,15,38,50307,50307.0,0
917191,14,43,69188,69188.0,1595
917192,18,53,88470,88470.0,1274
917346,16,42,66841,66841.0,1363
917352,8,19,26314,26314.0,0
917423,15,40,46788,46788.0,0
917585,16,46,67000,67000.0,0
917610,13,40,56739,56739.0,0
917630,11,28,47734,47734.0,0
917685,15,30,51199,51199.0,1634
917725,15,47,76214,76214.0,354
917779,17,43,55646,55646.0,1323
917798,12,40,68943,68943.0,907
917870,14,26,36530,36530.0,0
917972,13,33,49977,49977.0,430
917983,15,43,70056,70056.0,691
917998,15,35,51504,51504.0,1294
918017,4,12,19512,19512.0,0
918021,15,43,68347,68347.0,529
918042,18,53,91076,91076.0,2029
918048,10,29,49060,49060.0,835
918053,17,47,79781,79781.0,933
918112,17,49,72727,72727.0,420
918163,16,46,62749,62749.0,1838
918272,14,40,56507,56507.0,483
918276,18,50,76373,76373.0,0
918326,17,37,52277,52277.0,1286
918341,12,28,42420,42420.0,1185
918350,0,0,0,0.0,0
918397,2,7,11395,11395.0,0
918404,0,0,0,0.0,0
918478,18,42,58358,58358.0,1659
918479,11,36,56730,56730.0,420
918564,12,30,46967,46967.0,0
918631,17,53,74779,74779.0,698
918756,18,51,63977,63977.0,2370
918807,15,42,62907,62907.0,3987
918964,2,3,5009,5009.0,544
918984,17,39,41938,41938.0,605
919055,2,4,6847,6847.0,0
919117,15,38,54220,54220.0,490
919285,13,41,55147,55147.0,582
919329,16,38,64378,64378.0,767
919338,9,27,39539,39539.0,0
919340,13,35,43071,43071.0,1919
919437,19,47,74148,74148.0,986
919463,0,0,0,0.0,0
919506,1,5,7185,7185.0,0
919557,13,39,56336,56336.0,1001
919668,9,30,44195,44195.0,394
919748,12,37,55016,55016.0,1107
919818,15,50,81010,81010.0,1479
919823,16,38,58449,58449.0,1176
919832,6,37,63669,95503.5,0
919888,7,47,67973,101959.5,1023
919889,15,43,59195,59195.0,1505
919894,17,48,80914,80914.0,1545
919922,6,17,21561,21561.0,0
919951,14,47,73880,73880.0,1008
920068,0,0,0,0.0,0
920100,14,30,42513,42513.0,1090
920102,0,0,0,0.0,0
920118,13,30,35926,35926.0,713
920145,8,23,51112,51112.0,959
920162,17,51,61443,61443.0,2349
920171,3,6,12980,12980.0,0
920175,25,67,99232,99232.0,1984
920197,1,4,4956,4956.0,0
920211,6,60,96829,145243.5,564
920321,15,37,46860,46860.0,527
920326,9,65,133009,199513.5,1067
920545,16,48,73068,73068.0,2087
920637,13,30,47478,47478.0,366
920657,6,20,23381,23381.0,440
920716,5,43,80389,120583.5,697
920792,15,40,56677,56677.0,1654
920840,16,35,43490,43490.0,1399
920954,7,49,79325,118987.5,0
920966,17,43,63475,63475.0,2327
921059,9,19,28901,28901.0,543
921102,12,25,42377,42377.0,1094
921130,16,45,69492,69492.0,362
921191,1,4,9620,9620.0,0
921278,16,40,64265,64265.0,1627
921298,15,34,45023,45023.0,1664
921357,15,47,77545,77545.0,1237
921375,13,37,49483,49483.0,1647
921392,2,5,8821,8821.0,0
921403,3,11,19135,19135.0,0
921410,0,0,0,0.0,0
921489,13,35,48053,48053.0,871
921530,7,18,27916,27916.0,698
921563,14,41,63229,63229.0,1062
921624,2,7,14435,14435.0,0
921705,14,48,74439,74439.0,596
921746,0,0,0,0.0,0
921776,6,60,71311,106966.5,0
921777,10,26,47404,47404.0,1265
921886,17,43,76480,76480.0,1178
921899,19,50,71225,71225.0,1203
921903,0,0,0,0.0,0
922000,16,42,60316,60316.0,1228
922047,11,28,43032,43032.0,0
922161,14,46,70802,70802.0,1962
922188,13,31,49636,49636.0,1618
922206,10,28,41711,41711.0,1110
922210,16,41,59807,59807.0,2068
922347,5,18,32257,32257.0,572
922351,18,46,64335,64335.0,1688
922388,16,40,72557,72557.0,824
922484,17,50,67977,67977.0,680
922614,6,31,52959,79438.5,995
922634,13,32,49280,49280.0,432
922665,0,0,0,0.0,0
922703,1,2,4158,4158.0,0
922741,1,1,741,741.0,0
922786,14,42,75479,75479.0,469
922815,15,52,68846,68846.0,424
922926,13,32,51027,51027.0,1646
923041,10,25,39166,39166.0,416
923062,19,49,78528,78528.0,1559
923108,10,28,30503,30503.0,1987
923164,15,33,41383,41383.0,381
923201,10,34,46437,46437.0,0
923234,15,41,63305,63305.0,1174
923268,3,14,22910,34365.0,581
923293,15,41,52419,52419.0,850
923333,16,40,46475,46475.0,921
923336,11,32,51299,51299.0,993
923406,10,26,48541,48541.0,0
923527,13,39,64838,64838.0,697
923560,15,34,58473,58473.0,1507
923680,14,46,53813,53813.0,947
923761,18,43,64143,64143.0,1786
923766,0,0,0,0.0,0
923799,15,29,43435,43435.0,1748
923959,15,42,56874,56874.0,1302
924031,3,6,8044,8044.0,0
924037,15,29,44854,44854.0,824
924056,13,49,64968,64968.0,752
924089,12,35,49053,49053.0,310
924132,16,43,66202,66202.0,1402
924153,10,28,50485,50485.0,659
924173,8,22,34648,34648.0,508
924217,1,2,1136,1136.0,0
924268,8,76,103887,155830.5,0
924405,4,9,18297,18297.0,453
924469,17,45,78363,78363.0,1057
924489,13,43,55996,55996.0,398
924493,17,37,56195,56195.0,1242
924630,17,33,45727,45727.0,1012
924634,11,37,54222,54222.0,1672
924643,14,32,43548,43548.0,2265
924719,15,35,59477,59477.0,299
924724,7,54,81937,122905.5,574
924736,0,0,0,0.0,0
924787,13,45,71174,71174.0,537
924793,16,50,90341,90341.0,1300
924794,17,53,82061,82061.0,0
924796,0,0,0,0.0,0
924878,5,35,33057,49585.5,0
924936,13,36,54083,54083.0,1204
925164,4,12,22161,22161.0,1366
925198,2,6,3838,3838.0,0
925254,14,37,45009,45009.0,1387
925340,16,40,74629,74629.0,2731
925353,17,48,67115,67115.0,0
925385,19,40,68705,68705.0,1994
925413,14,42,56585,56585.0,0
925433,14,37,33915,33915.0,3065
925504,12,32,46969,46969.0,1620
925573,15,41,55798,55798.0,480
925609,14,28,33748,33748.0,0
925767,5,59,81282,121923.0,511
925819,17,46,59779,59779.0,573
925850,3,23,18626,27939.0,0
925918,0,0,0,0.0,0
925978,13,33,55159,55159.0,384
925979,1,3,7425,7425.0,0
926058,1,5,11715,11715.0,0
926083,13,27,44974,44974.0,1778
926106,19,45,64770,64770.0,2416
926129,8,19,25926,25926.0,491
926175,13,38,49923,49923.0,2055
926250,12,38,49231,49231.0,314
926277,18,47,72405,72405.0,0
926300,9,27,36433,36433.0,913
926315,3,7,9234,9234.0,506
926451,12,42,55135,55135.0,888
926494,14,37,52858,52858.0,1349
926531,0,0,0,0.0,0
926609,13,33,50243,50243.0,1047
926611,16,48,63628,63628.0,847
926867,3,12,10303,10303.0,613
926874,4,10,19880,19880.0,0
926961,16,44,68169,68169.0,1159
926967,1,1,1522,1522.0,0
927026,27,65,91394,91394.0,2224
927165,0,0,0,0.0,0
927202,18,52,88705,88705.0,0
927305,13,33,63002,63002.0,576
927339,14,34,48573,48573.0,615
927401,14,33,57053,57053.0,739
927446,7,19,28966,28966.0,464
927559,0,0,0,0.0,0
927676,15,38,51931,51931.0,1308
927703,14,40,56055,56055.0,1203
927721,7,20,28826,28826.0,1194
927848,15,36,62522,62522.0,2274
927887,15,36,53439,53439.0,1268
927937,8,42,69095,103642.5,1025
927943,15,40,61007,61007.0,1583
927975,16,38,63478,63478.0,301
928082,11,30,42057,42057.0,1036
928116,13,32,48270,48270.0,2211
928153,12,35,49915,49915.0,1633
928188,0,0,0,0.0,0
928238,13,41,45925,45925.0,801
928291,19,49,73466,73466.0,2062
928292,16,33,50779,50779.0,1156
928294,15,40,68148,68148.0,0
928354,13,32,51369,51369.0,939
928438,9,77,130621,195931.5,375
928644,13,42,69382,69382.0,1474
928734,5,42,55102,82653.0,0
928804,15,32,40696,40696.0,730
928868,12,33,53071,53071.0,318
928916,13,37,42805,42805.0,576
928922,16,43,70981,70981.0,1119
928942,4,11,25114,37671.0,347
928957,12,30,36597,36597.0,1012
928964,13,38,56791,56791.0,1760
929009,11,29,47389,47389.0,0
929097,11,31,57972,57972.0,1305
929231,0,0,0,0.0,0
929282,12,31,41852,41852.0,0
929302,16,36,49513,49513.0,0
929410,18,48,71331,71331.0,1303
929451,14,40,58197,58197.0,1141
929455,1,5,11415,11415.0,431
929701,17,51,67105,67105.0,588
929707,1,1,1924,1924.0,0
929712,3,7,9372,9372.0,521
929728,18,42,53644,53644.0,417
929871,16,43,61116,61116.0,0
929880,12,41,65693,65693.0,978
929885,13,33,48420,48420.0,1096
929913,15,36,42489,42489.0,1046
929980,16,42,69855,69855.0,411
930041,0,0,0,0.0,0
930089,7,60,96116,144174.0,477
930209,13,33,52185,52185.0,476
930325,14,42,66148,66148.0,330
930337,0,0,0,0.0,0
930489,12,28,52400,52400.0,832
930502,14,37,62489,62489.0,420
930562,14,38,67478,67478.0,2674
930584,16,43,51360,51360.0,468
930620,2,4,7426,7426.0,753
930718,17,53,66249,66249.0,1088
930774,10,21,24108,24108.0,510
930848,18,55,88169,88169.0,2866
930887,0,0,0,0.0,0
930893,11,27,44608,44608.0,1163
930900,12,26,38476,38476.0,1754
930921,12,33,53632,53632.0,1905
931054,4,11,16073,16073.0,0
931097,12,37,56056,56056.0,994
931135,12,40,64969,64969.0,0
931170,0,0,0,0.0,0
931183,12,41,48279,48279.0,762
931238,0,0,0,0.0,0
931244,13,41,59369,59369.0,1869
931247,7,27,40541,40541.0,0
931537,13,29,43565,43565.0,1399
931622,9,21,30729,30729.0,621
931657,14,37,52917,52917.0,1398
931701,0,0,0,0.0,0
931828,0,0,0,0.0,0
931834,0,0,0,0.0,0
931914,15,50,66237,66237.0,1880
932100,0,0,0,0.0,0
932233,6,51,81542,122313.0,379
932244,3,6,12816,12816.0,0
932249,15,41,57350,57350.0,891
932261,0,0,0,0.0,0
932270,15,49,79163,79163.0,1592
932323,0,0,0,0.0,0
932363,8,17,22923,22923.0,432
932405,16,49,66443,66443.0,449
932453,12,32,50449,50449.0,1537
932513,12,31,43709,43709.0,964
932526,10,21,34488,34488.0,1345
932572,16,46,73611,73611.0,398
932599,2,5,8191,8191.0,0
932623,19,58,87588,87588.0,609
932745,10,19,29425,29425.0,0
932748,7,18,22394,22394.0,451
932823,18,51,81965,81965.0,499
932973,19,48,62728,62728.0,1923
933053,6,42,82176,123264.0,626
933187,14,36,52608,52608.0,630
933208,15,37,63619,63619.0,0
933233,17,48,69681,69681.0,1367
933251,5,14,15839,15839.0,0
933259,10,26,32939,32939.0,556
933552,5,20,35098,35098.0,486
933642,14,28,46209,46209.0,1222
933656,14,35,53253,53253.0,2021
933682,5,11,16116,16116.0,492
933707,13,35,48474,48474.0,1353
933779,2,8,12829,12829.0,0
933807,11,31,49760,49760.0,449
933848,16,41,57143,57143.0,0
933865,0,0,0,0.0,0
933968,12,40,59281,59281.0,2219
934134,16,37,47208,47208.0,2219
934150,0,0,0,0.0,0
934212,14,30,45029,45029.0,1320
934235,17,51,69254,69254.0,1331
934267,15,45,69145,69145.0,0
934271,3,5,7367,7367.0,0
934280,10,26,41035,41035.0,0
934529,6,12,21168,21168.0,820
934577,0,0,0,0.0,0
934604,13,41,61242,61242.0,0
934893,16,46,74371,74371.0,0
934912,8,16,26255,26255.0,601
935068,18,49,78471,78471.0,0
935110,5,12,15620,15620.0,409
935161,17,49,76587,76587.0,482
935235,15,42,70431,70431.0,1486
935253,9,23,33475,33475.0,1869
935274,15,41,54991,54991.0,894
935313,2,5,7852,7852.0,873
935328,15,44,65151,65151.0,1916
935420,13,39,51436,51436.0,3617
935504,13,29,35741,35741.0,2057
935570,10,26,32914,32914.0,1057
935665,0,0,0,0.0,0
935738,18,57,86065,86065.0,2089
935836,0,0,0,0.0,0
935862,5,14,19849,19849.0,766
935876,16,57,89824,89824.0,0
936010,1,1,511,511.0,0
936044,0,0,0,0.0,0
936088,6,62,72308,108462.0,0
936211,16,44,67332,67332.0,341
936214,18,38,53222,53222.0,954
936232,0,0,0,0.0,0
936273,16,51,79252,79252.0,840
936305,15,36,51407,51407.0,398
936319,13,40,68382,68382.0,2294
936440,8,19,23476,23476.0,0
936547,16,36,45592,45592.0,587
936570,18,54,85019,85019.0,444
936603,2,4,6787,6787.0,414
936612,8,19,25684,25684.0,632
936723,6,22,23577,23577.0,0
936761,7,53,102650,153975.0,0
936860,0,0,0,0.0,0
937030,16,44,73866,73866.0,0
937065,13,31,46946,46946.0,1238
937071,7,70,94448,141672.0,0
937127,12,30,39502,39502.0,0
937163,18,49,88204,88204.0,1391
937228,15,43,72833,72833.0,1041
937250,15,35,50758,50758.0,392
937254,0,0,0,0.0,0
937312,13,31,54259,54259.0,0
937385,15,38,50703,50703.0,816
937418,18,43,75950,75950.0,1302
937430,12,29,40616,40616.0,1193
937476,14,37,57970,57970.0,473
937484,3,10,14544,14544.0,0
937512,12,34,46447,46447.0,356
937638,13,33,50156,50156.0,1503
937645,14,44,59578,59578.0,716
937662,17,45,60960,60960.0,491
937742,14,29,51024,51024.0,469
937788,16,41,64625,64625.0,953
937849,1,2,2294,2294.0,0
937862,14,33,48803,48803.0,516
937911,16,46,57751,57751.0,1021
937922,15,34,43807,43807.0,943
937946,10,20,29575,29575.0,879
937956,18,44,65775,65775.0,2169
937976,1,3,3819,3819.0,0
938031,16,33,55344,55344.0,0
938093,7,60,99502,149253.0,693
938126,0,0,0,0.0,0
938323,13,43,73162,73162.0,1298
938324,15,36,55805,55805.0,357
938482,4,15,21910,21910.0,0
938516,17,42,66166,66166.0,619
938603,15,46,73615,73615.0,1035
938628,16,44,79807,79807.0,1191
938636,15,32,47628,47628.0,1081
938719,1,1,907,907.0,0
938822,11,30,34013,34013.0,1283
938830,0,0,0,0.0,0
938873,13,34,52629,52629.0,2351
938914,16,35,50389,50389.0,1784
938981,4,38,49606,74409.0,0
939074,0,0,0,0.0,0
939094,20,50,66495,66495.0,1628
939098,15,31,46151,46151.0,762
939103,15,45,54650,54650.0,3567
939204,0,0,0,0.0,0
939238,8,20,32052,32052.0,0
939289,2,3,3755,3755.0,359
939319,15,49,79811,79811.0,435
939320,3,34,51316,76974.0,0
939333,0,0,0,0.0,0
939399,11,24,34770,34770.0,428
939428,14,42,63751,63751.0,460
939431,7,47,57528,86292.0,0
939466,14,33,61290,61290.0,1235
939474,0,0,0,0.0,0
939485,14,43,64267,64267.0,1108
939521,3,9,11505,11505.0,0
939562,18,61,95807,95807.0,400
939571,11,35,45501,45501.0,1978
939593,0,0,0,0.0,0
939683,16,47,83975,83975.0,533
939741,10,25,38086,38086.0,471
939752,16,49,78636,78636.0,0
939760,0,0,0,0.0,0
939766,11,28,49763,49763.0,1362
939856,5,17,23645,23645.0,509
939932,18,59,100186,100186.0,492
939961,15,44,62945,62945.0,1077
939992,8,20,34281,34281.0,820
940156,19,43,59362,59362.0,1775
940187,6,63,76347,114520.5,0
940200,4,44,70664,105996.0,0
940213,18,54,67877,67877.0,1199
940249,10,27,36881,36881.0,516
940256,16,41,65560,65560.0,487
940523,0,0,0,0.0,0
940711,16,43,56460,56460.0,725
940760,13,32,46080,46080.0,1358
940796,12,35,40265,40265.0,1583
940822,16,42,67203,67203.0,784
940874,0,0,0,0.0,0
940901,0,0,0,0.0,0
940904,0,0,0,0.0,0
941064,11,31,50331,50331.0,1904
941092,5,15,24731,24731.0,0
941109,11,32,48564,48564.0,1173
941122,11,34,52583,52583.0,983
941127,12,30,50052,50052.0,0
941170,18,52,76166,76166.0,561
941194,2,6,11517,11517.0,471
941324,3,9,16334,16334.0,0
941361,11,34,52769,52769.0,0
941380,16,37,53521,53521.0,503
941545,7,27,45099,67648.5,973
941621,5,8,9379,9379.0,0
941679,14,38,45723,45723.0,506
941683,18,39,60509,60509.0,442
941719,6,14,20619,20619.0,0
941852,15,37,60707,60707.0,486
941865,14,37,57475,57475.0,0
941882,17,37,60391,60391.0,1076
941984,11,34,39947,39947.0,0
942017,3,9,10873,10873.0,0
942083,15,44,64234,64234.0,1005
942102,14,38,62249,62249.0,1221
942189,2,7,13352,13352.0,0
942191,6,51,82221,123331.5,541
942194,1,3,4299,4299.0,0
942287,0,0,0,0.0,0
942355,17,35,42170,42170.0,1150
942403,11,33,43062,43062.0,670
942413,12,33,47353,47353.0,356
942535,13,32,41013,41013.0,1215
942601,14,38,57286,57286.0,1509
942681,12,36,53867,53867.0,797
942685,2,6,9969,9969.0,585
942703,13,35,49923,49923.0,1900
942779,13,32,49224,49224.0,1218
942819,16,40,65040,65040.0,953
942926,10,25,32583,32583.0,379
942952,0,0,0,0.0,0
942984,7,16,18818,18818.0,415
943048,11,37,49512,49512.0,430
943056,0,0,0,0.0,0
943068,10,28,40343,40343.0,894
943195,6,20,29653,29653.0,0
943211,12,30,50314,50314.0,928
943236,5,12,17227,17227.0,345
943380,9,89,106595,159892.5,0
943393,0,0,0,0.0,0
943425,4,7,9428,9428.0,0
943460,20,50,76764,76764.0,864
943553,18,44,66764,66764.0,507
943602,4,34,48700,73050.0,394
943647,7,57,84314,126471.0,377
943668,3,40,33932,50898.0,365
943756,13,36,56368,56368.0,1200
943775,15,34,41092,41092.0,771
943804,6,54,65239,97858.5,936
943997,5,14,25159,25159.0,0
944035,13,37,56032,56032.0,1455
944093,19,48,65830,65830.0,870
944124,17,48,85394,85394.0,0
944243,6,38,62703,94054.5,0
944261,15,37,62296,62296.0,805
944355,16,43,69731,69731.0,2361
944454,6,14,22904,22904.0,450
944491,4,9,17510,17510.0,913
944506,14,30,35408,35408.0,787
944541,16,50,80364,80364.0,857
944636,16,44,75168,75168.0,1164
944702,8,16,17275,17275.0,0
944750,15,41,61455,61455.0,1086
944810,13,38,58287,58287.0,601
944821,11,29,34789,34789.0,0
944855,15,39,69827,69827.0,1334
944980,13,38,60310,60310.0,847
945014,9,28,51115,51115.0,1110
945015,17,44,61682,61682.0,733
945037,12,31,38185,38185.0,692
945050,0,0,0,0.0,0
945064,14,43,64337,64337.0,0
945091,17,49,59326,59326.0,0
945133,15,37,49775,49775.0,615
945166,16,53,84936,84936.0,1185
945199,6,21,29149,29149.0,0
945379,5,13,17875,17875.0,0
945430,14,40,50070,50070.0,0
945455,5,14,24622,24622.0,0
945479,15,39,53955,53955.0,477
945485,16,43,71133,71133.0,2558
945703,7,52,95349,143023.5,0
945761,4,7,8044,8044.0,423
945765,13,34,54620,54620.0,437
945780,15,47,86716,86716.0,2656
945834,5,34,49372,74058.0,0
945974,17,52,81833,81833.0,934
945996,15,47,60239,60239.0,1589
946001,11,31,47950,47950.0,1033
946061,8,27,35658,35658.0,461
946070,17,50,77290,77290.0,429
946172,10,24,28246,28246.0,1309
946258,11,32,54447,54447.0,1058
946439,0,0,0,0.0,0
946525,15,37,55250,55250.0,438
946645,1,2,3528,3528.0,736
946771,13,44,67408,67408.0,1356
946816,19,55,98165,98165.0,1227
946932,9,16,23445,23445.0,0
946956,0,0,0,0.0,0
946963,3,7,11471,11471.0,1262
946998,14,32,49073,49073.0,2845
947001,18,49,77576,77576.0,1377
947026,15,42,50366,50366.0,1290
947099,12,25,34442,34442.0,1291
947123,3,8,13080,13080.0,525
947158,9,20,28607,28607.0,0
947234,7,27,43517,43517.0,0
947367,16,50,81437,81437.0,2222
947408,15,44,73511,73511.0,0
947467,14,39,56203,56203.0,1848
947497,14,45,66766,66766.0,598
947620,9,23,29256,29256.0,896
947635,13,31,48548,48548.0,0
947641,10,24,45397,45397.0,0
947679,6,56,46546,69819.0,0
947711,17,45,64416,64416.0,754
947750,6,56,88258,132387.0,0
947763,4,14,14956,14956.0,0
947778,0,0,0,0.0,0
947863,12,34,53691,53691.0,1136
947868,11,35,58323,58323.0,1031
947876,15,46,72531,72531.0,1445
947906,17,56,84598,84598.0,1113
948051,17,43,56693,56693.0,1987
948053,18,48,76618,76618.0,1153
948117,17,45,67243,67243.0,1059
948145,15,34,49416,49416.0,911
948325,8,23,24425,24425.0,532
948327,2,7,6715,6715.0,0
948404,11,21,28763,28763.0,2309
948489,15,46,73092,73092.0,2738
948576,12,28,37479,37479.0,1302
948591,10,25,38472,38472.0,969
948616,10,32,50872,50872.0,2081
948658,6,15,16987,16987.0,702
948662,15,39,62923,62923.0,511
948693,14,37,50452,50452.0,1376
948714,16,46,44982,44982.0,2203
948747,13,44,80895,80895.0,810
948783,14,35,49946,49946.0,1783
948785,15,35,60131,60131.0,1351
948815,16,41,76264,76264.0,1544
948825,15,38,56766,56766.0,0
948831,14,39,61946,61946.0,0
948950,12,40,75923,75923.0,436
948961,0,0,0,0.0,0
949134,18,56,84457,84457.0,471
949175,14,36,52309,52309.0,1633
949290,15,39,55915,55915.0,1181
949406,14,39,69747,69747.0,429
949612,1,1,602,602.0,719
949628,0,0,0,0.0,0
949821,8,22,27746,27746.0,941
949829,15,43,59632,59632.0,1827
949890,14,42,74203,74203.0,823
949952,13,34,39390,39390.0,0
949974,6,19,18342,18342.0,385
950029,17,40,60839,60839.0,1382
950107,6,32,52156,78234.0,1161
950193,14,40,53136,53136.0,971
950213,12,29,45771,45771.0,951
950216,7,40,52337,78505.5,556
950252,3,4,4556,4556.0,1460
950304,5,15,30284,30284.0,0
950336,13,33,47129,47129.0,0
950356,16,44,62615,62615.0,368
950390,4,9,11703,11703.0,0
950391,13,36,60801,60801.0,433
950393,13,33,44195,44195.0,1719
950403,16,45,59406,59406.0,2502
950437,16,48,68708,68708.0,1713
950445,15,47,90877,90877.0,3246
950446,20,49,68380,68380.0,0
950467,8,69,74745,112117.5,1202
950593,15,35,59153,59153.0,904
950660,16,39,64518,64518.0,589
950707,18,36,45245,45245.0,579
950832,15,38,55983,55983.0,2104
950896,3,7,9871,9871.0,0
950914,13,38,54261,54261.0,1289
950915,12,39,65486,65486.0,1174
950933,18,44,70162,70162.0,1773
950947,0,0,0,0.0,0
950961,0,0,0,0.0,0
950980,10,29,36279,36279.0,1079
951116,7,15,21069,21069.0,0
951226,15,41,71530,71530.0,897
951353,10,50,72471,108706.5,445
951389,12,28,47580,47580.0,865
951458,14,33,50919,50919.0,1804
951546,6,17,27727,27727.0,550
951616,14,30,42631,42631.0,461
951624,19,48,61608,61608.0,728
951712,15,49,60165,60165.0,557
951719,16,43,66665,66665.0,1385
951746,6,11,16512,16512.0,595
951781,12,36,57668,57668.0,2102
951879,5,48,62908,94362.0,595
951941,15,40,72674,72674.0,908
951954,10,33,48556,48556.0,982
952003,11,28,51271,51271.0,1234
952026,15,41,53916,53916.0,461
952077,14,36,50710,50710.0,0
952093,17,37,53873,53873.0,860
952163,0,0,0,0.0,0
952222,13,27,39075,39075.0,2223
952244,0,0,0,0.0,0
952322,15,43,60908,60908.0,1101
952326,18,44,74249,74249.0,1614
952393,5,15,23533,23533.0,0
952434,0,0,0,0.0,0
952493,16,44,65932,65932.0,619
952532,5,13,20209,20209.0,1092
952545,13,29,46425,46425.0,1640
952573,2,4,5444,5444.0,0
952582,5,45,78396,117594.0,344
952602,6,19,27952,27952.0,0
952629,15,39,49653,49653.0,534
952641,15,39,59087,59087.0,1628
952672,8,59,69642,104463.0,0
952696,7,13,24363,24363.0,1776
952717,17,44,59278,59278.0,746
952730,15,45,65068,65068.0,814
952859,0,0,0,0.0,0
952911,8,18,22496,22496.0,851
952938,17,40,58338,58338.0,2043
952955,18,50,66065,66065.0,0
952959,16,49,68655,68655.0,689
953097,12,35,55681,55681.0,1446
953198,15,34,42696,42696.0,868
953210,5,13,17928,17928.0,778
953281,12,31,44535,44535.0,518
953307,3,7,9355,9355.0,337
953341,14,43,65706,65706.0,1265
953420,3,4,6337,6337.0,0
953431,14,41,62268,62268.0,1349
953448,6,46,74724,112086.0,0
953612,5,14,21946,21946.0,1618
953614,13,33,45896,45896.0,1704
953673,13,37,42998,42998.0,451
953693,16,45,63430,63430.0,1466
953757,3,8,8297,8297.0,680
953784,5,47,87934,131901.0,541
953795,15,38,54208,54208.0,1051
953892,6,20,22847,22847.0,1428
953927,5,8,15514,15514.0,0
954174,15,37,52863,52863.0,0
954231,15,34,50816,50816.0,789
954293,2,4,7500,7500.0,0
954329,4,13,28541,28541.0,0
954424,13,28,41768,41768.0,1040
954453,11,35,64991,64991.0,1030
954454,0,0,0,0.0,0
954558,11,25,39977,39977.0,605
954570,10,31,46447,46447.0,435
954587,3,7,9402,9402.0,0
954599,0,0,0,0.0,0
954718,10,27,39123,39123.0,825
954750,13,42,53499,53499.0,1101
954773,0,0,0,0.0,0
954836,17,46,59614,59614.0,1589
954952,13,39,65382,65382.0,1183
954973,16,44,67952,67952.0,446
955087,9,28,41355,41355.0,0
955130,3,8,11424,11424.0,324
955138,0,0,0,0.0,0
955178,14,30,39720,39720.0,849
955292,9,23,35063,35063.0,954
955424,12,34,56942,56942.0,419
955448,7,15,21612,21612.0,526
955463,15,37,46363,46363.0,834
955479,13,41,60597,60597.0,942
955533,1,5,3140,3140.0,0
955567,3,6,5840,5840.0,0
955633,12,32,54029,54029.0,1218
955649,11,33,36935,36935.0,554
955652,16,50,62886,62886.0,2547
955666,16,45,66189,66189.0,1462
955716,14,35,48101,48101.0,2997
955720,17,53,77224,77224.0,1343
955750,11,30,45639,45639.0,473
955773,5,37,70392,105588.0,0
955991,11,26,46228,46228.0,2403
956005,19,54,82356,82356.0,789
956071,14,39,61301,61301.0,483
956081,5,12,18737,18737.0,1467
956144,17,47,85676,85676.0,2817
956191,13,36,47626,47626.0,1089
956233,0,0,0,0.0,0
956402,14,35,44750,44750.0,552
956438,17,49,61524,61524.0,1536
956477,10,32,43614,43614.0,547
956558,9,28,42843,42843.0,0
956619,11,26,41001,41001.0,542
956630,2,6,9150,9150.0,0
956843,13,33,55179,55179.0,1071
956861,14,42,70225,70225.0,555
956908,12,31,39637,39637.0,0
956946,19,51,78172,78172.0,2079
957008,13,28,40618,40618.0,1499
957061,18,52,86937,86937.0,2203
957127,9,27,42445,42445.0,0
957214,15,36,50389,50389.0,920
957276,9,29,43440,43440.0,1462
957325,3,3,6953,6953.0,0
957377,0,0,0,0.0,0
957413,15,51,71075,71075.0,755
957419,11,26,32769,32769.0,1619
957452,14,32,46957,46957.0,652
957557,11,31,46140,46140.0,761
957571,17,44,59407,59407.0,1248
957572,15,41,69452,69452.0,1391
957628,14,43,68484,68484.0,2250
957686,17,42,65196,65196.0,1780
957764,13,31,54893,54893.0,402
957881,16,45,74394,74394.0,1038
957901,3,9,10991,10991.0,314
957912,7,83,116988,175482.0,0
958005,17,42,49415,49415.0,814
958026,8,20,27680,27680.0,400
958059,17,47,70160,70160.0,603
958143,13,38,54928,54928.0,696
958224,15,40,67473,67473.0,434
958243,12,48,64185,64185.0,1814
958274,16,44,77526,77526.0,494
958283,2,5,4542,4542.0,0
958299,10,24,41953,41953.0,1352
958472,11,28,44549,44549.0,0
958491,21,49,75321,75321.0,1385
958518,3,7,9091,9091.0,0
958544,15,31,47215,47215.0,1265
958687,12,33,42316,42316.0,368
958709,15,41,55365,55365.0,963
958743,1,1,2096,2096.0,486
958767,13,32,59746,59746.0,1905
958791,13,44,54901,54901.0,1950
958800,9,22,29949,29949.0,0
958839,3,9,21320,21320.0,0
958869,0,0,0,0.0,0
958915,6,42,70184,105276.0,0
958923,19,49,79573,79573.0,2491
958931,12,33,49229,49229.0,935
958941,3,23,22287,33430.5,1017
959027,0,0,0,0.0,0
959044,14,32,58593,58593.0,0
959059,11,31,41275,41275.0,591
959137,12,39,59858,59858.0,724
959179,0,0,0,0.0,0
959192,18,45,70846,70846.0,419
959280,15,39,63321,63321.0,377
959364,6,14,12420,12420.0,0
959402,15,44,67627,67627.0,1161
959453,4,9,11930,11930.0,312
959478,11,28,38303,38303.0,1720
959514,6,35,58045,87067.5,0
959673,12,33,40059,40059.0,1611
959728,8,21,25474,25474.0,696
959778,1,2,2892,2892.0,0
959793,17,48,70253,70253.0,0
959821,15,40,72698,72698.0,1087
959977,6,67,74553,111829.5,587
960005,13,33,58768,58768.0,1134
960050,0,0,0,0.0,0
960082,16,49,81462,81462.0,0
960195,10,27,44324,44324.0,1367
960253,1,3,2538,2538.0,559
960309,8,16,27630,27630.0,574
960417,7,64,72834,109251.0,468
960441,13,40,57055,57055.0,1009
960555,0,0,0,0.0,0
960629,12,31,48913,48913.0,1258
960678,0,0,0,0.0,0
960708,14,38,55220,55220.0,1218
960761,0,0,0,0.0,0
960913,15,43,61288,61288.0,885
960934,13,34,52201,52201.0,520
960959,0,0,0,0.0,0
961177,10,20,25485,25485.0,0
961213,5,11,16047,16047.0,311
961218,13,31,42653,42653.0,2088
961264,0,0,0,0.0,0
961331,13,34,48674,48674.0,1272
961427,15,33,53770,53770.0,336
961440,0,0,0,0.0,0
961455,0,0,0,0.0,0
961463,5,37,59959,89938.5,1157
961512,0,0,0,0.0,0
961533,10,26,46735,46735.0,1217
961595,12,29,37524,37524.0,1295
961639,11,33,53270,53270.0,553
961650,3,7,9031,9031.0,0
961682,13,27,42666,42666.0,1502
961837,14,39,50835,50835.0,453
961961,13,25,36811,36811.0,427
961965,14,35,49747,49747.0,567
961978,17,45,71620,71620.0,1131
962011,14,39,67111,67111.0,1903
962055,0,0,0,0.0,0
962267,8,18,24099,24099.0,746
962278,5,50,53668,80502.0,462
962455,18,50,76314,76314.0,957
962472,3,4,5547,5547.0,0
962480,0,0,0,0.0,0
962566,7,24,38717,38717.0,0
962600,0,0,0,0.0,0
962637,12,28,47462,47462.0,1199
962657,14,38,55116,55116.0,0
962661,15,40,65311,65311.0,1263
962730,10,29,46247,46247.0,805
962801,10,30,40762,40762.0,1036
962989,17,42,69614,69614.0,0
963016,16,45,63482,63482.0,1112
963036,15,41,76922,76922.0,430
963067,17,47,81469,81469.0,328
963100,11,33,42846,42846.0,518
963170,4,7,13233,13233.0,0
963410,15,33,43205,43205.0,1423
963464,14,35,48065,48065.0,458
963473,13,38,56974,56974.0,1077
963487,16,44,68851,68851.0,658
963502,14,37,57241,57241.0,2779
963523,13,32,52493,52493.0,419
963541,9,23,30042,30042.0,0
963595,13,27,37755,37755.0,0
963619,7,65,90590,135885.0,470
963642,13,30,43928,43928.0,857
963644,10,27,39078,39078.0,915
963690,7,22,31189,31189.0,0
963757,11,31,38674,38674.0,504
963814,20,49,71508,71508.0,382
963921,0,0,0,0.0,0
963985,13,33,48840,48840.0,364
964047,14,21,32834,32834.0,2283
964151,10,28,29993,29993.0,0
964159,17,44,72914,72914.0,0
964206,2,6,7318,7318.0,1125
964744,9,17,25181,25181.0,1317
964789,15,44,76586,76586.0,734
964791,6,16,24284,24284.0,415
965012,16,52,75286,75286.0,1065
965066,5,18,30345,30345.0,0
965079,13,36,49585,49585.0,533
965116,11,26,37972,37972.0,387
965154,4,10,13347,13347.0,923
965254,5,53,96980,145470.0,0
965482,12,33,62241,62241.0,1020
965590,13,38,70119,70119.0,625
965605,31,75,108870,108870.0,3550
965674,16,41,59688,59688.0,2339
965688,13,32,47613,47613.0,685
965691,0,0,0,0.0,0
965698,13,37,44461,44461.0,429
965713,13,38,59023,59023.0,1602
965751,6,13,19416,19416.0,0
965758,10,27,36064,36064.0,1041
965948,16,48,67491,67491.0,1392
966059,17,51,82831,82831.0,1226
966089,2,5,9422,9422.0,0
966117,13,35,48144,48144.0,2422
966142,7,18,24847,24847.0,1268
966204,9,21,31897,31897.0,1235
966210,8,67,119154,178731.0,424
966227,6,17,27305,27305.0,0
966285,11,27,33107,33107.0,505
966350,3,5,9167,9167.0,0
966372,18,49,71590,71590.0,0
966389,14,38,53428,53428.0,459
966391,11,27,45772,45772.0,1723
966512,7,17,26743,26743.0,655
966580,11,32,49738,49738.0,2349
966688,0,0,0,0.0,0
966698,4,12,12232,12232.0,0
966729,15,40,56623,56623.0,0
966797,16,40,64152,64152.0,1506
966891,13,32,54311,54311.0,0
966920,7,19,27811,27811.0,553
966949,0,0,0,0.0,0
966953,16,32,46044,46044.0,1804
967017,21,65,93371,93371.0,1014
967032,8,17,31547,31547.0,0
967035,16,53,82371,82371.0,1381
967093,9,30,32355,32355.0,490
967150,14,35,49192,49192.0,878
967233,0,0,0,0.0,0
967241,18,48,72665,72665.0,437
967253,10,19,28153,28153.0,0
967274,4,15,22206,22206.0,0
967298,16,47,72892,72892.0,1145
967300,2,36,47688,71532.0,536
967347,10,25,41248,41248.0,1030
967443,12,29,40439,40439.0,625
967462,13,35,65175,65175.0,1063
967490,13,24,30338,30338.0,1442
967500,4,28,36636,54954.0,520
967502,7,14,22965,22965.0,528
967628,13,37,52938,52938.0,827
967634,1,1,2026,2026.0,0
967637,15,38,69561,69561.0,1229
967693,6,14,15533,15533.0,1929
967727,3,8,13708,13708.0,0
967738,0,0,0,0.0,0
967772,15,44,55400,55400.0,1001
967819,0,0,0,0.0,0
967838,12,38,60810,60810.0,1003
967883,17,44,67171,67171.0,2028
967904,13,39,50572,50572.0,2287
967966,13,38,60261,60261.0,0
968034,28,80,107607,107607.0,1046
968064,8,26,41175,41175.0,1872
968090,11,36,48644,48644.0,0
968225,13,37,66387,66387.0,423
968253,14,32,52311,52311.0,0
968312,14,39,71380,71380.0,1007
968325,12,40,56420,56420.0,1425
968370,19,57,76679,76679.0,1262
968447,12,42,68779,68779.0,0
968450,12,32,44006,44006.0,311
968484,15,32,42962,42962.0,540
968497,12,29,48385,48385.0,1860
968608,15,58,91251,91251.0,1335
968632,15,42,57865,57865.0,477
968638,10,26,37709,37709.0,1155
968666,11,30,41400,41400.0,0
968671,14,38,45252,45252.0,1369
968764,4,34,65873,98809.5,0
968807,14,41,63398,63398.0,1184
968828,5,12,21418,21418.0,0
968842,2,4,7707,7707.0,0
968867,0,0,0,0.0,0
968943,13,27,41293,41293.0,2574
969053,12,30,48694,48694.0,0
969092,19,55,74309,74309.0,1121
969165,6,38,45234,67851.0,475
969219,2,3,2642,2642.0,0
969277,8,22,29116,29116.0,0
969313,19,54,82282,82282.0,1908
969318,31,76,116476,116476.0,1070
969342,13,32,52800,52800.0,442
969350,14,33,36362,36362.0,1947
969360,13,39,60229,60229.0,489
969378,11,28,32209,32209.0,582
969483,11,33,37965,37965.0,410
969485,11,22,31969,31969.0,1738
969500,13,33,46952,46952.0,361
969586,16,51,77053,77053.0,2233
969616,15,30,46435,46435.0,1543
969617,5,50,92970,139455.0,0
969626,12,33,61579,61579.0,0
969632,15,34,60595,60595.0,3577
969653,7,21,25149,25149.0,0
969687,16,34,56121,56121.0,961
969689,14,44,73619,73619.0,2043
969719,1,1,2496,2496.0,536
969732,15,43,80497,80497.0,0
969764,16,41,65921,65921.0,646
969800,0,0,0,0.0,0
969810,13,34,47000,47000.0,1061
969860,0,0,0,0.0,0
969913,16,46,66478,66478.0,1327
969924,17,46,69357,69357.0,383
969933,14,42,79400,79400.0,520
969938,10,27,35630,35630.0,321
970014,4,11,10727,10727.0,508
970092,13,36,53276,53276.0,1046
970102,16,45,53214,53214.0,1399
970152,3,6,7297,7297.0,0
970154,16,49,75208,75208.0,1604
970195,12,35,54433,54433.0,391
970351,7,59,87577,131365.5,0
970401,0,0,0,0.0,0
970576,6,17,30517,30517.0,1041
970637,13,30,43313,43313.0,0
970639,15,42,68029,68029.0,1213
970706,16,46,56179,56179.0,2656
970746,19,58,84866,84866.0,355
970783,6,21,31030,31030.0,436
970964,16,34,49148,49148.0,2131
970976,15,42,61667,61667.0,1218
971030,0,0,0,0.0,0
971097,12,36,48977,48977.0,927
971107,16,44,72046,72046.0,670
971142,16,50,73339,73339.0,1308
971157,11,29,48563,48563.0,0
971164,15,48,64788,64788.0,2101
971318,15,44,52047,52047.0,941
971370,24,66,103584,103584.0,1034
971488,15,46,61449,61449.0,1696
971528,14,41,59818,59818.0,384
971581,17,43,66911,66911.0,1324
971582,15,34,53852,53852.0,563
971599,9,25,32565,32565.0,1081
971608,1,1,1865,1865.0,0
971609,8,19,25977,25977.0,0
971627,14,34,34956,34956.0,1741
971637,13,39,58570,58570.0,635
971670,3,36,72004,108006.0,0
971902,0,0,0,0.0,0
971987,17,45,70864,70864.0,480
972121,18,47,79765,79765.0,1590
972129,16,41,60088,60088.0,1460
972157,19,47,91372,91372.0,925
972222,11,33,46931,46931.0,541
972298,15,39,55700,55700.0,1366
972462,0,0,0,0.0,0
972581,12,28,30777,30777.0,1145
972636,11,29,48419,48419.0,969
972648,10,71,119742,179613.0,374
972671,2,6,8688,8688.0,1007
972673,14,41,67643,67643.0,436
972686,29,69,99373,99373.0,427
972732,18,59,88369,88369.0,967
972787,5,18,31314,31314.0,0
972791,3,13,18415,18415.0,0
972795,11,29,40566,40566.0,950
972954,6,16,12053,12053.0,377
972964,7,20,40202,40202.0,502
972994,16,48,71022,71022.0,421
973059,3,4,5305,5305.0,0
973060,10,29,38438,38438.0,0
973070,0,0,0,0.0,0
973104,4,7,7522,7522.0,1046
973111,16,40,55185,55185.0,2295
973112,11,37,71329,71329.0,0
973168,14,41,65263,65263.0,1222
973357,15,45,66900,66900.0,879
973407,3,7,9131,9131.0,610
973485,16,43,65687,65687.0,1133
973524,16,40,60668,60668.0,2005
973609,1,1,2221,2221.0,0
973728,14,38,38918,38918.0,1238
973846,8,55,82691,124036.5,1108
973860,15,41,49606,49606.0,736
973897,11,31,50967,50967.0,1315
973921,9,30,47195,47195.0,725
973951,12,36,51241,51241.0,1467
974041,14,42,64455,64455.0,1080
974114,18,47,55051,55051.0,2206
974189,0,0,0,0.0,0
974209,13,30,51678,51678.0,1621
974265,4,22,32852,49278.0,485
974330,17,41,68371,68371.0,1606
974441,6,16,27578,27578.0,0
974500,13,42,59346,59346.0,0
974606,16,36,64534,64534.0,856
974617,15,45,60666,60666.0,440
974630,15,39,52941,52941.0,783
974715,2,6,7806,7806.0,0
974738,0,0,0,0.0,0
974758,4,48,57084,85626.0,376
974777,16,50,84264,84264.0,1668
974829,11,27,41191,41191.0,0
974848,5,12,23183,23183.0,0
974875,30,77,131173,131173.0,3505
975181,7,16,22331,22331.0,0
975199,14,41,64147,64147.0,613
975212,0,0,0,0.0,0
975218,3,9,16253,16253.0,0
975298,17,44,67651,67651.0,0
975309,13,40,66616,66616.0,1644
975387,13,45,69029,69029.0,343
975407,11,31,62238,62238.0,1518
975412,16,39,52742,52742.0,0
975466,1,4,8544,8544.0,0
975477,15,40,50717,50717.0,655
975497,16,32,46206,46206.0,700
975531,1,2,3328,3328.0,0
975613,4,12,15075,15075.0,492
975614,15,45,67245,67245.0,399
975692,0,0,0,0.0,0
975749,20,56,84769,84769.0,2950
975767,14,41,66008,66008.0,1908
975846,15,41,62901,62901.0,1379
975918,20,59,96908,96908.0,1311
975944,13,32,47355,47355.0,1286
975949,12,43,70926,70926.0,0
976004,4,9,14046,14046.0,1064
976007,15,36,52530,52530.0,474
976153,16,45,80109,80109.0,1095
976307,17,41,55338,55338.0,382
976330,0,0,0,0.0,0
976413,16,46,57838,57838.0,1215
976423,17,61,96968,96968.0,334
976489,8,23,40887,40887.0,840
976513,16,44,68242,68242.0,1468
976529,11,30,47278,47278.0,0
976596,15,46,68155,68155.0,807
976605,17,36,55020,55020.0,961
976623,16,43,70356,70356.0,394
976636,10,31,44973,44973.0,943
976695,13,39,61570,61570.0,578
976700,13,28,39478,39478.0,549
976831,0,0,0,0.0,0
976834,1,3,6576,6576.0,0
977037,3,6,8078,8078.0,0
977080,15,40,56961,56961.0,2880
977178,11,30,39412,39412.0,1308
977236,2,5,4376,4376.0,0
977244,18,47,65314,65314.0,2486
977274,14,42,64561,64561.0,0
977303,15,37,64597,64597.0,505
977305,15,35,66835,66835.0,875
977363,5,15,26719,26719.0,0
977377,6,22,24611,24611.0,0
977523,15,44,46836,46836.0,0
977550,14,31,51860,51860.0,456
977676,1,5,6230,6230.0,0
977693,5,34,46025,69037.5,732
977916,17,44,72028,72028.0,1328
978040,3,10,20038,20038.0,746
978048,11,18,25955,25955.0,1149
978130,14,37,60445,60445.0,0
978349,15,35,50887,50887.0,1458
978484,11,41,66026,66026.0,0
978654,14,35,46043,46043.0,1272
978676,14,47,73063,73063.0,367
978712,1,1,2379,2379.0,0
978907,0,0,0,0.0,0
978934,0,0,0,0.0,0
979010,13,36,51641,51641.0,511
979053,14,35,47055,47055.0,2135
979075,5,54,80140,120210.0,0
979115,19,32,42893,42893.0,1048
979135,7,40,52160,78240.0,0
979168,0,0,0,0.0,0
979262,14,34,49494,49494.0,0
979309,11,32,49776,49776.0,818
979330,3,11,19322,19322.0,0
979355,15,42,68395,68395.0,725
979389,14,44,67096,67096.0,845
979449,9,24,44303,44303.0,1920
979467,14,36,48484,48484.0,428
979548,18,46,60568,60568.0,919
979575,14,45,83697,83697.0,0
979598,13,39,58220,58220.0,379
979634,14,41,65811,65811.0,1395
979639,16,51,67858,67858.0,944
979644,18,43,63693,63693.0,1132
979703,18,41,64092,64092.0,2728
979776,14,51,78031,78031.0,0
979901,9,25,47138,47138.0,404
979983,9,28,43779,43779.0,579
980145,0,0,0,0.0,0
980198,10,23,39983,39983.0,978
980338,15,42,60303,60303.0,609
980414,13,33,62951,62951.0,376
980478,14,35,45861,45861.0,1976
980494,4,11,22494,22494.0,534
980575,12,34,41020,41020.0,1826
980651,12,39,44845,44845.0,402
980761,13,40,63740,63740.0,741
980788,7,85,102219,153328.5,511
980837,8,20,21684,21684.0,1796
980856,15,39,71857,71857.0,1708
980915,13,29,45916,45916.0,1025
980935,15,29,50414,50414.0,0
980952,13,31,43481,43481.0,629
981091,16,53,76207,76207.0,896
981117,8,23,33503,33503.0,1085
981150,16,48,74792,74792.0,498
981160,17,51,93268,93268.0,1007
981195,12,32,43448,43448.0,1098
981198,4,9,10639,10639.0,0
981201,14,38,69301,69301.0,1344
981220,4,9,12241,12241.0,328
981304,16,37,56661,56661.0,623
981343,13,40,64708,64708.0,1332
981395,17,49,81954,81954.0,481
981427,13,43,64479,64479.0,1077
981434,16,38,47309,47309.0,0
981508,12,32,46604,46604.0,518
981536,18,55,79211,79211.0,1444
981581,16,44,65989,65989.0,643
981664,16,52,86573,86573.0,1014
981674,15,41,71729,71729.0,1404
981691,12,27,45095,45095.0,0
981737,13,31,47236,47236.0,435
981848,13,42,57619,57619.0,450
981851,13,37,56327,56327.0,1430
981920,15,41,48771,48771.0,1079
982017,14,38,53758,53758.0,1405
982059,14,33,52185,52185.0,751
982096,13,34,38796,38796.0,1452
982202,7,19,27413,27413.0,0
982296,12,32,41673,41673.0,1048
982416,14,40,62585,62585.0,1859
982433,4,47,37264,55896.0,0
982446,10,28,38605,38605.0,562
982501,7,21,27084,27084.0,516
982508,15,32,45786,45786.0,503
982528,4,7,10357,10357.0,0
982535,14,32,46142,46142.0,1555
982542,5,13,17338,17338.0,466
982543,2,3,2192,2192.0,421
982578,16,49,62094,62094.0,1492
982608,4,9,12296,12296.0,871
982715,15,33,56200,56200.0,1674
982895,0,0,0,0.0,0
982969,19,41,57383,57383.0,2102
983130,7,80,104638,156957.0,419
983199,1,5,8330,8330.0,0
983242,17,50,83982,83982.0,1349
983353,0,0,0,0.0,0
983393,11,21,31985,31985.0,3985
983416,9,100,137068,205602.0,0
983440,0,0,0,0.0,0
983450,0,0,0,0.0,0
983524,8,71,118872,178308.0,575
983551,11,31,39039,39039.0,1972
983713,13,32,50387,50387.0,491
983809,10,68,132716,199074.0,477
983810,0,0,0,0.0,0
983822,13,44,62665,62665.0,564
983855,5,15,18214,18214.0,0
983872,2,8,8061,8061.0,0
983900,13,45,69198,69198.0,0
983968,17,48,71546,71546.0,2017
984055,5,22,22609,33913.5,0
984086,14,39,65707,65707.0,1247
984115,12,28,33574,33574.0,451
984180,0,0,0,0.0,0
984290,7,21,32158,32158.0,543
984409,16,37,55674,55674.0,1302
984429,14,38,62240,62240.0,884
984545,16,42,60509,60509.0,535
984636,16,35,63078,63078.0,742
984713,2,5,9871,9871.0,556
984798,15,42,64667,64667.0,807
984824,6,44,56986,85479.0,0
984878,12,29,43139,43139.0,1192
984968,0,0,0,0.0,0
985115,4,14,13058,13058.0,0
985183,15,44,64397,64397.0,452
985211,12,27,39593,39593.0,436
985266,19,46,71952,71952.0,1612
985320,2,5,8718,8718.0,0
985341,13,40,48508,48508.0,1008
985374,16,39,54555,54555.0,1540
985427,1,2,2502,2502.0,0
985516,15,34,59909,59909.0,485
985622,0,0,0,0.0,0
985707,5,17,28603,28603.0,1534
985757,17,41,66635,66635.0,704
985765,16,43,66188,66188.0,2130
985839,12,32,46362,46362.0,0
986018,13,32,59182,59182.0,0
986055,15,40,62308,62308.0,0
986086,13,42,65707,65707.0,1684
986126,0,0,0,0.0,0
986143,15,37,53431,53431.0,1640
986208,11,28,43902,43902.0,1241
986217,16,43,68362,68362.0,2160
986288,17,51,65209,65209.0,544
986421,12,24,27119,27119.0,1555
986461,9,25,37058,37058.0,315
986507,12,31,45301,45301.0,994
986551,16,46,72497,72497.0,908
986623,9,19,26837,26837.0,899
986792,6,33,50086,75129.0,0
986825,12,25,45493,45493.0,615
987122,14,39,53648,53648.0,0
987153,13,34,54909,54909.0,472
987171,16,39,60741,60741.0,1319
987205,11,30,47524,47524.0,0
987221,13,38,54011,54011.0,523
987347,13,33,51960,51960.0,1022
987425,11,40,58306,58306.0,3958
987482,11,28,34732,34732.0,0
987530,12,33,50221,50221.0,646
987612,14,44,62999,62999.0,777
987921,17,48,83822,83822.0,1041
987978,9,23,29706,29706.0,1257
988043,10,35,55791,55791.0,440
988149,8,20,21659,21659.0,0
988178,20,63,86527,86527.0,1190
988223,1,3,6834,6834.0,0
988234,0,0,0,0.0,0
988249,14,35,58448,58448.0,1491
988307,16,56,74733,74733.0,0
988345,16,47,88052,88052.0,439
988392,30,84,122239,122239.0,3787
988419,7,36,71188,106782.0,0
988510,13,35,47697,47697.0,1058
988552,0,0,0,0.0,0
988594,4,16,27847,27847.0,0
988638,14,36,43926,43926.0,523
988691,10,29,51541,51541.0,538
988728,5,38,54184,81276.0,0
988839,0,0,0,0.0,0
988921,19,41,62156,62156.0,1254
988927,0,0,0,0.0,0
989040,0,0,0,0.0,0
989048,14,45,75402,75402.0,475
989067,2,7,9522,9522.0,999
989081,0,0,0,0.0,0
989134,15,43,65194,65194.0,498
989148,10,27,44337,44337.0,550
989154,11,33,42091,42091.0,1407
989220,0,0,0,0.0,0
989256,13,35,56063,56063.0,1581
989262,10,23,27026,27026.0,479
989406,4,29,45020,67530.0,509
989429,0,0,0,0.0,0
989473,10,19,31441,31441.0,434
989478,18,41,63761,63761.0,0
989527,4,34,48846,73269.0,1318
989528,18,45,66031,66031.0,0
989568,9,19,23545,23545.0,1029
989658,0,0,0,0.0,0
989666,17,40,56446,56446.0,1468
989746,13,32,48891,48891.0,343
989802,18,55,80032,80032.0,741
989816,16,44,64108,64108.0,879
989837,1,5,4485,4485.0,0
989986,12,37,45164,45164.0,1271
990077,17,40,57823,57823.0,385
990122,0,0,0,0.0,0
990204,13,38,57056,57056.0,594
990218,12,30,48479,48479.0,945
990268,19,45,63538,63538.0,1004
990512,4,11,15851,15851.0,0
990595,15,31,50287,50287.0,572
990598,13,33,48828,48828.0,362
990728,1,4,8020,8020.0,0
990905,15,45,65640,65640.0,2706
990918,14,36,64136,64136.0,2213
990933,14,41,61518,61518.0,1243
990947,0,0,0,0.0,0
990955,15,44,81045,81045.0,998
991050,15,30,39204,39204.0,1572
991056,7,20,17688,17688.0,440
991084,12,28,48259,48259.0,591
991090,10,25,35740,35740.0,0
991189,2,4,2352,2352.0,497
991210,2,10,17665,17665.0,632
991213,5,15,18995,18995.0,0
991230,16,50,75006,75006.0,2349
991275,0,0,0,0.0,0
991356,15,40,61185,61185.0,1377
991371,0,0,0,0.0,0
991419,8,15,24430,24430.0,1467
991442,7,25,44435,44435.0,0
991529,18,51,68375,68375.0,1085
991568,18,48,72262,72262.0,422
991627,3,5,7415,7415.0,1056
991638,10,27,38514,38514.0,1528
991672,11,33,61906,61906.0,976
991893,21,56,96999,96999.0,3200
991924,18,49,78935,78935.0,540
991983,1,3,4740,4740.0,0
992002,15,34,53239,53239.0,1536
992028,17,50,73906,73906.0,1685
992065,3,10,15566,15566.0,0
992072,18,51,67440,67440.0,555
992168,28,74,107520,107520.0,1884
992194,11,34,44755,44755.0,1840
992268,13,30,41795,41795.0,513
992476,12,32,35247,35247.0,1106
992488,10,23,34889,34889.0,738
992499,1,3,6417,6417.0,0
992524,11,23,35221,35221.0,0
992538,11,24,28054,28054.0,744
992542,0,0,0,0.0,0
992631,0,0,0,0.0,0
992769,4,16,20176,20176.0,0
992854,13,30,46417,46417.0,1176
992886,8,18,30524,30524.0,593
992930,15,34,54269,54269.0,867
992985,13,36,56754,56754.0,1274
992986,13,42,64995,64995.0,2523
993054,18,53,79819,79819.0,2501
993058,12,29,39441,39441.0,1518
993170,6,80,140480,210720.0,392
993241,8,65,66217,99325.5,1216
993266,18,51,57675,57675.0,1566
993271,18,49,84981,84981.0,807
993328,17,50,80377,80377.0,467
993350,0,0,0,0.0,0
993650,13,32,42274,42274.0,1218
993986,12,27,34487,34487.0,1557
994044,7,16,21742,21742.0,0
994219,2,2,2255,2255.0,0
994225,15,48,75785,75785.0,1157
994285,12,22,39273,39273.0,394
994308,9,17,26771,26771.0,0
994374,17,49,74859,74859.0,904
994377,16,47,85207,85207.0,569
994443,14,38,56646,56646.0,732
994541,16,37,50307,50307.0,1298
994571,12,34,59262,59262.0,496
994609,16,46,80855,80855.0,2315
994676,16,51,70521,70521.0,1057
994679,4,9,8404,8404.0,0
994707,12,29,48882,48882.0,0
994763,10,20,32522,32522.0,939
994803,0,0,0,0.0,0
994877,11,28,40476,40476.0,0
994940,17,51,76829,76829.0,1936
994993,15,39,64592,64592.0,2263
995079,0,0,0,0.0,0
995091,8,16,25024,25024.0,506
995128,13,45,57505,57505.0,425
995142,16,34,46044,46044.0,1604
995333,15,38,55056,55056.0,316
995404,0,0,0,0.0,0
995527,14,40,61915,61915.0,558
995662,14,40,63267,63267.0,525
995693,4,9,14812,14812.0,0
995695,17,33,50845,50845.0,603
995734,13,33,57520,57520.0,1733
995777,13,46,61874,61874.0,0
995812,3,10,18786,18786.0,432
995868,2,6,9837,9837.0,0
995877,7,20,29588,29588.0,501
995943,0,0,0,0.0,0
996086,11,28,50547,50547.0,534
996152,9,24,34467,34467.0,1312
996159,0,0,0,0.0,0
996231,0,0,0,0.0,0
996238,17,55,82238,82238.0,1545
996254,14,34,49367,49367.0,472
996301,2,3,4186,4186.0,0
996333,17,47,82532,82532.0,0
996349,12,32,49619,49619.0,1034
996488,16,44,82123,82123.0,1534
996539,11,38,61809,61809.0,0
996616,21,56,80950,80950.0,0
996639,18,54,80975,80975.0,1047
996686,11,34,60947,60947.0,626
996745,15,45,77244,77244.0,1409
996794,13,32,42483,42483.0,0
996796,15,44,74561,74561.0,2238
996896,18,38,68458,68458.0,340
996900,19,46,76092,76092.0,1281
996984,3,12,21700,21700.0,0
996989,10,35,51273,51273.0,1228
996997,16,45,79014,79014.0,426
997008,0,0,0,0.0,0
997121,4,11,14675,14675.0,471
997189,16,38,46528,46528.0,1514
997322,2,2,2490,2490.0,0
997359,11,26,32143,32143.0,801
997370,5,19,25337,25337.0,0
997395,11,31,49777,49777.0,926
997434,18,45,63192,63192.0,1255
997439,17,41,50686,50686.0,1385
997478,14,38,48718,48718.0,1764
997539,11,31,47453,47453.0,1382
997599,12,35,55684,55684.0,633
997653,3,8,13560,13560.0,309
997654,12,30,46844,46844.0,390
997710,6,16,24009,24009.0,632
997741,8,17,21134,21134.0,462
997857,0,0,0,0.0,0
997912,0,0,0,0.0,0
997945,13,42,76590,76590.0,1438
997964,11,35,46469,46469.0,2173
998061,3,4,6527,6527.0,0
998072,9,24,44291,44291.0,0
998078,12,32,51589,51589.0,1208
998085,17,38,46228,46228.0,469
998090,16,34,48822,48822.0,1559
998112,14,35,54107,54107.0,1082
998192,4,48,75668,113502.0,648
998465,10,30,37153,37153.0,0
998507,13,34,62748,62748.0,794
998580,19,50,67481,67481.0,1121
998776,7,18,26127,26127.0,443
998820,16,45,74925,74925.0,1909
998934,14,37,53830,53830.0,1394
998972,10,23,32334,32334.0,2201
999120,16,39,48306,48306.0,583
999143,0,0,0,0.0,0
999272,16,45,63018,63018.0,2509
999304,5,15,19451,19451.0,809
999460,0,0,0,0.0,0
999498,14,40,58400,58400.0,2908
999513,11,27,30046,30046.0,487
999524,14,41,51486,51486.0,685
999550,15,39,60269,60269.0,1227
999589,6,23,38001,38001.0,610
999631,17,45,55677,55677.0,862
999731,6,15,29566,29566.0,407
999758,2,4,5548,5548.0,573
999788,6,12,23294,23294.0,361
999891,0,0,0,0.0,414
999902,18,50,83725,83725.0,876
999911,0,0,0,0.0,0
999940,6,18,28275,28275.0,672
999982,3,6,8323,8323.0,0
999986,6,40,58801,88201.5,1199
